[debug] [2026-04-11T22:18:24.523Z] > command requires scopes: ["email","openid","https://www.googleapis.com/auth/cloudplatformprojects.readonly","https://www.googleapis.com/auth/firebase","https://www.googleapis.com/auth/cloud-platform"]
[debug] [2026-04-11T22:18:24.527Z] > authorizing via signed-in user (kthompson@socfoundry.com)
[debug] [2026-04-11T22:18:24.557Z] Checked if tokens are valid: true, expires at: 1775949433903
[debug] [2026-04-11T22:18:24.557Z] Checked if tokens are valid: true, expires at: 1775949433903
[debug] [2026-04-11T22:18:24.558Z] >>> [apiv2][query] GET https://serviceusage.googleapis.com/v1/projects//services/firebaseappdistribution.googleapis.com [none]
[debug] [2026-04-11T22:18:24.558Z] >>> [apiv2][(partial)header] GET https://serviceusage.googleapis.com/v1/projects//services/firebaseappdistribution.googleapis.com  x-goog-user-project=
[debug] [2026-04-11T22:18:24.996Z] <<< [apiv2][status] GET https://serviceusage.googleapis.com/v1/projects//services/firebaseappdistribution.googleapis.com 400
[debug] [2026-04-11T22:18:24.996Z] <<< [apiv2][body] GET https://serviceusage.googleapis.com/v1/projects//services/firebaseappdistribution.googleapis.com [omitted]
[debug] [2026-04-11T22:21:58.867Z] > command requires scopes: ["email","openid","https://www.googleapis.com/auth/cloudplatformprojects.readonly","https://www.googleapis.com/auth/firebase","https://www.googleapis.com/auth/cloud-platform"]
[debug] [2026-04-11T22:21:58.870Z] > authorizing via signed-in user (kthompson@socfoundry.com)
[debug] [2026-04-11T22:21:58.920Z] Checked if tokens are valid: true, expires at: 1775949433903
[debug] [2026-04-11T22:21:58.920Z] Checked if tokens are valid: true, expires at: 1775949433903
[debug] [2026-04-11T22:21:58.921Z] >>> [apiv2][query] GET https://serviceusage.googleapis.com/v1/projects//services/firebaseappdistribution.googleapis.com [none]
[debug] [2026-04-11T22:21:58.921Z] >>> [apiv2][(partial)header] GET https://serviceusage.googleapis.com/v1/projects//services/firebaseappdistribution.googleapis.com  x-goog-user-project=
[debug] [2026-04-11T22:21:59.319Z] <<< [apiv2][status] GET https://serviceusage.googleapis.com/v1/projects//services/firebaseappdistribution.googleapis.com 400
[debug] [2026-04-11T22:21:59.319Z] <<< [apiv2][body] GET https://serviceusage.googleapis.com/v1/projects//services/firebaseappdistribution.googleapis.com [omitted]
[debug] [2026-04-11T22:22:10.171Z] > command requires scopes: ["email","openid","https://www.googleapis.com/auth/cloudplatformprojects.readonly","https://www.googleapis.com/auth/firebase","https://www.googleapis.com/auth/cloud-platform"]
[debug] [2026-04-11T22:22:10.174Z] > authorizing via signed-in user (kthompson@socfoundry.com)
[debug] [2026-04-11T22:22:10.205Z] Checked if tokens are valid: true, expires at: 1775949433903
[debug] [2026-04-11T22:22:10.205Z] Checked if tokens are valid: true, expires at: 1775949433903
[debug] [2026-04-11T22:22:10.205Z] >>> [apiv2][query] GET https://serviceusage.googleapis.com/v1/projects//services/firebaseappdistribution.googleapis.com [none]
[debug] [2026-04-11T22:22:10.205Z] >>> [apiv2][(partial)header] GET https://serviceusage.googleapis.com/v1/projects//services/firebaseappdistribution.googleapis.com  x-goog-user-project=
[debug] [2026-04-11T22:22:10.602Z] <<< [apiv2][status] GET https://serviceusage.googleapis.com/v1/projects//services/firebaseappdistribution.googleapis.com 400
[debug] [2026-04-11T22:22:10.603Z] <<< [apiv2][body] GET https://serviceusage.googleapis.com/v1/projects//services/firebaseappdistribution.googleapis.com [omitted]
[debug] [2026-04-11T22:22:27.734Z] > command requires scopes: ["email","openid","https://www.googleapis.com/auth/cloudplatformprojects.readonly","https://www.googleapis.com/auth/firebase","https://www.googleapis.com/auth/cloud-platform"]
[debug] [2026-04-11T22:22:27.736Z] > authorizing via signed-in user (kthompson@socfoundry.com)
[debug] [2026-04-11T22:22:27.788Z] Checked if tokens are valid: true, expires at: 1775949433903
[debug] [2026-04-11T22:22:27.788Z] Checked if tokens are valid: true, expires at: 1775949433903
[debug] [2026-04-11T22:22:27.788Z] >>> [apiv2][query] GET https://serviceusage.googleapis.com/v1/projects//services/firebaseappdistribution.googleapis.com [none]
[debug] [2026-04-11T22:22:27.788Z] >>> [apiv2][(partial)header] GET https://serviceusage.googleapis.com/v1/projects//services/firebaseappdistribution.googleapis.com  x-goog-user-project=
[debug] [2026-04-11T22:22:28.175Z] <<< [apiv2][status] GET https://serviceusage.googleapis.com/v1/projects//services/firebaseappdistribution.googleapis.com 400
[debug] [2026-04-11T22:22:28.175Z] <<< [apiv2][body] GET https://serviceusage.googleapis.com/v1/projects//services/firebaseappdistribution.googleapis.com [omitted]
[debug] [2026-04-11T22:22:59.917Z] > command requires scopes: ["email","openid","https://www.googleapis.com/auth/cloudplatformprojects.readonly","https://www.googleapis.com/auth/firebase","https://www.googleapis.com/auth/cloud-platform"]
[debug] [2026-04-11T22:22:59.920Z] > authorizing via signed-in user (kthompson@socfoundry.com)
[debug] [2026-04-11T22:22:59.953Z] Checked if tokens are valid: true, expires at: 1775949433903
[debug] [2026-04-11T22:22:59.953Z] Checked if tokens are valid: true, expires at: 1775949433903
[debug] [2026-04-11T22:22:59.954Z] >>> [apiv2][query] GET https://serviceusage.googleapis.com/v1/projects//services/firebaseappdistribution.googleapis.com [none]
[debug] [2026-04-11T22:22:59.954Z] >>> [apiv2][(partial)header] GET https://serviceusage.googleapis.com/v1/projects//services/firebaseappdistribution.googleapis.com  x-goog-user-project=
[debug] [2026-04-11T22:23:00.347Z] <<< [apiv2][status] GET https://serviceusage.googleapis.com/v1/projects//services/firebaseappdistribution.googleapis.com 400
[debug] [2026-04-11T22:23:00.347Z] <<< [apiv2][body] GET https://serviceusage.googleapis.com/v1/projects//services/firebaseappdistribution.googleapis.com [omitted]
[debug] [2026-04-11T22:36:25.509Z] > command requires scopes: ["email","openid","https://www.googleapis.com/auth/cloudplatformprojects.readonly","https://www.googleapis.com/auth/firebase","https://www.googleapis.com/auth/cloud-platform"]
[debug] [2026-04-11T22:36:25.509Z] > authorizing via signed-in user (kthompson@socfoundry.com)
[debug] [2026-04-11T22:36:25.518Z] > command requires scopes: ["email","openid","https://www.googleapis.com/auth/cloudplatformprojects.readonly","https://www.googleapis.com/auth/firebase","https://www.googleapis.com/auth/cloud-platform"]
[debug] [2026-04-11T22:36:25.518Z] > authorizing via signed-in user (kthompson@socfoundry.com)
[debug] [2026-04-11T22:36:25.518Z] > command requires scopes: ["email","openid","https://www.googleapis.com/auth/cloudplatformprojects.readonly","https://www.googleapis.com/auth/firebase","https://www.googleapis.com/auth/cloud-platform"]
[debug] [2026-04-11T22:36:25.518Z] > authorizing via signed-in user (kthompson@socfoundry.com)
[debug] [2026-04-11T22:36:25.587Z] Checked if tokens are valid: true, expires at: 1775949433903
[debug] [2026-04-11T22:36:25.587Z] Checked if tokens are valid: true, expires at: 1775949433903
[debug] [2026-04-11T22:36:25.588Z] >>> [apiv2][query] GET https://serviceusage.googleapis.com/v1/projects//services/firebaseappdistribution.googleapis.com [none]
[debug] [2026-04-11T22:36:25.588Z] >>> [apiv2][(partial)header] GET https://serviceusage.googleapis.com/v1/projects//services/firebaseappdistribution.googleapis.com  x-goog-user-project=
[debug] [2026-04-11T22:36:25.593Z] Checked if tokens are valid: true, expires at: 1775949433903
[debug] [2026-04-11T22:36:25.593Z] Checked if tokens are valid: true, expires at: 1775949433903
[debug] [2026-04-11T22:36:25.593Z] >>> [apiv2][query] GET https://serviceusage.googleapis.com/v1/projects//services/firebaseappdistribution.googleapis.com [none]
[debug] [2026-04-11T22:36:25.593Z] >>> [apiv2][(partial)header] GET https://serviceusage.googleapis.com/v1/projects//services/firebaseappdistribution.googleapis.com  x-goog-user-project=
[debug] [2026-04-11T22:36:25.603Z] Checked if tokens are valid: true, expires at: 1775949433903
[debug] [2026-04-11T22:36:25.603Z] Checked if tokens are valid: true, expires at: 1775949433903
[debug] [2026-04-11T22:36:25.603Z] >>> [apiv2][query] GET https://serviceusage.googleapis.com/v1/projects//services/firebaseappdistribution.googleapis.com [none]
[debug] [2026-04-11T22:36:25.603Z] >>> [apiv2][(partial)header] GET https://serviceusage.googleapis.com/v1/projects//services/firebaseappdistribution.googleapis.com  x-goog-user-project=
[debug] [2026-04-11T22:36:25.979Z] <<< [apiv2][status] GET https://serviceusage.googleapis.com/v1/projects//services/firebaseappdistribution.googleapis.com 400
[debug] [2026-04-11T22:36:25.979Z] <<< [apiv2][body] GET https://serviceusage.googleapis.com/v1/projects//services/firebaseappdistribution.googleapis.com [omitted]
[debug] [2026-04-11T22:36:25.981Z] <<< [apiv2][status] GET https://serviceusage.googleapis.com/v1/projects//services/firebaseappdistribution.googleapis.com 400
[debug] [2026-04-11T22:36:25.981Z] <<< [apiv2][body] GET https://serviceusage.googleapis.com/v1/projects//services/firebaseappdistribution.googleapis.com [omitted]
[debug] [2026-04-11T22:36:25.984Z] <<< [apiv2][status] GET https://serviceusage.googleapis.com/v1/projects//services/firebaseappdistribution.googleapis.com 400
[debug] [2026-04-11T22:36:25.984Z] <<< [apiv2][body] GET https://serviceusage.googleapis.com/v1/projects//services/firebaseappdistribution.googleapis.com [omitted]
[debug] [2026-04-11T22:36:26.019Z] > command requires scopes: ["email","openid","https://www.googleapis.com/auth/cloudplatformprojects.readonly","https://www.googleapis.com/auth/firebase","https://www.googleapis.com/auth/cloud-platform"]
[debug] [2026-04-11T22:36:26.019Z] > authorizing via signed-in user (kthompson@socfoundry.com)
[debug] [2026-04-11T22:36:26.019Z] > command requires scopes: ["email","openid","https://www.googleapis.com/auth/cloudplatformprojects.readonly","https://www.googleapis.com/auth/firebase","https://www.googleapis.com/auth/cloud-platform"]
[debug] [2026-04-11T22:36:26.019Z] > authorizing via signed-in user (kthompson@socfoundry.com)
[debug] [2026-04-11T22:36:26.025Z] > command requires scopes: ["email","openid","https://www.googleapis.com/auth/cloudplatformprojects.readonly","https://www.googleapis.com/auth/firebase","https://www.googleapis.com/auth/cloud-platform"]
[debug] [2026-04-11T22:36:26.025Z] > authorizing via signed-in user (kthompson@socfoundry.com)
[debug] [2026-04-11T22:36:26.025Z] >>> [apiv2][query] POST https://developerknowledge.googleapis.com/mcp [none]
[debug] [2026-04-11T22:36:26.025Z] >>> [apiv2][body] POST https://developerknowledge.googleapis.com/mcp {"method":"tools/list","jsonrpc":"2.0","id":1}
[debug] [2026-04-11T22:36:26.249Z] <<< [apiv2][status] POST https://developerknowledge.googleapis.com/mcp 200
[debug] [2026-04-11T22:36:26.249Z] <<< [apiv2][body] POST https://developerknowledge.googleapis.com/mcp {"id":1,"jsonrpc":"2.0","result":{"tools":[{"annotations":{"destructiveHint":false,"idempotentHint":true,"openWorldHint":false,"readOnlyHint":true},"description":"Use this tool to find documentation about Google developer products. The documents contain official APIs, code snippets, release notes, best practices, guides, debugging info, and more. It covers the following products and domains:\n\n\n* Android: developer.android.com\n\n* Apigee: docs.apigee.com\n\n* Chrome: developer.chrome.com\n\n* Firebase: firebase.google.com\n\n* Fuchsia: fuchsia.dev\n\n* Google AI: ai.google.dev\n\n* Google Cloud: docs.cloud.google.com\n\n* Google Developers, Ads, Search, Google Maps, Youtube: developers.google.com\n\n* Google Home: developers.home.google.com\n\n* TensorFlow: www.tensorflow.org\n\n* Web: web.dev\n\n\nThis tool returns chunks of text, names, and URLs for matching documents. If the returned chunks are not detailed enough to answer the user's question, use `get_documents` with the `parent` from this tool's output to retrieve the full document content.\n","inputSchema":{"description":"Request schema for search_documents. Use the query field to search for related Google developer documentation.","properties":{"query":{"description":"Required. The raw query string provided by the user, such as \"How to create a Cloud Storage bucket?\".","type":"string"}},"required":["query"],"type":"object"},"name":"search_documents","outputSchema":{"$defs":{"DocumentChunk":{"description":"A DocumentChunk represents a piece of content from a Document in the DeveloperKnowledge corpus. To fetch the entire document content, pass the `parent` to get_document or batch_get_documents.","properties":{"content":{"description":"Output only. The content of the document chunk.","readOnly":true,"type":"string"},"id":{"description":"Output only. The ID of this chunk within the document. The chunk ID is unique within a document, but not globally unique across documents. The chunk ID is not stable and may change over time.","readOnly":true,"type":"string"},"parent":{"description":"Output only. The resource name of the document this chunk is from. Format: `documents/{uri_without_scheme}` Example: `documents/docs.cloud.google.com/storage/docs/creating-buckets`","readOnly":true,"type":"string"}},"type":"object"}},"description":"Response schema for search_documents.","properties":{"results":{"description":"The search results for the given query. Each Document in this list contains a snippet of content relevant to the search query. Use the DocumentChunk.name field of each result with get_documents to retrieve the full document content.","items":{"$ref":"#/$defs/DocumentChunk"},"type":"array"}},"type":"object"}},{"annotations":{"destructiveHint":false,"idempotentHint":true,"openWorldHint":false,"readOnlyHint":true},"description":"Use this tool to retrieve the full content of a single document or up to 20 documents in a single call. The document names should be obtained from the `parent` field of results from a call to the `search_documents` tool. Set the `names` parameter to a list of document names.","inputSchema":{"description":"Request schema for get_documents.","properties":{"names":{"description":"Required. The names of the documents to retrieve, as returned by search_documents. A maximum of 20 documents can be retrieved in one call. The documents are returned in the same order as the `names` in the request. Format: `documents/{uri_without_scheme}` Example: `documents/docs.cloud.google.com/storage/docs/creating-buckets`","items":{"type":"string"},"type":"array"}},"required":["names"],"type":"object"},"name":"get_documents","outputSchema":{"$defs":{"Document":{"description":"A Document represents a piece of content from the Developer Knowledge corpus.","properties":{"content":{"description":"Output only. The content of the document in Markdown format.","readOnly":true,"type":"string"},"description":{"description":"Output only. A description of the document.","readOnly":true,"type":"string"},"name":{"description":"Identifier. The resource name of the document. Format: `documents/{uri_without_scheme}` Example: `documents/docs.cloud.google.com/storage/docs/creating-buckets`","type":"string","x-google-identifier":true},"title":{"description":"Output only. The title of the document.","readOnly":true,"type":"string"},"uri":{"description":"Output only. The URI of the content, such as `https://cloud.google.com/storage/docs/creating-buckets`.","readOnly":true,"type":"string"}},"type":"object"}},"description":"Response schema for get_documents.","properties":{"documents":{"description":"Documents requested.","items":{"$ref":"#/$defs/Document"},"type":"array"}},"type":"object"}}]}}
[debug] [2026-04-11T22:36:26.250Z] > command requires scopes: ["email","openid","https://www.googleapis.com/auth/cloudplatformprojects.readonly","https://www.googleapis.com/auth/firebase","https://www.googleapis.com/auth/cloud-platform"]
[debug] [2026-04-11T22:36:26.250Z] > authorizing via signed-in user (kthompson@socfoundry.com)
[debug] [2026-04-11T22:39:03.708Z] > command requires scopes: ["email","openid","https://www.googleapis.com/auth/cloudplatformprojects.readonly","https://www.googleapis.com/auth/firebase","https://www.googleapis.com/auth/cloud-platform"]
[debug] [2026-04-11T22:39:03.713Z] > authorizing via signed-in user (kthompson@socfoundry.com)
[debug] [2026-04-11T22:39:03.754Z] Checked if tokens are valid: true, expires at: 1775949433903
[debug] [2026-04-11T22:39:03.755Z] Checked if tokens are valid: true, expires at: 1775949433903
[debug] [2026-04-11T22:39:03.755Z] >>> [apiv2][query] GET https://serviceusage.googleapis.com/v1/projects//services/firebaseappdistribution.googleapis.com [none]
[debug] [2026-04-11T22:39:03.755Z] >>> [apiv2][(partial)header] GET https://serviceusage.googleapis.com/v1/projects//services/firebaseappdistribution.googleapis.com  x-goog-user-project=
[debug] [2026-04-11T22:39:04.138Z] <<< [apiv2][status] GET https://serviceusage.googleapis.com/v1/projects//services/firebaseappdistribution.googleapis.com 400
[debug] [2026-04-11T22:39:04.138Z] <<< [apiv2][body] GET https://serviceusage.googleapis.com/v1/projects//services/firebaseappdistribution.googleapis.com [omitted]
[debug] [2026-04-11T22:39:27.277Z] > command requires scopes: ["email","openid","https://www.googleapis.com/auth/cloudplatformprojects.readonly","https://www.googleapis.com/auth/firebase","https://www.googleapis.com/auth/cloud-platform"]
[debug] [2026-04-11T22:39:27.282Z] > authorizing via signed-in user (kthompson@socfoundry.com)
[debug] [2026-04-11T22:39:27.336Z] Checked if tokens are valid: true, expires at: 1775949433903
[debug] [2026-04-11T22:39:27.336Z] Checked if tokens are valid: true, expires at: 1775949433903
[debug] [2026-04-11T22:39:27.336Z] >>> [apiv2][query] GET https://serviceusage.googleapis.com/v1/projects//services/firebaseappdistribution.googleapis.com [none]
[debug] [2026-04-11T22:39:27.336Z] >>> [apiv2][(partial)header] GET https://serviceusage.googleapis.com/v1/projects//services/firebaseappdistribution.googleapis.com  x-goog-user-project=
[debug] [2026-04-11T22:39:27.736Z] <<< [apiv2][status] GET https://serviceusage.googleapis.com/v1/projects//services/firebaseappdistribution.googleapis.com 400
[debug] [2026-04-11T22:39:27.736Z] <<< [apiv2][body] GET https://serviceusage.googleapis.com/v1/projects//services/firebaseappdistribution.googleapis.com [omitted]
[debug] [2026-04-12T02:29:34.705Z] > command requires scopes: ["email","openid","https://www.googleapis.com/auth/cloudplatformprojects.readonly","https://www.googleapis.com/auth/firebase","https://www.googleapis.com/auth/cloud-platform"]
[debug] [2026-04-12T02:29:34.706Z] > authorizing via signed-in user (kthompson@socfoundry.com)
[debug] [2026-04-12T02:29:34.735Z] Checked if tokens are valid: false, expires at: 1775949433903
[debug] [2026-04-12T02:29:34.735Z] Checked if tokens are valid: false, expires at: 1775949433903
[debug] [2026-04-12T02:29:34.735Z] > refreshing access token with scopes: []
[debug] [2026-04-12T02:29:34.736Z] >>> [apiv2][query] POST https://www.googleapis.com/oauth2/v3/token [none]
[debug] [2026-04-12T02:29:34.736Z] >>> [apiv2][body] POST https://www.googleapis.com/oauth2/v3/token [omitted]
[debug] [2026-04-12T02:29:34.888Z] <<< [apiv2][status] POST https://www.googleapis.com/oauth2/v3/token 200
[debug] [2026-04-12T02:29:34.888Z] <<< [apiv2][body] POST https://www.googleapis.com/oauth2/v3/token [omitted]
[debug] [2026-04-12T02:29:34.892Z] >>> [apiv2][query] GET https://serviceusage.googleapis.com/v1/projects//services/firebaseappdistribution.googleapis.com [none]
[debug] [2026-04-12T02:29:34.892Z] >>> [apiv2][(partial)header] GET https://serviceusage.googleapis.com/v1/projects//services/firebaseappdistribution.googleapis.com  x-goog-user-project=
[debug] [2026-04-12T02:29:35.336Z] <<< [apiv2][status] GET https://serviceusage.googleapis.com/v1/projects//services/firebaseappdistribution.googleapis.com 400
[debug] [2026-04-12T02:29:35.336Z] <<< [apiv2][body] GET https://serviceusage.googleapis.com/v1/projects//services/firebaseappdistribution.googleapis.com [omitted]
[debug] [2026-04-12T02:54:22.249Z] > command requires scopes: ["email","openid","https://www.googleapis.com/auth/cloudplatformprojects.readonly","https://www.googleapis.com/auth/firebase","https://www.googleapis.com/auth/cloud-platform"]
[debug] [2026-04-12T02:54:22.249Z] > authorizing via signed-in user (kthompson@socfoundry.com)
[debug] [2026-04-12T02:54:22.250Z] > command requires scopes: ["email","openid","https://www.googleapis.com/auth/cloudplatformprojects.readonly","https://www.googleapis.com/auth/firebase","https://www.googleapis.com/auth/cloud-platform"]
[debug] [2026-04-12T02:54:22.250Z] > authorizing via signed-in user (kthompson@socfoundry.com)
[debug] [2026-04-12T02:54:22.260Z] > command requires scopes: ["email","openid","https://www.googleapis.com/auth/cloudplatformprojects.readonly","https://www.googleapis.com/auth/firebase","https://www.googleapis.com/auth/cloud-platform"]
[debug] [2026-04-12T02:54:22.260Z] > authorizing via signed-in user (kthompson@socfoundry.com)
[debug] [2026-04-12T02:54:22.335Z] Checked if tokens are valid: true, expires at: 1775964573888
[debug] [2026-04-12T02:54:22.335Z] Checked if tokens are valid: true, expires at: 1775964573888
[debug] [2026-04-12T02:54:22.336Z] >>> [apiv2][query] GET https://serviceusage.googleapis.com/v1/projects//services/firebaseappdistribution.googleapis.com [none]
[debug] [2026-04-12T02:54:22.336Z] >>> [apiv2][(partial)header] GET https://serviceusage.googleapis.com/v1/projects//services/firebaseappdistribution.googleapis.com  x-goog-user-project=
[debug] [2026-04-12T02:54:22.339Z] Checked if tokens are valid: true, expires at: 1775964573888
[debug] [2026-04-12T02:54:22.339Z] Checked if tokens are valid: true, expires at: 1775964573888
[debug] [2026-04-12T02:54:22.339Z] >>> [apiv2][query] GET https://serviceusage.googleapis.com/v1/projects//services/firebaseappdistribution.googleapis.com [none]
[debug] [2026-04-12T02:54:22.339Z] >>> [apiv2][(partial)header] GET https://serviceusage.googleapis.com/v1/projects//services/firebaseappdistribution.googleapis.com  x-goog-user-project=
[debug] [2026-04-12T02:54:22.341Z] Checked if tokens are valid: true, expires at: 1775964573888
[debug] [2026-04-12T02:54:22.341Z] Checked if tokens are valid: true, expires at: 1775964573888
[debug] [2026-04-12T02:54:22.341Z] >>> [apiv2][query] GET https://serviceusage.googleapis.com/v1/projects//services/firebaseappdistribution.googleapis.com [none]
[debug] [2026-04-12T02:54:22.341Z] >>> [apiv2][(partial)header] GET https://serviceusage.googleapis.com/v1/projects//services/firebaseappdistribution.googleapis.com  x-goog-user-project=
[debug] [2026-04-12T02:54:22.740Z] <<< [apiv2][status] GET https://serviceusage.googleapis.com/v1/projects//services/firebaseappdistribution.googleapis.com 400
[debug] [2026-04-12T02:54:22.740Z] <<< [apiv2][body] GET https://serviceusage.googleapis.com/v1/projects//services/firebaseappdistribution.googleapis.com [omitted]
[debug] [2026-04-12T02:54:22.747Z] <<< [apiv2][status] GET https://serviceusage.googleapis.com/v1/projects//services/firebaseappdistribution.googleapis.com 400
[debug] [2026-04-12T02:54:22.748Z] <<< [apiv2][body] GET https://serviceusage.googleapis.com/v1/projects//services/firebaseappdistribution.googleapis.com [omitted]
[debug] [2026-04-12T02:54:22.755Z] <<< [apiv2][status] GET https://serviceusage.googleapis.com/v1/projects//services/firebaseappdistribution.googleapis.com 400
[debug] [2026-04-12T02:54:22.756Z] <<< [apiv2][body] GET https://serviceusage.googleapis.com/v1/projects//services/firebaseappdistribution.googleapis.com [omitted]
[debug] [2026-04-12T02:54:22.786Z] > command requires scopes: ["email","openid","https://www.googleapis.com/auth/cloudplatformprojects.readonly","https://www.googleapis.com/auth/firebase","https://www.googleapis.com/auth/cloud-platform"]
[debug] [2026-04-12T02:54:22.786Z] > authorizing via signed-in user (kthompson@socfoundry.com)
[debug] [2026-04-12T02:54:22.787Z] > command requires scopes: ["email","openid","https://www.googleapis.com/auth/cloudplatformprojects.readonly","https://www.googleapis.com/auth/firebase","https://www.googleapis.com/auth/cloud-platform"]
[debug] [2026-04-12T02:54:22.787Z] > authorizing via signed-in user (kthompson@socfoundry.com)
[debug] [2026-04-12T02:54:22.793Z] > command requires scopes: ["email","openid","https://www.googleapis.com/auth/cloudplatformprojects.readonly","https://www.googleapis.com/auth/firebase","https://www.googleapis.com/auth/cloud-platform"]
[debug] [2026-04-12T02:54:22.793Z] > authorizing via signed-in user (kthompson@socfoundry.com)
[debug] [2026-04-12T02:54:22.794Z] >>> [apiv2][query] POST https://developerknowledge.googleapis.com/mcp [none]
[debug] [2026-04-12T02:54:22.794Z] >>> [apiv2][body] POST https://developerknowledge.googleapis.com/mcp {"method":"tools/list","jsonrpc":"2.0","id":1}
[debug] [2026-04-12T02:54:22.949Z] <<< [apiv2][status] POST https://developerknowledge.googleapis.com/mcp 200
[debug] [2026-04-12T02:54:22.949Z] <<< [apiv2][body] POST https://developerknowledge.googleapis.com/mcp {"id":1,"jsonrpc":"2.0","result":{"tools":[{"annotations":{"destructiveHint":false,"idempotentHint":true,"openWorldHint":false,"readOnlyHint":true},"description":"Use this tool to find documentation about Google developer products. The documents contain official APIs, code snippets, release notes, best practices, guides, debugging info, and more. It covers the following products and domains:\n\n\n* Android: developer.android.com\n\n* Apigee: docs.apigee.com\n\n* Chrome: developer.chrome.com\n\n* Firebase: firebase.google.com\n\n* Fuchsia: fuchsia.dev\n\n* Google AI: ai.google.dev\n\n* Google Cloud: docs.cloud.google.com\n\n* Google Developers, Ads, Search, Google Maps, Youtube: developers.google.com\n\n* Google Home: developers.home.google.com\n\n* TensorFlow: www.tensorflow.org\n\n* Web: web.dev\n\n\nThis tool returns chunks of text, names, and URLs for matching documents. If the returned chunks are not detailed enough to answer the user's question, use `get_documents` with the `parent` from this tool's output to retrieve the full document content.\n","inputSchema":{"description":"Request schema for search_documents. Use the query field to search for related Google developer documentation.","properties":{"query":{"description":"Required. The raw query string provided by the user, such as \"How to create a Cloud Storage bucket?\".","type":"string"}},"required":["query"],"type":"object"},"name":"search_documents","outputSchema":{"$defs":{"DocumentChunk":{"description":"A DocumentChunk represents a piece of content from a Document in the DeveloperKnowledge corpus. To fetch the entire document content, pass the `parent` to get_document or batch_get_documents.","properties":{"content":{"description":"Output only. The content of the document chunk.","readOnly":true,"type":"string"},"id":{"description":"Output only. The ID of this chunk within the document. The chunk ID is unique within a document, but not globally unique across documents. The chunk ID is not stable and may change over time.","readOnly":true,"type":"string"},"parent":{"description":"Output only. The resource name of the document this chunk is from. Format: `documents/{uri_without_scheme}` Example: `documents/docs.cloud.google.com/storage/docs/creating-buckets`","readOnly":true,"type":"string"}},"type":"object"}},"description":"Response schema for search_documents.","properties":{"results":{"description":"The search results for the given query. Each Document in this list contains a snippet of content relevant to the search query. Use the DocumentChunk.name field of each result with get_documents to retrieve the full document content.","items":{"$ref":"#/$defs/DocumentChunk"},"type":"array"}},"type":"object"}},{"annotations":{"destructiveHint":false,"idempotentHint":true,"openWorldHint":false,"readOnlyHint":true},"description":"Use this tool to retrieve the full content of a single document or up to 20 documents in a single call. The document names should be obtained from the `parent` field of results from a call to the `search_documents` tool. Set the `names` parameter to a list of document names.","inputSchema":{"description":"Request schema for get_documents.","properties":{"names":{"description":"Required. The names of the documents to retrieve, as returned by search_documents. A maximum of 20 documents can be retrieved in one call. The documents are returned in the same order as the `names` in the request. Format: `documents/{uri_without_scheme}` Example: `documents/docs.cloud.google.com/storage/docs/creating-buckets`","items":{"type":"string"},"type":"array"}},"required":["names"],"type":"object"},"name":"get_documents","outputSchema":{"$defs":{"Document":{"description":"A Document represents a piece of content from the Developer Knowledge corpus.","properties":{"content":{"description":"Output only. The content of the document in Markdown format.","readOnly":true,"type":"string"},"description":{"description":"Output only. A description of the document.","readOnly":true,"type":"string"},"name":{"description":"Identifier. The resource name of the document. Format: `documents/{uri_without_scheme}` Example: `documents/docs.cloud.google.com/storage/docs/creating-buckets`","type":"string","x-google-identifier":true},"title":{"description":"Output only. The title of the document.","readOnly":true,"type":"string"},"uri":{"description":"Output only. The URI of the content, such as `https://cloud.google.com/storage/docs/creating-buckets`.","readOnly":true,"type":"string"}},"type":"object"}},"description":"Response schema for get_documents.","properties":{"documents":{"description":"Documents requested.","items":{"$ref":"#/$defs/Document"},"type":"array"}},"type":"object"}}]}}
[debug] [2026-04-12T02:54:22.950Z] > command requires scopes: ["email","openid","https://www.googleapis.com/auth/cloudplatformprojects.readonly","https://www.googleapis.com/auth/firebase","https://www.googleapis.com/auth/cloud-platform"]
[debug] [2026-04-12T02:54:22.950Z] > authorizing via signed-in user (kthompson@socfoundry.com)
[debug] [2026-04-12T04:59:42.939Z] > command requires scopes: ["email","openid","https://www.googleapis.com/auth/cloudplatformprojects.readonly","https://www.googleapis.com/auth/firebase","https://www.googleapis.com/auth/cloud-platform"]
[debug] [2026-04-12T04:59:42.941Z] > authorizing via signed-in user (kthompson@socfoundry.com)
[debug] [2026-04-12T04:59:42.941Z] > command requires scopes: ["email","openid","https://www.googleapis.com/auth/cloudplatformprojects.readonly","https://www.googleapis.com/auth/firebase","https://www.googleapis.com/auth/cloud-platform"]
[debug] [2026-04-12T04:59:42.941Z] > authorizing via signed-in user (kthompson@socfoundry.com)
[debug] [2026-04-12T04:59:42.953Z] > command requires scopes: ["email","openid","https://www.googleapis.com/auth/cloudplatformprojects.readonly","https://www.googleapis.com/auth/firebase","https://www.googleapis.com/auth/cloud-platform"]
[debug] [2026-04-12T04:59:42.954Z] > authorizing via signed-in user (kthompson@socfoundry.com)
[debug] [2026-04-12T04:59:43.028Z] Checked if tokens are valid: false, expires at: 1775964573888
[debug] [2026-04-12T04:59:43.028Z] Checked if tokens are valid: false, expires at: 1775964573888
[debug] [2026-04-12T04:59:43.028Z] > refreshing access token with scopes: []
[debug] [2026-04-12T04:59:43.029Z] >>> [apiv2][query] POST https://www.googleapis.com/oauth2/v3/token [none]
[debug] [2026-04-12T04:59:43.029Z] >>> [apiv2][body] POST https://www.googleapis.com/oauth2/v3/token [omitted]
[debug] [2026-04-12T04:59:43.034Z] Checked if tokens are valid: false, expires at: 1775964573888
[debug] [2026-04-12T04:59:43.034Z] Checked if tokens are valid: false, expires at: 1775964573888
[debug] [2026-04-12T04:59:43.034Z] > refreshing access token with scopes: []
[debug] [2026-04-12T04:59:43.035Z] >>> [apiv2][query] POST https://www.googleapis.com/oauth2/v3/token [none]
[debug] [2026-04-12T04:59:43.035Z] >>> [apiv2][body] POST https://www.googleapis.com/oauth2/v3/token [omitted]
[debug] [2026-04-12T04:59:43.052Z] Checked if tokens are valid: false, expires at: 1775964573888
[debug] [2026-04-12T04:59:43.053Z] Checked if tokens are valid: false, expires at: 1775964573888
[debug] [2026-04-12T04:59:43.053Z] > refreshing access token with scopes: []
[debug] [2026-04-12T04:59:43.053Z] >>> [apiv2][query] POST https://www.googleapis.com/oauth2/v3/token [none]
[debug] [2026-04-12T04:59:43.053Z] >>> [apiv2][body] POST https://www.googleapis.com/oauth2/v3/token [omitted]
[debug] [2026-04-12T04:59:43.161Z] <<< [apiv2][status] POST https://www.googleapis.com/oauth2/v3/token 200
[debug] [2026-04-12T04:59:43.161Z] <<< [apiv2][body] POST https://www.googleapis.com/oauth2/v3/token [omitted]
[debug] [2026-04-12T04:59:43.164Z] >>> [apiv2][query] GET https://serviceusage.googleapis.com/v1/projects//services/firebaseappdistribution.googleapis.com [none]
[debug] [2026-04-12T04:59:43.164Z] >>> [apiv2][(partial)header] GET https://serviceusage.googleapis.com/v1/projects//services/firebaseappdistribution.googleapis.com  x-goog-user-project=
[debug] [2026-04-12T04:59:43.165Z] <<< [apiv2][status] POST https://www.googleapis.com/oauth2/v3/token 200
[debug] [2026-04-12T04:59:43.165Z] <<< [apiv2][body] POST https://www.googleapis.com/oauth2/v3/token [omitted]
[debug] [2026-04-12T04:59:43.166Z] >>> [apiv2][query] GET https://serviceusage.googleapis.com/v1/projects//services/firebaseappdistribution.googleapis.com [none]
[debug] [2026-04-12T04:59:43.166Z] >>> [apiv2][(partial)header] GET https://serviceusage.googleapis.com/v1/projects//services/firebaseappdistribution.googleapis.com  x-goog-user-project=
[debug] [2026-04-12T04:59:43.168Z] <<< [apiv2][status] POST https://www.googleapis.com/oauth2/v3/token 200
[debug] [2026-04-12T04:59:43.168Z] <<< [apiv2][body] POST https://www.googleapis.com/oauth2/v3/token [omitted]
[debug] [2026-04-12T04:59:43.169Z] >>> [apiv2][query] GET https://serviceusage.googleapis.com/v1/projects//services/firebaseappdistribution.googleapis.com [none]
[debug] [2026-04-12T04:59:43.169Z] >>> [apiv2][(partial)header] GET https://serviceusage.googleapis.com/v1/projects//services/firebaseappdistribution.googleapis.com  x-goog-user-project=
[debug] [2026-04-12T04:59:43.552Z] <<< [apiv2][status] GET https://serviceusage.googleapis.com/v1/projects//services/firebaseappdistribution.googleapis.com 400
[debug] [2026-04-12T04:59:43.552Z] <<< [apiv2][body] GET https://serviceusage.googleapis.com/v1/projects//services/firebaseappdistribution.googleapis.com [omitted]
[debug] [2026-04-12T04:59:43.558Z] <<< [apiv2][status] GET https://serviceusage.googleapis.com/v1/projects//services/firebaseappdistribution.googleapis.com 400
[debug] [2026-04-12T04:59:43.558Z] <<< [apiv2][body] GET https://serviceusage.googleapis.com/v1/projects//services/firebaseappdistribution.googleapis.com [omitted]
[debug] [2026-04-12T04:59:43.560Z] <<< [apiv2][status] GET https://serviceusage.googleapis.com/v1/projects//services/firebaseappdistribution.googleapis.com 400
[debug] [2026-04-12T04:59:43.561Z] <<< [apiv2][body] GET https://serviceusage.googleapis.com/v1/projects//services/firebaseappdistribution.googleapis.com [omitted]
[debug] [2026-04-12T04:59:43.599Z] > command requires scopes: ["email","openid","https://www.googleapis.com/auth/cloudplatformprojects.readonly","https://www.googleapis.com/auth/firebase","https://www.googleapis.com/auth/cloud-platform"]
[debug] [2026-04-12T04:59:43.599Z] > authorizing via signed-in user (kthompson@socfoundry.com)
[debug] [2026-04-12T04:59:43.601Z] >>> [apiv2][query] POST https://developerknowledge.googleapis.com/mcp [none]
[debug] [2026-04-12T04:59:43.601Z] >>> [apiv2][body] POST https://developerknowledge.googleapis.com/mcp {"method":"tools/list","jsonrpc":"2.0","id":1}
[debug] [2026-04-12T04:59:43.604Z] > command requires scopes: ["email","openid","https://www.googleapis.com/auth/cloudplatformprojects.readonly","https://www.googleapis.com/auth/firebase","https://www.googleapis.com/auth/cloud-platform"]
[debug] [2026-04-12T04:59:43.605Z] > authorizing via signed-in user (kthompson@socfoundry.com)
[debug] [2026-04-12T04:59:43.605Z] > command requires scopes: ["email","openid","https://www.googleapis.com/auth/cloudplatformprojects.readonly","https://www.googleapis.com/auth/firebase","https://www.googleapis.com/auth/cloud-platform"]
[debug] [2026-04-12T04:59:43.606Z] > authorizing via signed-in user (kthompson@socfoundry.com)
[debug] [2026-04-12T04:59:43.746Z] <<< [apiv2][status] POST https://developerknowledge.googleapis.com/mcp 200
[debug] [2026-04-12T04:59:43.746Z] <<< [apiv2][body] POST https://developerknowledge.googleapis.com/mcp {"id":1,"jsonrpc":"2.0","result":{"tools":[{"annotations":{"destructiveHint":false,"idempotentHint":true,"openWorldHint":false,"readOnlyHint":true},"description":"Use this tool to find documentation about Google developer products. The documents contain official APIs, code snippets, release notes, best practices, guides, debugging info, and more. It covers the following products and domains:\n\n\n* Android: developer.android.com\n\n* Apigee: docs.apigee.com\n\n* Chrome: developer.chrome.com\n\n* Firebase: firebase.google.com\n\n* Fuchsia: fuchsia.dev\n\n* Google AI: ai.google.dev\n\n* Google Cloud: docs.cloud.google.com\n\n* Google Developers, Ads, Search, Google Maps, Youtube: developers.google.com\n\n* Google Home: developers.home.google.com\n\n* TensorFlow: www.tensorflow.org\n\n* Web: web.dev\n\n\nThis tool returns chunks of text, names, and URLs for matching documents. If the returned chunks are not detailed enough to answer the user's question, use `get_documents` with the `parent` from this tool's output to retrieve the full document content.\n","inputSchema":{"description":"Request schema for search_documents. Use the query field to search for related Google developer documentation.","properties":{"query":{"description":"Required. The raw query string provided by the user, such as \"How to create a Cloud Storage bucket?\".","type":"string"}},"required":["query"],"type":"object"},"name":"search_documents","outputSchema":{"$defs":{"DocumentChunk":{"description":"A DocumentChunk represents a piece of content from a Document in the DeveloperKnowledge corpus. To fetch the entire document content, pass the `parent` to get_document or batch_get_documents.","properties":{"content":{"description":"Output only. The content of the document chunk.","readOnly":true,"type":"string"},"id":{"description":"Output only. The ID of this chunk within the document. The chunk ID is unique within a document, but not globally unique across documents. The chunk ID is not stable and may change over time.","readOnly":true,"type":"string"},"parent":{"description":"Output only. The resource name of the document this chunk is from. Format: `documents/{uri_without_scheme}` Example: `documents/docs.cloud.google.com/storage/docs/creating-buckets`","readOnly":true,"type":"string"}},"type":"object"}},"description":"Response schema for search_documents.","properties":{"results":{"description":"The search results for the given query. Each Document in this list contains a snippet of content relevant to the search query. Use the DocumentChunk.name field of each result with get_documents to retrieve the full document content.","items":{"$ref":"#/$defs/DocumentChunk"},"type":"array"}},"type":"object"}},{"annotations":{"destructiveHint":false,"idempotentHint":true,"openWorldHint":false,"readOnlyHint":true},"description":"Use this tool to retrieve the full content of a single document or up to 20 documents in a single call. The document names should be obtained from the `parent` field of results from a call to the `search_documents` tool. Set the `names` parameter to a list of document names.","inputSchema":{"description":"Request schema for get_documents.","properties":{"names":{"description":"Required. The names of the documents to retrieve, as returned by search_documents. A maximum of 20 documents can be retrieved in one call. The documents are returned in the same order as the `names` in the request. Format: `documents/{uri_without_scheme}` Example: `documents/docs.cloud.google.com/storage/docs/creating-buckets`","items":{"type":"string"},"type":"array"}},"required":["names"],"type":"object"},"name":"get_documents","outputSchema":{"$defs":{"Document":{"description":"A Document represents a piece of content from the Developer Knowledge corpus.","properties":{"content":{"description":"Output only. The content of the document in Markdown format.","readOnly":true,"type":"string"},"description":{"description":"Output only. A description of the document.","readOnly":true,"type":"string"},"name":{"description":"Identifier. The resource name of the document. Format: `documents/{uri_without_scheme}` Example: `documents/docs.cloud.google.com/storage/docs/creating-buckets`","type":"string","x-google-identifier":true},"title":{"description":"Output only. The title of the document.","readOnly":true,"type":"string"},"uri":{"description":"Output only. The URI of the content, such as `https://cloud.google.com/storage/docs/creating-buckets`.","readOnly":true,"type":"string"}},"type":"object"}},"description":"Response schema for get_documents.","properties":{"documents":{"description":"Documents requested.","items":{"$ref":"#/$defs/Document"},"type":"array"}},"type":"object"}}]}}
[debug] [2026-04-12T04:59:43.747Z] > command requires scopes: ["email","openid","https://www.googleapis.com/auth/cloudplatformprojects.readonly","https://www.googleapis.com/auth/firebase","https://www.googleapis.com/auth/cloud-platform"]
[debug] [2026-04-12T04:59:43.747Z] > authorizing via signed-in user (kthompson@socfoundry.com)
[debug] [2026-04-12T13:21:00.202Z] > command requires scopes: ["email","openid","https://www.googleapis.com/auth/cloudplatformprojects.readonly","https://www.googleapis.com/auth/firebase","https://www.googleapis.com/auth/cloud-platform"]
[debug] [2026-04-12T13:21:00.203Z] > authorizing via signed-in user (kthompson@socfoundry.com)
[debug] [2026-04-12T13:21:00.203Z] > command requires scopes: ["email","openid","https://www.googleapis.com/auth/cloudplatformprojects.readonly","https://www.googleapis.com/auth/firebase","https://www.googleapis.com/auth/cloud-platform"]
[debug] [2026-04-12T13:21:00.203Z] > authorizing via signed-in user (kthompson@socfoundry.com)
[debug] [2026-04-12T13:21:00.214Z] > command requires scopes: ["email","openid","https://www.googleapis.com/auth/cloudplatformprojects.readonly","https://www.googleapis.com/auth/firebase","https://www.googleapis.com/auth/cloud-platform"]
[debug] [2026-04-12T13:21:00.214Z] > authorizing via signed-in user (kthompson@socfoundry.com)
[debug] [2026-04-12T13:21:00.296Z] Checked if tokens are valid: false, expires at: 1775973582168
[debug] [2026-04-12T13:21:00.296Z] Checked if tokens are valid: false, expires at: 1775973582168
[debug] [2026-04-12T13:21:00.296Z] > refreshing access token with scopes: []
[debug] [2026-04-12T13:21:00.297Z] >>> [apiv2][query] POST https://www.googleapis.com/oauth2/v3/token [none]
[debug] [2026-04-12T13:21:00.297Z] >>> [apiv2][body] POST https://www.googleapis.com/oauth2/v3/token [omitted]
[debug] [2026-04-12T13:21:00.300Z] Checked if tokens are valid: false, expires at: 1775973582168
[debug] [2026-04-12T13:21:00.300Z] Checked if tokens are valid: false, expires at: 1775973582168
[debug] [2026-04-12T13:21:00.300Z] > refreshing access token with scopes: []
[debug] [2026-04-12T13:21:00.300Z] >>> [apiv2][query] POST https://www.googleapis.com/oauth2/v3/token [none]
[debug] [2026-04-12T13:21:00.300Z] >>> [apiv2][body] POST https://www.googleapis.com/oauth2/v3/token [omitted]
[debug] [2026-04-12T13:21:00.309Z] Checked if tokens are valid: false, expires at: 1775973582168
[debug] [2026-04-12T13:21:00.309Z] Checked if tokens are valid: false, expires at: 1775973582168
[debug] [2026-04-12T13:21:00.309Z] > refreshing access token with scopes: []
[debug] [2026-04-12T13:21:00.310Z] >>> [apiv2][query] POST https://www.googleapis.com/oauth2/v3/token [none]
[debug] [2026-04-12T13:21:00.310Z] >>> [apiv2][body] POST https://www.googleapis.com/oauth2/v3/token [omitted]
[debug] [2026-04-12T13:21:00.419Z] <<< [apiv2][status] POST https://www.googleapis.com/oauth2/v3/token 200
[debug] [2026-04-12T13:21:00.419Z] <<< [apiv2][body] POST https://www.googleapis.com/oauth2/v3/token [omitted]
[debug] [2026-04-12T13:21:00.422Z] >>> [apiv2][query] GET https://serviceusage.googleapis.com/v1/projects//services/firebaseappdistribution.googleapis.com [none]
[debug] [2026-04-12T13:21:00.422Z] >>> [apiv2][(partial)header] GET https://serviceusage.googleapis.com/v1/projects//services/firebaseappdistribution.googleapis.com  x-goog-user-project=
[debug] [2026-04-12T13:21:00.424Z] <<< [apiv2][status] POST https://www.googleapis.com/oauth2/v3/token 200
[debug] [2026-04-12T13:21:00.424Z] <<< [apiv2][body] POST https://www.googleapis.com/oauth2/v3/token [omitted]
[debug] [2026-04-12T13:21:00.426Z] >>> [apiv2][query] GET https://serviceusage.googleapis.com/v1/projects//services/firebaseappdistribution.googleapis.com [none]
[debug] [2026-04-12T13:21:00.426Z] >>> [apiv2][(partial)header] GET https://serviceusage.googleapis.com/v1/projects//services/firebaseappdistribution.googleapis.com  x-goog-user-project=
[debug] [2026-04-12T13:21:00.427Z] <<< [apiv2][status] POST https://www.googleapis.com/oauth2/v3/token 200
[debug] [2026-04-12T13:21:00.427Z] <<< [apiv2][body] POST https://www.googleapis.com/oauth2/v3/token [omitted]
[debug] [2026-04-12T13:21:00.428Z] >>> [apiv2][query] GET https://serviceusage.googleapis.com/v1/projects//services/firebaseappdistribution.googleapis.com [none]
[debug] [2026-04-12T13:21:00.428Z] >>> [apiv2][(partial)header] GET https://serviceusage.googleapis.com/v1/projects//services/firebaseappdistribution.googleapis.com  x-goog-user-project=
[debug] [2026-04-12T13:21:00.823Z] <<< [apiv2][status] GET https://serviceusage.googleapis.com/v1/projects//services/firebaseappdistribution.googleapis.com 400
[debug] [2026-04-12T13:21:00.823Z] <<< [apiv2][body] GET https://serviceusage.googleapis.com/v1/projects//services/firebaseappdistribution.googleapis.com [omitted]
[debug] [2026-04-12T13:21:00.826Z] <<< [apiv2][status] GET https://serviceusage.googleapis.com/v1/projects//services/firebaseappdistribution.googleapis.com 400
[debug] [2026-04-12T13:21:00.826Z] <<< [apiv2][body] GET https://serviceusage.googleapis.com/v1/projects//services/firebaseappdistribution.googleapis.com [omitted]
[debug] [2026-04-12T13:21:00.831Z] <<< [apiv2][status] GET https://serviceusage.googleapis.com/v1/projects//services/firebaseappdistribution.googleapis.com 400
[debug] [2026-04-12T13:21:00.831Z] <<< [apiv2][body] GET https://serviceusage.googleapis.com/v1/projects//services/firebaseappdistribution.googleapis.com [omitted]
[debug] [2026-04-12T13:21:00.849Z] > command requires scopes: ["email","openid","https://www.googleapis.com/auth/cloudplatformprojects.readonly","https://www.googleapis.com/auth/firebase","https://www.googleapis.com/auth/cloud-platform"]
[debug] [2026-04-12T13:21:00.849Z] > authorizing via signed-in user (kthompson@socfoundry.com)
[debug] [2026-04-12T13:21:00.851Z] > command requires scopes: ["email","openid","https://www.googleapis.com/auth/cloudplatformprojects.readonly","https://www.googleapis.com/auth/firebase","https://www.googleapis.com/auth/cloud-platform"]
[debug] [2026-04-12T13:21:00.851Z] > authorizing via signed-in user (kthompson@socfoundry.com)
[debug] [2026-04-12T13:21:00.854Z] > command requires scopes: ["email","openid","https://www.googleapis.com/auth/cloudplatformprojects.readonly","https://www.googleapis.com/auth/firebase","https://www.googleapis.com/auth/cloud-platform"]
[debug] [2026-04-12T13:21:00.854Z] > authorizing via signed-in user (kthompson@socfoundry.com)
[debug] [2026-04-12T13:21:00.855Z] >>> [apiv2][query] POST https://developerknowledge.googleapis.com/mcp [none]
[debug] [2026-04-12T13:21:00.855Z] >>> [apiv2][body] POST https://developerknowledge.googleapis.com/mcp {"method":"tools/list","jsonrpc":"2.0","id":1}
[debug] [2026-04-12T13:21:00.978Z] <<< [apiv2][status] POST https://developerknowledge.googleapis.com/mcp 200
[debug] [2026-04-12T13:21:00.978Z] <<< [apiv2][body] POST https://developerknowledge.googleapis.com/mcp {"id":1,"jsonrpc":"2.0","result":{"tools":[{"annotations":{"destructiveHint":false,"idempotentHint":true,"openWorldHint":false,"readOnlyHint":true},"description":"Use this tool to find documentation about Google developer products. The documents contain official APIs, code snippets, release notes, best practices, guides, debugging info, and more. It covers the following products and domains:\n\n\n* Android: developer.android.com\n\n* Apigee: docs.apigee.com\n\n* Chrome: developer.chrome.com\n\n* Firebase: firebase.google.com\n\n* Fuchsia: fuchsia.dev\n\n* Google AI: ai.google.dev\n\n* Google Cloud: docs.cloud.google.com\n\n* Google Developers, Ads, Search, Google Maps, Youtube: developers.google.com\n\n* Google Home: developers.home.google.com\n\n* TensorFlow: www.tensorflow.org\n\n* Web: web.dev\n\n\nThis tool returns chunks of text, names, and URLs for matching documents. If the returned chunks are not detailed enough to answer the user's question, use `get_documents` with the `parent` from this tool's output to retrieve the full document content.\n","inputSchema":{"description":"Request schema for search_documents. Use the query field to search for related Google developer documentation.","properties":{"query":{"description":"Required. The raw query string provided by the user, such as \"How to create a Cloud Storage bucket?\".","type":"string"}},"required":["query"],"type":"object"},"name":"search_documents","outputSchema":{"$defs":{"DocumentChunk":{"description":"A DocumentChunk represents a piece of content from a Document in the DeveloperKnowledge corpus. To fetch the entire document content, pass the `parent` to get_document or batch_get_documents.","properties":{"content":{"description":"Output only. The content of the document chunk.","readOnly":true,"type":"string"},"id":{"description":"Output only. The ID of this chunk within the document. The chunk ID is unique within a document, but not globally unique across documents. The chunk ID is not stable and may change over time.","readOnly":true,"type":"string"},"parent":{"description":"Output only. The resource name of the document this chunk is from. Format: `documents/{uri_without_scheme}` Example: `documents/docs.cloud.google.com/storage/docs/creating-buckets`","readOnly":true,"type":"string"}},"type":"object"}},"description":"Response schema for search_documents.","properties":{"results":{"description":"The search results for the given query. Each Document in this list contains a snippet of content relevant to the search query. Use the DocumentChunk.name field of each result with get_documents to retrieve the full document content.","items":{"$ref":"#/$defs/DocumentChunk"},"type":"array"}},"type":"object"}},{"annotations":{"destructiveHint":false,"idempotentHint":true,"openWorldHint":false,"readOnlyHint":true},"description":"Use this tool to retrieve the full content of a single document or up to 20 documents in a single call. The document names should be obtained from the `parent` field of results from a call to the `search_documents` tool. Set the `names` parameter to a list of document names.","inputSchema":{"description":"Request schema for get_documents.","properties":{"names":{"description":"Required. The names of the documents to retrieve, as returned by search_documents. A maximum of 20 documents can be retrieved in one call. The documents are returned in the same order as the `names` in the request. Format: `documents/{uri_without_scheme}` Example: `documents/docs.cloud.google.com/storage/docs/creating-buckets`","items":{"type":"string"},"type":"array"}},"required":["names"],"type":"object"},"name":"get_documents","outputSchema":{"$defs":{"Document":{"description":"A Document represents a piece of content from the Developer Knowledge corpus.","properties":{"content":{"description":"Output only. The content of the document in Markdown format.","readOnly":true,"type":"string"},"description":{"description":"Output only. A description of the document.","readOnly":true,"type":"string"},"name":{"description":"Identifier. The resource name of the document. Format: `documents/{uri_without_scheme}` Example: `documents/docs.cloud.google.com/storage/docs/creating-buckets`","type":"string","x-google-identifier":true},"title":{"description":"Output only. The title of the document.","readOnly":true,"type":"string"},"uri":{"description":"Output only. The URI of the content, such as `https://cloud.google.com/storage/docs/creating-buckets`.","readOnly":true,"type":"string"}},"type":"object"}},"description":"Response schema for get_documents.","properties":{"documents":{"description":"Documents requested.","items":{"$ref":"#/$defs/Document"},"type":"array"}},"type":"object"}}]}}
[debug] [2026-04-12T13:21:00.980Z] > command requires scopes: ["email","openid","https://www.googleapis.com/auth/cloudplatformprojects.readonly","https://www.googleapis.com/auth/firebase","https://www.googleapis.com/auth/cloud-platform"]
[debug] [2026-04-12T13:21:00.980Z] > authorizing via signed-in user (kthompson@socfoundry.com)
[debug] [2026-04-12T15:48:58.396Z] > command requires scopes: ["email","openid","https://www.googleapis.com/auth/cloudplatformprojects.readonly","https://www.googleapis.com/auth/firebase","https://www.googleapis.com/auth/cloud-platform"]
[debug] [2026-04-12T15:48:58.397Z] > authorizing via signed-in user (kthompson@socfoundry.com)
[debug] [2026-04-12T15:48:58.428Z] Checked if tokens are valid: false, expires at: 1776003429427
[debug] [2026-04-12T15:48:58.428Z] Checked if tokens are valid: false, expires at: 1776003429427
[debug] [2026-04-12T15:48:58.428Z] > refreshing access token with scopes: []
[debug] [2026-04-12T15:48:58.429Z] >>> [apiv2][query] POST https://www.googleapis.com/oauth2/v3/token [none]
[debug] [2026-04-12T15:48:58.429Z] >>> [apiv2][body] POST https://www.googleapis.com/oauth2/v3/token [omitted]
[debug] [2026-04-12T15:48:58.557Z] <<< [apiv2][status] POST https://www.googleapis.com/oauth2/v3/token 400
[debug] [2026-04-12T15:48:58.557Z] <<< [apiv2][body] POST https://www.googleapis.com/oauth2/v3/token [omitted]
[error] Authentication Error: Your credentials are no longer valid. Please run firebase login --reauth

For CI servers and headless environments, generate a new token with firebase login:ci
[error] Authentication Error: Your credentials are no longer valid. Please run firebase login --reauth

For CI servers and headless environments, generate a new token with firebase login:ci
[debug] [2026-04-12T15:49:30.847Z] > command requires scopes: ["email","openid","https://www.googleapis.com/auth/cloudplatformprojects.readonly","https://www.googleapis.com/auth/firebase","https://www.googleapis.com/auth/cloud-platform"]
[debug] [2026-04-12T15:49:30.848Z] > authorizing via signed-in user (kthompson@socfoundry.com)
[debug] [2026-04-12T15:49:30.874Z] Checked if tokens are valid: false, expires at: 1776003429427
[debug] [2026-04-12T15:49:30.874Z] Checked if tokens are valid: false, expires at: 1776003429427
[debug] [2026-04-12T15:49:30.874Z] > refreshing access token with scopes: []
[debug] [2026-04-12T15:49:30.875Z] >>> [apiv2][query] POST https://www.googleapis.com/oauth2/v3/token [none]
[debug] [2026-04-12T15:49:30.875Z] >>> [apiv2][body] POST https://www.googleapis.com/oauth2/v3/token [omitted]
[debug] [2026-04-12T15:49:31.014Z] <<< [apiv2][status] POST https://www.googleapis.com/oauth2/v3/token 400
[debug] [2026-04-12T15:49:31.014Z] <<< [apiv2][body] POST https://www.googleapis.com/oauth2/v3/token [omitted]
[error] Authentication Error: Your credentials are no longer valid. Please run firebase login --reauth

For CI servers and headless environments, generate a new token with firebase login:ci
[error] Authentication Error: Your credentials are no longer valid. Please run firebase login --reauth

For CI servers and headless environments, generate a new token with firebase login:ci
[debug] [2026-04-12T19:48:00.593Z] > command requires scopes: ["email","openid","https://www.googleapis.com/auth/cloudplatformprojects.readonly","https://www.googleapis.com/auth/firebase","https://www.googleapis.com/auth/cloud-platform"]
[debug] [2026-04-12T19:48:00.594Z] > authorizing via signed-in user (kthompson@socfoundry.com)
[debug] [2026-04-12T19:48:00.626Z] Checked if tokens are valid: false, expires at: 1776003429427
[debug] [2026-04-12T19:48:00.626Z] Checked if tokens are valid: false, expires at: 1776003429427
[debug] [2026-04-12T19:48:00.626Z] > refreshing access token with scopes: []
[debug] [2026-04-12T19:48:00.627Z] >>> [apiv2][query] POST https://www.googleapis.com/oauth2/v3/token [none]
[debug] [2026-04-12T19:48:00.627Z] >>> [apiv2][body] POST https://www.googleapis.com/oauth2/v3/token [omitted]
[debug] [2026-04-12T19:48:00.750Z] <<< [apiv2][status] POST https://www.googleapis.com/oauth2/v3/token 400
[debug] [2026-04-12T19:48:00.750Z] <<< [apiv2][body] POST https://www.googleapis.com/oauth2/v3/token [omitted]
[error] Authentication Error: Your credentials are no longer valid. Please run firebase login --reauth

For CI servers and headless environments, generate a new token with firebase login:ci
[error] Authentication Error: Your credentials are no longer valid. Please run firebase login --reauth

For CI servers and headless environments, generate a new token with firebase login:ci
[debug] [2026-04-12T21:08:34.804Z] > command requires scopes: ["email","openid","https://www.googleapis.com/auth/cloudplatformprojects.readonly","https://www.googleapis.com/auth/firebase","https://www.googleapis.com/auth/cloud-platform"]
[debug] [2026-04-12T21:08:34.805Z] > authorizing via signed-in user (kthompson@socfoundry.com)
[debug] [2026-04-12T21:08:34.824Z] > command requires scopes: ["email","openid","https://www.googleapis.com/auth/cloudplatformprojects.readonly","https://www.googleapis.com/auth/firebase","https://www.googleapis.com/auth/cloud-platform"]
[debug] [2026-04-12T21:08:34.824Z] > authorizing via signed-in user (kthompson@socfoundry.com)
[debug] [2026-04-12T21:08:34.824Z] > command requires scopes: ["email","openid","https://www.googleapis.com/auth/cloudplatformprojects.readonly","https://www.googleapis.com/auth/firebase","https://www.googleapis.com/auth/cloud-platform"]
[debug] [2026-04-12T21:08:34.824Z] > authorizing via signed-in user (kthompson@socfoundry.com)
[debug] [2026-04-12T21:08:34.881Z] Checked if tokens are valid: false, expires at: 1776003429427
[debug] [2026-04-12T21:08:34.881Z] Checked if tokens are valid: false, expires at: 1776003429427
[debug] [2026-04-12T21:08:34.882Z] > refreshing access token with scopes: []
[debug] [2026-04-12T21:08:34.882Z] >>> [apiv2][query] POST https://www.googleapis.com/oauth2/v3/token [none]
[debug] [2026-04-12T21:08:34.882Z] >>> [apiv2][body] POST https://www.googleapis.com/oauth2/v3/token [omitted]
[debug] [2026-04-12T21:08:34.893Z] Checked if tokens are valid: false, expires at: 1776003429427
[debug] [2026-04-12T21:08:34.893Z] Checked if tokens are valid: false, expires at: 1776003429427
[debug] [2026-04-12T21:08:34.893Z] > refreshing access token with scopes: []
[debug] [2026-04-12T21:08:34.893Z] >>> [apiv2][query] POST https://www.googleapis.com/oauth2/v3/token [none]
[debug] [2026-04-12T21:08:34.893Z] >>> [apiv2][body] POST https://www.googleapis.com/oauth2/v3/token [omitted]
[debug] [2026-04-12T21:08:34.895Z] Checked if tokens are valid: false, expires at: 1776003429427
[debug] [2026-04-12T21:08:34.895Z] Checked if tokens are valid: false, expires at: 1776003429427
[debug] [2026-04-12T21:08:34.895Z] > refreshing access token with scopes: []
[debug] [2026-04-12T21:08:34.895Z] >>> [apiv2][query] POST https://www.googleapis.com/oauth2/v3/token [none]
[debug] [2026-04-12T21:08:34.895Z] >>> [apiv2][body] POST https://www.googleapis.com/oauth2/v3/token [omitted]
[debug] [2026-04-12T21:08:34.998Z] <<< [apiv2][status] POST https://www.googleapis.com/oauth2/v3/token 400
[debug] [2026-04-12T21:08:34.998Z] <<< [apiv2][body] POST https://www.googleapis.com/oauth2/v3/token [omitted]
[error] Authentication Error: Your credentials are no longer valid. Please run firebase login --reauth

For CI servers and headless environments, generate a new token with firebase login:ci
[error] Authentication Error: Your credentials are no longer valid. Please run firebase login --reauth

For CI servers and headless environments, generate a new token with firebase login:ci
[debug] [2026-04-12T21:08:35.006Z] <<< [apiv2][status] POST https://www.googleapis.com/oauth2/v3/token 400
[debug] [2026-04-12T21:08:35.006Z] <<< [apiv2][body] POST https://www.googleapis.com/oauth2/v3/token [omitted]
[error] Authentication Error: Your credentials are no longer valid. Please run firebase login --reauth

For CI servers and headless environments, generate a new token with firebase login:ci
[error] Authentication Error: Your credentials are no longer valid. Please run firebase login --reauth

For CI servers and headless environments, generate a new token with firebase login:ci
[debug] [2026-04-12T21:08:35.011Z] <<< [apiv2][status] POST https://www.googleapis.com/oauth2/v3/token 400
[debug] [2026-04-12T21:08:35.011Z] <<< [apiv2][body] POST https://www.googleapis.com/oauth2/v3/token [omitted]
[error] Authentication Error: Your credentials are no longer valid. Please run firebase login --reauth

For CI servers and headless environments, generate a new token with firebase login:ci
[error] Authentication Error: Your credentials are no longer valid. Please run firebase login --reauth

For CI servers and headless environments, generate a new token with firebase login:ci
[debug] [2026-04-12T21:08:35.039Z] > command requires scopes: ["email","openid","https://www.googleapis.com/auth/cloudplatformprojects.readonly","https://www.googleapis.com/auth/firebase","https://www.googleapis.com/auth/cloud-platform"]
[debug] [2026-04-12T21:08:35.039Z] > authorizing via signed-in user (kthompson@socfoundry.com)
[debug] [2026-04-12T21:08:35.039Z] >>> [apiv2][query] POST https://developerknowledge.googleapis.com/mcp [none]
[debug] [2026-04-12T21:08:35.039Z] >>> [apiv2][body] POST https://developerknowledge.googleapis.com/mcp {"method":"tools/list","jsonrpc":"2.0","id":1}
[debug] [2026-04-12T21:08:35.055Z] > command requires scopes: ["email","openid","https://www.googleapis.com/auth/cloudplatformprojects.readonly","https://www.googleapis.com/auth/firebase","https://www.googleapis.com/auth/cloud-platform"]
[debug] [2026-04-12T21:08:35.055Z] > authorizing via signed-in user (kthompson@socfoundry.com)
[debug] [2026-04-12T21:08:35.056Z] > command requires scopes: ["email","openid","https://www.googleapis.com/auth/cloudplatformprojects.readonly","https://www.googleapis.com/auth/firebase","https://www.googleapis.com/auth/cloud-platform"]
[debug] [2026-04-12T21:08:35.056Z] > authorizing via signed-in user (kthompson@socfoundry.com)
[debug] [2026-04-12T21:08:35.187Z] <<< [apiv2][status] POST https://developerknowledge.googleapis.com/mcp 200
[debug] [2026-04-12T21:08:35.187Z] <<< [apiv2][body] POST https://developerknowledge.googleapis.com/mcp {"id":1,"jsonrpc":"2.0","result":{"tools":[{"annotations":{"destructiveHint":false,"idempotentHint":true,"openWorldHint":false,"readOnlyHint":true},"description":"Use this tool to find documentation about Google developer products. The documents contain official APIs, code snippets, release notes, best practices, guides, debugging info, and more. It covers the following products and domains:\n\n\n* Android: developer.android.com\n\n* Apigee: docs.apigee.com\n\n* Chrome: developer.chrome.com\n\n* Firebase: firebase.google.com\n\n* Fuchsia: fuchsia.dev\n\n* Google AI: ai.google.dev\n\n* Google Cloud: docs.cloud.google.com\n\n* Google Developers, Ads, Search, Google Maps, Youtube: developers.google.com\n\n* Google Home: developers.home.google.com\n\n* TensorFlow: www.tensorflow.org\n\n* Web: web.dev\n\n\nThis tool returns chunks of text, names, and URLs for matching documents. If the returned chunks are not detailed enough to answer the user's question, use `get_documents` with the `parent` from this tool's output to retrieve the full document content.\n","inputSchema":{"description":"Request schema for search_documents. Use the query field to search for related Google developer documentation.","properties":{"query":{"description":"Required. The raw query string provided by the user, such as \"How to create a Cloud Storage bucket?\".","type":"string"}},"required":["query"],"type":"object"},"name":"search_documents","outputSchema":{"$defs":{"DocumentChunk":{"description":"A DocumentChunk represents a piece of content from a Document in the DeveloperKnowledge corpus. To fetch the entire document content, pass the `parent` to get_document or batch_get_documents.","properties":{"content":{"description":"Output only. The content of the document chunk.","readOnly":true,"type":"string"},"id":{"description":"Output only. The ID of this chunk within the document. The chunk ID is unique within a document, but not globally unique across documents. The chunk ID is not stable and may change over time.","readOnly":true,"type":"string"},"parent":{"description":"Output only. The resource name of the document this chunk is from. Format: `documents/{uri_without_scheme}` Example: `documents/docs.cloud.google.com/storage/docs/creating-buckets`","readOnly":true,"type":"string"}},"type":"object"}},"description":"Response schema for search_documents.","properties":{"results":{"description":"The search results for the given query. Each Document in this list contains a snippet of content relevant to the search query. Use the DocumentChunk.name field of each result with get_documents to retrieve the full document content.","items":{"$ref":"#/$defs/DocumentChunk"},"type":"array"}},"type":"object"}},{"annotations":{"destructiveHint":false,"idempotentHint":true,"openWorldHint":false,"readOnlyHint":true},"description":"Use this tool to retrieve the full content of a single document or up to 20 documents in a single call. The document names should be obtained from the `parent` field of results from a call to the `search_documents` tool. Set the `names` parameter to a list of document names.","inputSchema":{"description":"Request schema for get_documents.","properties":{"names":{"description":"Required. The names of the documents to retrieve, as returned by search_documents. A maximum of 20 documents can be retrieved in one call. The documents are returned in the same order as the `names` in the request. Format: `documents/{uri_without_scheme}` Example: `documents/docs.cloud.google.com/storage/docs/creating-buckets`","items":{"type":"string"},"type":"array"}},"required":["names"],"type":"object"},"name":"get_documents","outputSchema":{"$defs":{"Document":{"description":"A Document represents a piece of content from the Developer Knowledge corpus.","properties":{"content":{"description":"Output only. The content of the document in Markdown format.","readOnly":true,"type":"string"},"description":{"description":"Output only. A description of the document.","readOnly":true,"type":"string"},"name":{"description":"Identifier. The resource name of the document. Format: `documents/{uri_without_scheme}` Example: `documents/docs.cloud.google.com/storage/docs/creating-buckets`","type":"string","x-google-identifier":true},"title":{"description":"Output only. The title of the document.","readOnly":true,"type":"string"},"uri":{"description":"Output only. The URI of the content, such as `https://cloud.google.com/storage/docs/creating-buckets`.","readOnly":true,"type":"string"}},"type":"object"}},"description":"Response schema for get_documents.","properties":{"documents":{"description":"Documents requested.","items":{"$ref":"#/$defs/Document"},"type":"array"}},"type":"object"}}]}}
[debug] [2026-04-12T21:08:35.188Z] > command requires scopes: ["email","openid","https://www.googleapis.com/auth/cloudplatformprojects.readonly","https://www.googleapis.com/auth/firebase","https://www.googleapis.com/auth/cloud-platform"]
[debug] [2026-04-12T21:08:35.189Z] > authorizing via signed-in user (kthompson@socfoundry.com)
[debug] [2026-04-12T21:53:10.671Z] > command requires scopes: ["email","openid","https://www.googleapis.com/auth/cloudplatformprojects.readonly","https://www.googleapis.com/auth/firebase","https://www.googleapis.com/auth/cloud-platform"]
[debug] [2026-04-12T21:53:10.672Z] > authorizing via signed-in user (kthompson@socfoundry.com)
[debug] [2026-04-12T21:53:10.672Z] > command requires scopes: ["email","openid","https://www.googleapis.com/auth/cloudplatformprojects.readonly","https://www.googleapis.com/auth/firebase","https://www.googleapis.com/auth/cloud-platform"]
[debug] [2026-04-12T21:53:10.672Z] > authorizing via signed-in user (kthompson@socfoundry.com)
[debug] [2026-04-12T21:53:10.679Z] > command requires scopes: ["email","openid","https://www.googleapis.com/auth/cloudplatformprojects.readonly","https://www.googleapis.com/auth/firebase","https://www.googleapis.com/auth/cloud-platform"]
[debug] [2026-04-12T21:53:10.679Z] > authorizing via signed-in user (kthompson@socfoundry.com)
[debug] [2026-04-12T21:53:10.765Z] Checked if tokens are valid: false, expires at: 1776003429427
[debug] [2026-04-12T21:53:10.765Z] Checked if tokens are valid: false, expires at: 1776003429427
[debug] [2026-04-12T21:53:10.765Z] > refreshing access token with scopes: []
[debug] [2026-04-12T21:53:10.766Z] >>> [apiv2][query] POST https://www.googleapis.com/oauth2/v3/token [none]
[debug] [2026-04-12T21:53:10.766Z] >>> [apiv2][body] POST https://www.googleapis.com/oauth2/v3/token [omitted]
[debug] [2026-04-12T21:53:10.769Z] Checked if tokens are valid: false, expires at: 1776003429427
[debug] [2026-04-12T21:53:10.769Z] Checked if tokens are valid: false, expires at: 1776003429427
[debug] [2026-04-12T21:53:10.769Z] > refreshing access token with scopes: []
[debug] [2026-04-12T21:53:10.769Z] >>> [apiv2][query] POST https://www.googleapis.com/oauth2/v3/token [none]
[debug] [2026-04-12T21:53:10.769Z] >>> [apiv2][body] POST https://www.googleapis.com/oauth2/v3/token [omitted]
[debug] [2026-04-12T21:53:10.771Z] Checked if tokens are valid: false, expires at: 1776003429427
[debug] [2026-04-12T21:53:10.771Z] Checked if tokens are valid: false, expires at: 1776003429427
[debug] [2026-04-12T21:53:10.771Z] > refreshing access token with scopes: []
[debug] [2026-04-12T21:53:10.771Z] >>> [apiv2][query] POST https://www.googleapis.com/oauth2/v3/token [none]
[debug] [2026-04-12T21:53:10.771Z] >>> [apiv2][body] POST https://www.googleapis.com/oauth2/v3/token [omitted]
[debug] [2026-04-12T21:53:10.892Z] <<< [apiv2][status] POST https://www.googleapis.com/oauth2/v3/token 400
[debug] [2026-04-12T21:53:10.892Z] <<< [apiv2][body] POST https://www.googleapis.com/oauth2/v3/token [omitted]
[error] Authentication Error: Your credentials are no longer valid. Please run firebase login --reauth

For CI servers and headless environments, generate a new token with firebase login:ci
[error] Authentication Error: Your credentials are no longer valid. Please run firebase login --reauth

For CI servers and headless environments, generate a new token with firebase login:ci
[debug] [2026-04-12T21:53:10.894Z] <<< [apiv2][status] POST https://www.googleapis.com/oauth2/v3/token 400
[debug] [2026-04-12T21:53:10.894Z] <<< [apiv2][body] POST https://www.googleapis.com/oauth2/v3/token [omitted]
[error] Authentication Error: Your credentials are no longer valid. Please run firebase login --reauth

For CI servers and headless environments, generate a new token with firebase login:ci
[error] Authentication Error: Your credentials are no longer valid. Please run firebase login --reauth

For CI servers and headless environments, generate a new token with firebase login:ci
[debug] [2026-04-12T21:53:10.894Z] <<< [apiv2][status] POST https://www.googleapis.com/oauth2/v3/token 400
[debug] [2026-04-12T21:53:10.894Z] <<< [apiv2][body] POST https://www.googleapis.com/oauth2/v3/token [omitted]
[error] Authentication Error: Your credentials are no longer valid. Please run firebase login --reauth

For CI servers and headless environments, generate a new token with firebase login:ci
[error] Authentication Error: Your credentials are no longer valid. Please run firebase login --reauth

For CI servers and headless environments, generate a new token with firebase login:ci
[debug] [2026-04-12T21:53:10.934Z] > command requires scopes: ["email","openid","https://www.googleapis.com/auth/cloudplatformprojects.readonly","https://www.googleapis.com/auth/firebase","https://www.googleapis.com/auth/cloud-platform"]
[debug] [2026-04-12T21:53:10.934Z] > authorizing via signed-in user (kthompson@socfoundry.com)
[debug] [2026-04-12T21:53:10.934Z] > command requires scopes: ["email","openid","https://www.googleapis.com/auth/cloudplatformprojects.readonly","https://www.googleapis.com/auth/firebase","https://www.googleapis.com/auth/cloud-platform"]
[debug] [2026-04-12T21:53:10.934Z] > authorizing via signed-in user (kthompson@socfoundry.com)
[debug] [2026-04-12T21:53:10.935Z] > command requires scopes: ["email","openid","https://www.googleapis.com/auth/cloudplatformprojects.readonly","https://www.googleapis.com/auth/firebase","https://www.googleapis.com/auth/cloud-platform"]
[debug] [2026-04-12T21:53:10.935Z] > authorizing via signed-in user (kthompson@socfoundry.com)
[debug] [2026-04-12T21:53:10.935Z] >>> [apiv2][query] POST https://developerknowledge.googleapis.com/mcp [none]
[debug] [2026-04-12T21:53:10.935Z] >>> [apiv2][body] POST https://developerknowledge.googleapis.com/mcp {"method":"tools/list","jsonrpc":"2.0","id":1}
[debug] [2026-04-12T21:53:11.075Z] <<< [apiv2][status] POST https://developerknowledge.googleapis.com/mcp 200
[debug] [2026-04-12T21:53:11.075Z] <<< [apiv2][body] POST https://developerknowledge.googleapis.com/mcp {"id":1,"jsonrpc":"2.0","result":{"tools":[{"annotations":{"destructiveHint":false,"idempotentHint":true,"openWorldHint":false,"readOnlyHint":true},"description":"Use this tool to find documentation about Google developer products. The documents contain official APIs, code snippets, release notes, best practices, guides, debugging info, and more. It covers the following products and domains:\n\n\n* Android: developer.android.com\n\n* Apigee: docs.apigee.com\n\n* Chrome: developer.chrome.com\n\n* Firebase: firebase.google.com\n\n* Fuchsia: fuchsia.dev\n\n* Google AI: ai.google.dev\n\n* Google Cloud: docs.cloud.google.com\n\n* Google Developers, Ads, Search, Google Maps, Youtube: developers.google.com\n\n* Google Home: developers.home.google.com\n\n* TensorFlow: www.tensorflow.org\n\n* Web: web.dev\n\n\nThis tool returns chunks of text, names, and URLs for matching documents. If the returned chunks are not detailed enough to answer the user's question, use `get_documents` with the `parent` from this tool's output to retrieve the full document content.\n","inputSchema":{"description":"Request schema for search_documents. Use the query field to search for related Google developer documentation.","properties":{"query":{"description":"Required. The raw query string provided by the user, such as \"How to create a Cloud Storage bucket?\".","type":"string"}},"required":["query"],"type":"object"},"name":"search_documents","outputSchema":{"$defs":{"DocumentChunk":{"description":"A DocumentChunk represents a piece of content from a Document in the DeveloperKnowledge corpus. To fetch the entire document content, pass the `parent` to get_document or batch_get_documents.","properties":{"content":{"description":"Output only. The content of the document chunk.","readOnly":true,"type":"string"},"id":{"description":"Output only. The ID of this chunk within the document. The chunk ID is unique within a document, but not globally unique across documents. The chunk ID is not stable and may change over time.","readOnly":true,"type":"string"},"parent":{"description":"Output only. The resource name of the document this chunk is from. Format: `documents/{uri_without_scheme}` Example: `documents/docs.cloud.google.com/storage/docs/creating-buckets`","readOnly":true,"type":"string"}},"type":"object"}},"description":"Response schema for search_documents.","properties":{"results":{"description":"The search results for the given query. Each Document in this list contains a snippet of content relevant to the search query. Use the DocumentChunk.name field of each result with get_documents to retrieve the full document content.","items":{"$ref":"#/$defs/DocumentChunk"},"type":"array"}},"type":"object"}},{"annotations":{"destructiveHint":false,"idempotentHint":true,"openWorldHint":false,"readOnlyHint":true},"description":"Use this tool to retrieve the full content of a single document or up to 20 documents in a single call. The document names should be obtained from the `parent` field of results from a call to the `search_documents` tool. Set the `names` parameter to a list of document names.","inputSchema":{"description":"Request schema for get_documents.","properties":{"names":{"description":"Required. The names of the documents to retrieve, as returned by search_documents. A maximum of 20 documents can be retrieved in one call. The documents are returned in the same order as the `names` in the request. Format: `documents/{uri_without_scheme}` Example: `documents/docs.cloud.google.com/storage/docs/creating-buckets`","items":{"type":"string"},"type":"array"}},"required":["names"],"type":"object"},"name":"get_documents","outputSchema":{"$defs":{"Document":{"description":"A Document represents a piece of content from the Developer Knowledge corpus.","properties":{"content":{"description":"Output only. The content of the document in Markdown format.","readOnly":true,"type":"string"},"description":{"description":"Output only. A description of the document.","readOnly":true,"type":"string"},"name":{"description":"Identifier. The resource name of the document. Format: `documents/{uri_without_scheme}` Example: `documents/docs.cloud.google.com/storage/docs/creating-buckets`","type":"string","x-google-identifier":true},"title":{"description":"Output only. The title of the document.","readOnly":true,"type":"string"},"uri":{"description":"Output only. The URI of the content, such as `https://cloud.google.com/storage/docs/creating-buckets`.","readOnly":true,"type":"string"}},"type":"object"}},"description":"Response schema for get_documents.","properties":{"documents":{"description":"Documents requested.","items":{"$ref":"#/$defs/Document"},"type":"array"}},"type":"object"}}]}}
[debug] [2026-04-12T21:53:11.076Z] > command requires scopes: ["email","openid","https://www.googleapis.com/auth/cloudplatformprojects.readonly","https://www.googleapis.com/auth/firebase","https://www.googleapis.com/auth/cloud-platform"]
[debug] [2026-04-12T21:53:11.076Z] > authorizing via signed-in user (kthompson@socfoundry.com)
[debug] [2026-04-12T22:27:38.106Z] > command requires scopes: ["email","openid","https://www.googleapis.com/auth/cloudplatformprojects.readonly","https://www.googleapis.com/auth/firebase","https://www.googleapis.com/auth/cloud-platform"]
[debug] [2026-04-12T22:27:38.107Z] > authorizing via signed-in user (kthompson@socfoundry.com)
[debug] [2026-04-12T22:27:38.107Z] > command requires scopes: ["email","openid","https://www.googleapis.com/auth/cloudplatformprojects.readonly","https://www.googleapis.com/auth/firebase","https://www.googleapis.com/auth/cloud-platform"]
[debug] [2026-04-12T22:27:38.107Z] > authorizing via signed-in user (kthompson@socfoundry.com)
[debug] [2026-04-12T22:27:38.114Z] > command requires scopes: ["email","openid","https://www.googleapis.com/auth/cloudplatformprojects.readonly","https://www.googleapis.com/auth/firebase","https://www.googleapis.com/auth/cloud-platform"]
[debug] [2026-04-12T22:27:38.114Z] > authorizing via signed-in user (kthompson@socfoundry.com)
[debug] [2026-04-12T22:27:38.175Z] Checked if tokens are valid: false, expires at: 1776003429427
[debug] [2026-04-12T22:27:38.175Z] Checked if tokens are valid: false, expires at: 1776003429427
[debug] [2026-04-12T22:27:38.176Z] > refreshing access token with scopes: []
[debug] [2026-04-12T22:27:38.176Z] >>> [apiv2][query] POST https://www.googleapis.com/oauth2/v3/token [none]
[debug] [2026-04-12T22:27:38.176Z] >>> [apiv2][body] POST https://www.googleapis.com/oauth2/v3/token [omitted]
[debug] [2026-04-12T22:27:38.188Z] Checked if tokens are valid: false, expires at: 1776003429427
[debug] [2026-04-12T22:27:38.188Z] Checked if tokens are valid: false, expires at: 1776003429427
[debug] [2026-04-12T22:27:38.188Z] > refreshing access token with scopes: []
[debug] [2026-04-12T22:27:38.189Z] >>> [apiv2][query] POST https://www.googleapis.com/oauth2/v3/token [none]
[debug] [2026-04-12T22:27:38.189Z] >>> [apiv2][body] POST https://www.googleapis.com/oauth2/v3/token [omitted]
[debug] [2026-04-12T22:27:38.192Z] Checked if tokens are valid: false, expires at: 1776003429427
[debug] [2026-04-12T22:27:38.192Z] Checked if tokens are valid: false, expires at: 1776003429427
[debug] [2026-04-12T22:27:38.192Z] > refreshing access token with scopes: []
[debug] [2026-04-12T22:27:38.192Z] >>> [apiv2][query] POST https://www.googleapis.com/oauth2/v3/token [none]
[debug] [2026-04-12T22:27:38.192Z] >>> [apiv2][body] POST https://www.googleapis.com/oauth2/v3/token [omitted]
[debug] [2026-04-12T22:27:38.298Z] <<< [apiv2][status] POST https://www.googleapis.com/oauth2/v3/token 400
[debug] [2026-04-12T22:27:38.298Z] <<< [apiv2][body] POST https://www.googleapis.com/oauth2/v3/token [omitted]
[error] Authentication Error: Your credentials are no longer valid. Please run firebase login --reauth

For CI servers and headless environments, generate a new token with firebase login:ci
[error] Authentication Error: Your credentials are no longer valid. Please run firebase login --reauth

For CI servers and headless environments, generate a new token with firebase login:ci
[debug] [2026-04-12T22:27:38.301Z] <<< [apiv2][status] POST https://www.googleapis.com/oauth2/v3/token 400
[debug] [2026-04-12T22:27:38.302Z] <<< [apiv2][body] POST https://www.googleapis.com/oauth2/v3/token [omitted]
[error] Authentication Error: Your credentials are no longer valid. Please run firebase login --reauth

For CI servers and headless environments, generate a new token with firebase login:ci
[error] Authentication Error: Your credentials are no longer valid. Please run firebase login --reauth

For CI servers and headless environments, generate a new token with firebase login:ci
[debug] [2026-04-12T22:27:38.323Z] <<< [apiv2][status] POST https://www.googleapis.com/oauth2/v3/token 400
[debug] [2026-04-12T22:27:38.323Z] <<< [apiv2][body] POST https://www.googleapis.com/oauth2/v3/token [omitted]
[error] Authentication Error: Your credentials are no longer valid. Please run firebase login --reauth

For CI servers and headless environments, generate a new token with firebase login:ci
[error] Authentication Error: Your credentials are no longer valid. Please run firebase login --reauth

For CI servers and headless environments, generate a new token with firebase login:ci
[debug] [2026-04-12T22:27:38.345Z] > command requires scopes: ["email","openid","https://www.googleapis.com/auth/cloudplatformprojects.readonly","https://www.googleapis.com/auth/firebase","https://www.googleapis.com/auth/cloud-platform"]
[debug] [2026-04-12T22:27:38.345Z] > authorizing via signed-in user (kthompson@socfoundry.com)
[debug] [2026-04-12T22:27:38.346Z] > command requires scopes: ["email","openid","https://www.googleapis.com/auth/cloudplatformprojects.readonly","https://www.googleapis.com/auth/firebase","https://www.googleapis.com/auth/cloud-platform"]
[debug] [2026-04-12T22:27:38.346Z] > authorizing via signed-in user (kthompson@socfoundry.com)
[debug] [2026-04-12T22:27:38.365Z] > command requires scopes: ["email","openid","https://www.googleapis.com/auth/cloudplatformprojects.readonly","https://www.googleapis.com/auth/firebase","https://www.googleapis.com/auth/cloud-platform"]
[debug] [2026-04-12T22:27:38.365Z] > authorizing via signed-in user (kthompson@socfoundry.com)
[debug] [2026-04-12T22:27:38.366Z] >>> [apiv2][query] POST https://developerknowledge.googleapis.com/mcp [none]
[debug] [2026-04-12T22:27:38.366Z] >>> [apiv2][body] POST https://developerknowledge.googleapis.com/mcp {"method":"tools/list","jsonrpc":"2.0","id":1}
[debug] [2026-04-12T22:27:38.500Z] <<< [apiv2][status] POST https://developerknowledge.googleapis.com/mcp 200
[debug] [2026-04-12T22:27:38.500Z] <<< [apiv2][body] POST https://developerknowledge.googleapis.com/mcp {"id":1,"jsonrpc":"2.0","result":{"tools":[{"annotations":{"destructiveHint":false,"idempotentHint":true,"openWorldHint":false,"readOnlyHint":true},"description":"Use this tool to find documentation about Google developer products. The documents contain official APIs, code snippets, release notes, best practices, guides, debugging info, and more. It covers the following products and domains:\n\n\n* Android: developer.android.com\n\n* Apigee: docs.apigee.com\n\n* Chrome: developer.chrome.com\n\n* Firebase: firebase.google.com\n\n* Fuchsia: fuchsia.dev\n\n* Google AI: ai.google.dev\n\n* Google Cloud: docs.cloud.google.com\n\n* Google Developers, Ads, Search, Google Maps, Youtube: developers.google.com\n\n* Google Home: developers.home.google.com\n\n* TensorFlow: www.tensorflow.org\n\n* Web: web.dev\n\n\nThis tool returns chunks of text, names, and URLs for matching documents. If the returned chunks are not detailed enough to answer the user's question, use `get_documents` with the `parent` from this tool's output to retrieve the full document content.\n","inputSchema":{"description":"Request schema for search_documents. Use the query field to search for related Google developer documentation.","properties":{"query":{"description":"Required. The raw query string provided by the user, such as \"How to create a Cloud Storage bucket?\".","type":"string"}},"required":["query"],"type":"object"},"name":"search_documents","outputSchema":{"$defs":{"DocumentChunk":{"description":"A DocumentChunk represents a piece of content from a Document in the DeveloperKnowledge corpus. To fetch the entire document content, pass the `parent` to get_document or batch_get_documents.","properties":{"content":{"description":"Output only. The content of the document chunk.","readOnly":true,"type":"string"},"id":{"description":"Output only. The ID of this chunk within the document. The chunk ID is unique within a document, but not globally unique across documents. The chunk ID is not stable and may change over time.","readOnly":true,"type":"string"},"parent":{"description":"Output only. The resource name of the document this chunk is from. Format: `documents/{uri_without_scheme}` Example: `documents/docs.cloud.google.com/storage/docs/creating-buckets`","readOnly":true,"type":"string"}},"type":"object"}},"description":"Response schema for search_documents.","properties":{"results":{"description":"The search results for the given query. Each Document in this list contains a snippet of content relevant to the search query. Use the DocumentChunk.name field of each result with get_documents to retrieve the full document content.","items":{"$ref":"#/$defs/DocumentChunk"},"type":"array"}},"type":"object"}},{"annotations":{"destructiveHint":false,"idempotentHint":true,"openWorldHint":false,"readOnlyHint":true},"description":"Use this tool to retrieve the full content of a single document or up to 20 documents in a single call. The document names should be obtained from the `parent` field of results from a call to the `search_documents` tool. Set the `names` parameter to a list of document names.","inputSchema":{"description":"Request schema for get_documents.","properties":{"names":{"description":"Required. The names of the documents to retrieve, as returned by search_documents. A maximum of 20 documents can be retrieved in one call. The documents are returned in the same order as the `names` in the request. Format: `documents/{uri_without_scheme}` Example: `documents/docs.cloud.google.com/storage/docs/creating-buckets`","items":{"type":"string"},"type":"array"}},"required":["names"],"type":"object"},"name":"get_documents","outputSchema":{"$defs":{"Document":{"description":"A Document represents a piece of content from the Developer Knowledge corpus.","properties":{"content":{"description":"Output only. The content of the document in Markdown format.","readOnly":true,"type":"string"},"description":{"description":"Output only. A description of the document.","readOnly":true,"type":"string"},"name":{"description":"Identifier. The resource name of the document. Format: `documents/{uri_without_scheme}` Example: `documents/docs.cloud.google.com/storage/docs/creating-buckets`","type":"string","x-google-identifier":true},"title":{"description":"Output only. The title of the document.","readOnly":true,"type":"string"},"uri":{"description":"Output only. The URI of the content, such as `https://cloud.google.com/storage/docs/creating-buckets`.","readOnly":true,"type":"string"}},"type":"object"}},"description":"Response schema for get_documents.","properties":{"documents":{"description":"Documents requested.","items":{"$ref":"#/$defs/Document"},"type":"array"}},"type":"object"}}]}}
[debug] [2026-04-12T22:27:38.501Z] > command requires scopes: ["email","openid","https://www.googleapis.com/auth/cloudplatformprojects.readonly","https://www.googleapis.com/auth/firebase","https://www.googleapis.com/auth/cloud-platform"]
[debug] [2026-04-12T22:27:38.502Z] > authorizing via signed-in user (kthompson@socfoundry.com)
[debug] [2026-04-12T22:59:55.522Z] > command requires scopes: ["email","openid","https://www.googleapis.com/auth/cloudplatformprojects.readonly","https://www.googleapis.com/auth/firebase","https://www.googleapis.com/auth/cloud-platform"]
[debug] [2026-04-12T22:59:55.523Z] > authorizing via signed-in user (kthompson@socfoundry.com)
[debug] [2026-04-12T22:59:55.523Z] > command requires scopes: ["email","openid","https://www.googleapis.com/auth/cloudplatformprojects.readonly","https://www.googleapis.com/auth/firebase","https://www.googleapis.com/auth/cloud-platform"]
[debug] [2026-04-12T22:59:55.523Z] > authorizing via signed-in user (kthompson@socfoundry.com)
[debug] [2026-04-12T22:59:55.532Z] > command requires scopes: ["email","openid","https://www.googleapis.com/auth/cloudplatformprojects.readonly","https://www.googleapis.com/auth/firebase","https://www.googleapis.com/auth/cloud-platform"]
[debug] [2026-04-12T22:59:55.532Z] > authorizing via signed-in user (kthompson@socfoundry.com)
[debug] [2026-04-12T22:59:55.599Z] Checked if tokens are valid: false, expires at: 1776003429427
[debug] [2026-04-12T22:59:55.599Z] Checked if tokens are valid: false, expires at: 1776003429427
[debug] [2026-04-12T22:59:55.599Z] > refreshing access token with scopes: []
[debug] [2026-04-12T22:59:55.600Z] >>> [apiv2][query] POST https://www.googleapis.com/oauth2/v3/token [none]
[debug] [2026-04-12T22:59:55.601Z] >>> [apiv2][body] POST https://www.googleapis.com/oauth2/v3/token [omitted]
[debug] [2026-04-12T22:59:55.604Z] Checked if tokens are valid: false, expires at: 1776003429427
[debug] [2026-04-12T22:59:55.604Z] Checked if tokens are valid: false, expires at: 1776003429427
[debug] [2026-04-12T22:59:55.604Z] > refreshing access token with scopes: []
[debug] [2026-04-12T22:59:55.604Z] >>> [apiv2][query] POST https://www.googleapis.com/oauth2/v3/token [none]
[debug] [2026-04-12T22:59:55.604Z] >>> [apiv2][body] POST https://www.googleapis.com/oauth2/v3/token [omitted]
[debug] [2026-04-12T22:59:55.606Z] Checked if tokens are valid: false, expires at: 1776003429427
[debug] [2026-04-12T22:59:55.606Z] Checked if tokens are valid: false, expires at: 1776003429427
[debug] [2026-04-12T22:59:55.606Z] > refreshing access token with scopes: []
[debug] [2026-04-12T22:59:55.606Z] >>> [apiv2][query] POST https://www.googleapis.com/oauth2/v3/token [none]
[debug] [2026-04-12T22:59:55.606Z] >>> [apiv2][body] POST https://www.googleapis.com/oauth2/v3/token [omitted]
[debug] [2026-04-12T22:59:55.719Z] <<< [apiv2][status] POST https://www.googleapis.com/oauth2/v3/token 400
[debug] [2026-04-12T22:59:55.719Z] <<< [apiv2][body] POST https://www.googleapis.com/oauth2/v3/token [omitted]
[error] Authentication Error: Your credentials are no longer valid. Please run firebase login --reauth

For CI servers and headless environments, generate a new token with firebase login:ci
[error] Authentication Error: Your credentials are no longer valid. Please run firebase login --reauth

For CI servers and headless environments, generate a new token with firebase login:ci
[debug] [2026-04-12T22:59:55.720Z] <<< [apiv2][status] POST https://www.googleapis.com/oauth2/v3/token 400
[debug] [2026-04-12T22:59:55.720Z] <<< [apiv2][body] POST https://www.googleapis.com/oauth2/v3/token [omitted]
[error] Authentication Error: Your credentials are no longer valid. Please run firebase login --reauth

For CI servers and headless environments, generate a new token with firebase login:ci
[error] Authentication Error: Your credentials are no longer valid. Please run firebase login --reauth

For CI servers and headless environments, generate a new token with firebase login:ci
[debug] [2026-04-12T22:59:55.728Z] <<< [apiv2][status] POST https://www.googleapis.com/oauth2/v3/token 400
[debug] [2026-04-12T22:59:55.728Z] <<< [apiv2][body] POST https://www.googleapis.com/oauth2/v3/token [omitted]
[error] Authentication Error: Your credentials are no longer valid. Please run firebase login --reauth

For CI servers and headless environments, generate a new token with firebase login:ci
[error] Authentication Error: Your credentials are no longer valid. Please run firebase login --reauth

For CI servers and headless environments, generate a new token with firebase login:ci
[debug] [2026-04-12T22:59:55.763Z] > command requires scopes: ["email","openid","https://www.googleapis.com/auth/cloudplatformprojects.readonly","https://www.googleapis.com/auth/firebase","https://www.googleapis.com/auth/cloud-platform"]
[debug] [2026-04-12T22:59:55.763Z] > authorizing via signed-in user (kthompson@socfoundry.com)
[debug] [2026-04-12T22:59:55.763Z] > command requires scopes: ["email","openid","https://www.googleapis.com/auth/cloudplatformprojects.readonly","https://www.googleapis.com/auth/firebase","https://www.googleapis.com/auth/cloud-platform"]
[debug] [2026-04-12T22:59:55.763Z] > authorizing via signed-in user (kthompson@socfoundry.com)
[debug] [2026-04-12T22:59:55.770Z] > command requires scopes: ["email","openid","https://www.googleapis.com/auth/cloudplatformprojects.readonly","https://www.googleapis.com/auth/firebase","https://www.googleapis.com/auth/cloud-platform"]
[debug] [2026-04-12T22:59:55.770Z] > authorizing via signed-in user (kthompson@socfoundry.com)
[debug] [2026-04-12T22:59:55.770Z] >>> [apiv2][query] POST https://developerknowledge.googleapis.com/mcp [none]
[debug] [2026-04-12T22:59:55.770Z] >>> [apiv2][body] POST https://developerknowledge.googleapis.com/mcp {"method":"tools/list","jsonrpc":"2.0","id":1}
[debug] [2026-04-12T22:59:56.001Z] <<< [apiv2][status] POST https://developerknowledge.googleapis.com/mcp 200
[debug] [2026-04-12T22:59:56.001Z] <<< [apiv2][body] POST https://developerknowledge.googleapis.com/mcp {"id":1,"jsonrpc":"2.0","result":{"tools":[{"annotations":{"destructiveHint":false,"idempotentHint":true,"openWorldHint":false,"readOnlyHint":true},"description":"Use this tool to find documentation about Google developer products. The documents contain official APIs, code snippets, release notes, best practices, guides, debugging info, and more. It covers the following products and domains:\n\n\n* Android: developer.android.com\n\n* Apigee: docs.apigee.com\n\n* Chrome: developer.chrome.com\n\n* Firebase: firebase.google.com\n\n* Fuchsia: fuchsia.dev\n\n* Google AI: ai.google.dev\n\n* Google Cloud: docs.cloud.google.com\n\n* Google Developers, Ads, Search, Google Maps, Youtube: developers.google.com\n\n* Google Home: developers.home.google.com\n\n* TensorFlow: www.tensorflow.org\n\n* Web: web.dev\n\n\nThis tool returns chunks of text, names, and URLs for matching documents. If the returned chunks are not detailed enough to answer the user's question, use `get_documents` with the `parent` from this tool's output to retrieve the full document content.\n","inputSchema":{"description":"Request schema for search_documents. Use the query field to search for related Google developer documentation.","properties":{"query":{"description":"Required. The raw query string provided by the user, such as \"How to create a Cloud Storage bucket?\".","type":"string"}},"required":["query"],"type":"object"},"name":"search_documents","outputSchema":{"$defs":{"DocumentChunk":{"description":"A DocumentChunk represents a piece of content from a Document in the DeveloperKnowledge corpus. To fetch the entire document content, pass the `parent` to get_document or batch_get_documents.","properties":{"content":{"description":"Output only. The content of the document chunk.","readOnly":true,"type":"string"},"id":{"description":"Output only. The ID of this chunk within the document. The chunk ID is unique within a document, but not globally unique across documents. The chunk ID is not stable and may change over time.","readOnly":true,"type":"string"},"parent":{"description":"Output only. The resource name of the document this chunk is from. Format: `documents/{uri_without_scheme}` Example: `documents/docs.cloud.google.com/storage/docs/creating-buckets`","readOnly":true,"type":"string"}},"type":"object"}},"description":"Response schema for search_documents.","properties":{"results":{"description":"The search results for the given query. Each Document in this list contains a snippet of content relevant to the search query. Use the DocumentChunk.name field of each result with get_documents to retrieve the full document content.","items":{"$ref":"#/$defs/DocumentChunk"},"type":"array"}},"type":"object"}},{"annotations":{"destructiveHint":false,"idempotentHint":true,"openWorldHint":false,"readOnlyHint":true},"description":"Use this tool to retrieve the full content of a single document or up to 20 documents in a single call. The document names should be obtained from the `parent` field of results from a call to the `search_documents` tool. Set the `names` parameter to a list of document names.","inputSchema":{"description":"Request schema for get_documents.","properties":{"names":{"description":"Required. The names of the documents to retrieve, as returned by search_documents. A maximum of 20 documents can be retrieved in one call. The documents are returned in the same order as the `names` in the request. Format: `documents/{uri_without_scheme}` Example: `documents/docs.cloud.google.com/storage/docs/creating-buckets`","items":{"type":"string"},"type":"array"}},"required":["names"],"type":"object"},"name":"get_documents","outputSchema":{"$defs":{"Document":{"description":"A Document represents a piece of content from the Developer Knowledge corpus.","properties":{"content":{"description":"Output only. The content of the document in Markdown format.","readOnly":true,"type":"string"},"description":{"description":"Output only. A description of the document.","readOnly":true,"type":"string"},"name":{"description":"Identifier. The resource name of the document. Format: `documents/{uri_without_scheme}` Example: `documents/docs.cloud.google.com/storage/docs/creating-buckets`","type":"string","x-google-identifier":true},"title":{"description":"Output only. The title of the document.","readOnly":true,"type":"string"},"uri":{"description":"Output only. The URI of the content, such as `https://cloud.google.com/storage/docs/creating-buckets`.","readOnly":true,"type":"string"}},"type":"object"}},"description":"Response schema for get_documents.","properties":{"documents":{"description":"Documents requested.","items":{"$ref":"#/$defs/Document"},"type":"array"}},"type":"object"}}]}}
[debug] [2026-04-12T22:59:56.002Z] > command requires scopes: ["email","openid","https://www.googleapis.com/auth/cloudplatformprojects.readonly","https://www.googleapis.com/auth/firebase","https://www.googleapis.com/auth/cloud-platform"]
[debug] [2026-04-12T22:59:56.002Z] > authorizing via signed-in user (kthompson@socfoundry.com)
[debug] [2026-04-13T01:04:05.572Z] > command requires scopes: ["email","openid","https://www.googleapis.com/auth/cloudplatformprojects.readonly","https://www.googleapis.com/auth/firebase","https://www.googleapis.com/auth/cloud-platform"]
[debug] [2026-04-13T01:04:05.572Z] > authorizing via signed-in user (kthompson@socfoundry.com)
[debug] [2026-04-13T01:04:05.582Z] > command requires scopes: ["email","openid","https://www.googleapis.com/auth/cloudplatformprojects.readonly","https://www.googleapis.com/auth/firebase","https://www.googleapis.com/auth/cloud-platform"]
[debug] [2026-04-13T01:04:05.582Z] > authorizing via signed-in user (kthompson@socfoundry.com)
[debug] [2026-04-13T01:04:05.582Z] > command requires scopes: ["email","openid","https://www.googleapis.com/auth/cloudplatformprojects.readonly","https://www.googleapis.com/auth/firebase","https://www.googleapis.com/auth/cloud-platform"]
[debug] [2026-04-13T01:04:05.582Z] > authorizing via signed-in user (kthompson@socfoundry.com)
[debug] [2026-04-13T01:04:05.653Z] Checked if tokens are valid: false, expires at: 1776003429427
[debug] [2026-04-13T01:04:05.653Z] Checked if tokens are valid: false, expires at: 1776003429427
[debug] [2026-04-13T01:04:05.653Z] > refreshing access token with scopes: []
[debug] [2026-04-13T01:04:05.654Z] >>> [apiv2][query] POST https://www.googleapis.com/oauth2/v3/token [none]
[debug] [2026-04-13T01:04:05.654Z] >>> [apiv2][body] POST https://www.googleapis.com/oauth2/v3/token [omitted]
[debug] [2026-04-13T01:04:05.657Z] Checked if tokens are valid: false, expires at: 1776003429427
[debug] [2026-04-13T01:04:05.657Z] Checked if tokens are valid: false, expires at: 1776003429427
[debug] [2026-04-13T01:04:05.657Z] > refreshing access token with scopes: []
[debug] [2026-04-13T01:04:05.657Z] >>> [apiv2][query] POST https://www.googleapis.com/oauth2/v3/token [none]
[debug] [2026-04-13T01:04:05.657Z] >>> [apiv2][body] POST https://www.googleapis.com/oauth2/v3/token [omitted]
[debug] [2026-04-13T01:04:05.660Z] Checked if tokens are valid: false, expires at: 1776003429427
[debug] [2026-04-13T01:04:05.660Z] Checked if tokens are valid: false, expires at: 1776003429427
[debug] [2026-04-13T01:04:05.660Z] > refreshing access token with scopes: []
[debug] [2026-04-13T01:04:05.660Z] >>> [apiv2][query] POST https://www.googleapis.com/oauth2/v3/token [none]
[debug] [2026-04-13T01:04:05.660Z] >>> [apiv2][body] POST https://www.googleapis.com/oauth2/v3/token [omitted]
[debug] [2026-04-13T01:04:05.776Z] <<< [apiv2][status] POST https://www.googleapis.com/oauth2/v3/token 400
[debug] [2026-04-13T01:04:05.776Z] <<< [apiv2][body] POST https://www.googleapis.com/oauth2/v3/token [omitted]
[error] Authentication Error: Your credentials are no longer valid. Please run firebase login --reauth

For CI servers and headless environments, generate a new token with firebase login:ci
[error] Authentication Error: Your credentials are no longer valid. Please run firebase login --reauth

For CI servers and headless environments, generate a new token with firebase login:ci
[debug] [2026-04-13T01:04:05.776Z] <<< [apiv2][status] POST https://www.googleapis.com/oauth2/v3/token 400
[debug] [2026-04-13T01:04:05.776Z] <<< [apiv2][body] POST https://www.googleapis.com/oauth2/v3/token [omitted]
[error] Authentication Error: Your credentials are no longer valid. Please run firebase login --reauth

For CI servers and headless environments, generate a new token with firebase login:ci
[error] Authentication Error: Your credentials are no longer valid. Please run firebase login --reauth

For CI servers and headless environments, generate a new token with firebase login:ci
[debug] [2026-04-13T01:04:05.780Z] <<< [apiv2][status] POST https://www.googleapis.com/oauth2/v3/token 400
[debug] [2026-04-13T01:04:05.780Z] <<< [apiv2][body] POST https://www.googleapis.com/oauth2/v3/token [omitted]
[error] Authentication Error: Your credentials are no longer valid. Please run firebase login --reauth

For CI servers and headless environments, generate a new token with firebase login:ci
[error] Authentication Error: Your credentials are no longer valid. Please run firebase login --reauth

For CI servers and headless environments, generate a new token with firebase login:ci
[debug] [2026-04-13T01:04:05.819Z] > command requires scopes: ["email","openid","https://www.googleapis.com/auth/cloudplatformprojects.readonly","https://www.googleapis.com/auth/firebase","https://www.googleapis.com/auth/cloud-platform"]
[debug] [2026-04-13T01:04:05.819Z] > authorizing via signed-in user (kthompson@socfoundry.com)
[debug] [2026-04-13T01:04:05.820Z] > command requires scopes: ["email","openid","https://www.googleapis.com/auth/cloudplatformprojects.readonly","https://www.googleapis.com/auth/firebase","https://www.googleapis.com/auth/cloud-platform"]
[debug] [2026-04-13T01:04:05.820Z] > authorizing via signed-in user (kthompson@socfoundry.com)
[debug] [2026-04-13T01:04:05.823Z] > command requires scopes: ["email","openid","https://www.googleapis.com/auth/cloudplatformprojects.readonly","https://www.googleapis.com/auth/firebase","https://www.googleapis.com/auth/cloud-platform"]
[debug] [2026-04-13T01:04:05.823Z] > authorizing via signed-in user (kthompson@socfoundry.com)
[debug] [2026-04-13T01:04:05.824Z] >>> [apiv2][query] POST https://developerknowledge.googleapis.com/mcp [none]
[debug] [2026-04-13T01:04:05.824Z] >>> [apiv2][body] POST https://developerknowledge.googleapis.com/mcp {"method":"tools/list","jsonrpc":"2.0","id":1}
[debug] [2026-04-13T01:04:05.977Z] <<< [apiv2][status] POST https://developerknowledge.googleapis.com/mcp 200
[debug] [2026-04-13T01:04:05.977Z] <<< [apiv2][body] POST https://developerknowledge.googleapis.com/mcp {"id":1,"jsonrpc":"2.0","result":{"tools":[{"annotations":{"destructiveHint":false,"idempotentHint":true,"openWorldHint":false,"readOnlyHint":true},"description":"Use this tool to find documentation about Google developer products. The documents contain official APIs, code snippets, release notes, best practices, guides, debugging info, and more. It covers the following products and domains:\n\n\n* Android: developer.android.com\n\n* Apigee: docs.apigee.com\n\n* Chrome: developer.chrome.com\n\n* Firebase: firebase.google.com\n\n* Fuchsia: fuchsia.dev\n\n* Google AI: ai.google.dev\n\n* Google Cloud: docs.cloud.google.com\n\n* Google Developers, Ads, Search, Google Maps, Youtube: developers.google.com\n\n* Google Home: developers.home.google.com\n\n* TensorFlow: www.tensorflow.org\n\n* Web: web.dev\n\n\nThis tool returns chunks of text, names, and URLs for matching documents. If the returned chunks are not detailed enough to answer the user's question, use `get_documents` with the `parent` from this tool's output to retrieve the full document content.\n","inputSchema":{"description":"Request schema for search_documents. Use the query field to search for related Google developer documentation.","properties":{"query":{"description":"Required. The raw query string provided by the user, such as \"How to create a Cloud Storage bucket?\".","type":"string"}},"required":["query"],"type":"object"},"name":"search_documents","outputSchema":{"$defs":{"DocumentChunk":{"description":"A DocumentChunk represents a piece of content from a Document in the DeveloperKnowledge corpus. To fetch the entire document content, pass the `parent` to get_document or batch_get_documents.","properties":{"content":{"description":"Output only. The content of the document chunk.","readOnly":true,"type":"string"},"id":{"description":"Output only. The ID of this chunk within the document. The chunk ID is unique within a document, but not globally unique across documents. The chunk ID is not stable and may change over time.","readOnly":true,"type":"string"},"parent":{"description":"Output only. The resource name of the document this chunk is from. Format: `documents/{uri_without_scheme}` Example: `documents/docs.cloud.google.com/storage/docs/creating-buckets`","readOnly":true,"type":"string"}},"type":"object"}},"description":"Response schema for search_documents.","properties":{"results":{"description":"The search results for the given query. Each Document in this list contains a snippet of content relevant to the search query. Use the DocumentChunk.name field of each result with get_documents to retrieve the full document content.","items":{"$ref":"#/$defs/DocumentChunk"},"type":"array"}},"type":"object"}},{"annotations":{"destructiveHint":false,"idempotentHint":true,"openWorldHint":false,"readOnlyHint":true},"description":"Use this tool to retrieve the full content of a single document or up to 20 documents in a single call. The document names should be obtained from the `parent` field of results from a call to the `search_documents` tool. Set the `names` parameter to a list of document names.","inputSchema":{"description":"Request schema for get_documents.","properties":{"names":{"description":"Required. The names of the documents to retrieve, as returned by search_documents. A maximum of 20 documents can be retrieved in one call. The documents are returned in the same order as the `names` in the request. Format: `documents/{uri_without_scheme}` Example: `documents/docs.cloud.google.com/storage/docs/creating-buckets`","items":{"type":"string"},"type":"array"}},"required":["names"],"type":"object"},"name":"get_documents","outputSchema":{"$defs":{"Document":{"description":"A Document represents a piece of content from the Developer Knowledge corpus.","properties":{"content":{"description":"Output only. The content of the document in Markdown format.","readOnly":true,"type":"string"},"description":{"description":"Output only. A description of the document.","readOnly":true,"type":"string"},"name":{"description":"Identifier. The resource name of the document. Format: `documents/{uri_without_scheme}` Example: `documents/docs.cloud.google.com/storage/docs/creating-buckets`","type":"string","x-google-identifier":true},"title":{"description":"Output only. The title of the document.","readOnly":true,"type":"string"},"uri":{"description":"Output only. The URI of the content, such as `https://cloud.google.com/storage/docs/creating-buckets`.","readOnly":true,"type":"string"}},"type":"object"}},"description":"Response schema for get_documents.","properties":{"documents":{"description":"Documents requested.","items":{"$ref":"#/$defs/Document"},"type":"array"}},"type":"object"}}]}}
[debug] [2026-04-13T01:04:05.978Z] > command requires scopes: ["email","openid","https://www.googleapis.com/auth/cloudplatformprojects.readonly","https://www.googleapis.com/auth/firebase","https://www.googleapis.com/auth/cloud-platform"]
[debug] [2026-04-13T01:04:05.978Z] > authorizing via signed-in user (kthompson@socfoundry.com)
[debug] [2026-04-13T02:31:46.120Z] > command requires scopes: ["email","openid","https://www.googleapis.com/auth/cloudplatformprojects.readonly","https://www.googleapis.com/auth/firebase","https://www.googleapis.com/auth/cloud-platform"]
[debug] [2026-04-13T02:31:46.121Z] > authorizing via signed-in user (kthompson@socfoundry.com)
[debug] [2026-04-13T02:31:46.131Z] > command requires scopes: ["email","openid","https://www.googleapis.com/auth/cloudplatformprojects.readonly","https://www.googleapis.com/auth/firebase","https://www.googleapis.com/auth/cloud-platform"]
[debug] [2026-04-13T02:31:46.131Z] > authorizing via signed-in user (kthompson@socfoundry.com)
[debug] [2026-04-13T02:31:46.131Z] > command requires scopes: ["email","openid","https://www.googleapis.com/auth/cloudplatformprojects.readonly","https://www.googleapis.com/auth/firebase","https://www.googleapis.com/auth/cloud-platform"]
[debug] [2026-04-13T02:31:46.131Z] > authorizing via signed-in user (kthompson@socfoundry.com)
[debug] [2026-04-13T02:31:46.218Z] Checked if tokens are valid: false, expires at: 1776003429427
[debug] [2026-04-13T02:31:46.218Z] Checked if tokens are valid: false, expires at: 1776003429427
[debug] [2026-04-13T02:31:46.218Z] > refreshing access token with scopes: []
[debug] [2026-04-13T02:31:46.219Z] >>> [apiv2][query] POST https://www.googleapis.com/oauth2/v3/token [none]
[debug] [2026-04-13T02:31:46.219Z] >>> [apiv2][body] POST https://www.googleapis.com/oauth2/v3/token [omitted]
[debug] [2026-04-13T02:31:46.224Z] Checked if tokens are valid: false, expires at: 1776003429427
[debug] [2026-04-13T02:31:46.224Z] Checked if tokens are valid: false, expires at: 1776003429427
[debug] [2026-04-13T02:31:46.224Z] > refreshing access token with scopes: []
[debug] [2026-04-13T02:31:46.225Z] >>> [apiv2][query] POST https://www.googleapis.com/oauth2/v3/token [none]
[debug] [2026-04-13T02:31:46.225Z] >>> [apiv2][body] POST https://www.googleapis.com/oauth2/v3/token [omitted]
[debug] [2026-04-13T02:31:46.227Z] Checked if tokens are valid: false, expires at: 1776003429427
[debug] [2026-04-13T02:31:46.227Z] Checked if tokens are valid: false, expires at: 1776003429427
[debug] [2026-04-13T02:31:46.227Z] > refreshing access token with scopes: []
[debug] [2026-04-13T02:31:46.227Z] >>> [apiv2][query] POST https://www.googleapis.com/oauth2/v3/token [none]
[debug] [2026-04-13T02:31:46.227Z] >>> [apiv2][body] POST https://www.googleapis.com/oauth2/v3/token [omitted]
[debug] [2026-04-13T02:31:46.362Z] <<< [apiv2][status] POST https://www.googleapis.com/oauth2/v3/token 400
[debug] [2026-04-13T02:31:46.362Z] <<< [apiv2][body] POST https://www.googleapis.com/oauth2/v3/token [omitted]
[error] Authentication Error: Your credentials are no longer valid. Please run firebase login --reauth

For CI servers and headless environments, generate a new token with firebase login:ci
[error] Authentication Error: Your credentials are no longer valid. Please run firebase login --reauth

For CI servers and headless environments, generate a new token with firebase login:ci
[debug] [2026-04-13T02:31:46.363Z] <<< [apiv2][status] POST https://www.googleapis.com/oauth2/v3/token 400
[debug] [2026-04-13T02:31:46.363Z] <<< [apiv2][body] POST https://www.googleapis.com/oauth2/v3/token [omitted]
[error] Authentication Error: Your credentials are no longer valid. Please run firebase login --reauth

For CI servers and headless environments, generate a new token with firebase login:ci
[error] Authentication Error: Your credentials are no longer valid. Please run firebase login --reauth

For CI servers and headless environments, generate a new token with firebase login:ci
[debug] [2026-04-13T02:31:46.364Z] <<< [apiv2][status] POST https://www.googleapis.com/oauth2/v3/token 400
[debug] [2026-04-13T02:31:46.364Z] <<< [apiv2][body] POST https://www.googleapis.com/oauth2/v3/token [omitted]
[error] Authentication Error: Your credentials are no longer valid. Please run firebase login --reauth

For CI servers and headless environments, generate a new token with firebase login:ci
[error] Authentication Error: Your credentials are no longer valid. Please run firebase login --reauth

For CI servers and headless environments, generate a new token with firebase login:ci
[debug] [2026-04-13T02:31:46.405Z] > command requires scopes: ["email","openid","https://www.googleapis.com/auth/cloudplatformprojects.readonly","https://www.googleapis.com/auth/firebase","https://www.googleapis.com/auth/cloud-platform"]
[debug] [2026-04-13T02:31:46.405Z] > authorizing via signed-in user (kthompson@socfoundry.com)
[debug] [2026-04-13T02:31:46.405Z] >>> [apiv2][query] POST https://developerknowledge.googleapis.com/mcp [none]
[debug] [2026-04-13T02:31:46.405Z] >>> [apiv2][body] POST https://developerknowledge.googleapis.com/mcp {"method":"tools/list","jsonrpc":"2.0","id":1}
[debug] [2026-04-13T02:31:46.407Z] > command requires scopes: ["email","openid","https://www.googleapis.com/auth/cloudplatformprojects.readonly","https://www.googleapis.com/auth/firebase","https://www.googleapis.com/auth/cloud-platform"]
[debug] [2026-04-13T02:31:46.408Z] > authorizing via signed-in user (kthompson@socfoundry.com)
[debug] [2026-04-13T02:31:46.408Z] > command requires scopes: ["email","openid","https://www.googleapis.com/auth/cloudplatformprojects.readonly","https://www.googleapis.com/auth/firebase","https://www.googleapis.com/auth/cloud-platform"]
[debug] [2026-04-13T02:31:46.408Z] > authorizing via signed-in user (kthompson@socfoundry.com)
[debug] [2026-04-13T02:31:46.552Z] <<< [apiv2][status] POST https://developerknowledge.googleapis.com/mcp 200
[debug] [2026-04-13T02:31:46.552Z] <<< [apiv2][body] POST https://developerknowledge.googleapis.com/mcp {"id":1,"jsonrpc":"2.0","result":{"tools":[{"annotations":{"destructiveHint":false,"idempotentHint":true,"openWorldHint":false,"readOnlyHint":true},"description":"Use this tool to find documentation about Google developer products. The documents contain official APIs, code snippets, release notes, best practices, guides, debugging info, and more. It covers the following products and domains:\n\n\n* Android: developer.android.com\n\n* Apigee: docs.apigee.com\n\n* Chrome: developer.chrome.com\n\n* Firebase: firebase.google.com\n\n* Fuchsia: fuchsia.dev\n\n* Google AI: ai.google.dev\n\n* Google Cloud: docs.cloud.google.com\n\n* Google Developers, Ads, Search, Google Maps, Youtube: developers.google.com\n\n* Google Home: developers.home.google.com\n\n* TensorFlow: www.tensorflow.org\n\n* Web: web.dev\n\n\nThis tool returns chunks of text, names, and URLs for matching documents. If the returned chunks are not detailed enough to answer the user's question, use `get_documents` with the `parent` from this tool's output to retrieve the full document content.\n","inputSchema":{"description":"Request schema for search_documents. Use the query field to search for related Google developer documentation.","properties":{"query":{"description":"Required. The raw query string provided by the user, such as \"How to create a Cloud Storage bucket?\".","type":"string"}},"required":["query"],"type":"object"},"name":"search_documents","outputSchema":{"$defs":{"DocumentChunk":{"description":"A DocumentChunk represents a piece of content from a Document in the DeveloperKnowledge corpus. To fetch the entire document content, pass the `parent` to get_document or batch_get_documents.","properties":{"content":{"description":"Output only. The content of the document chunk.","readOnly":true,"type":"string"},"id":{"description":"Output only. The ID of this chunk within the document. The chunk ID is unique within a document, but not globally unique across documents. The chunk ID is not stable and may change over time.","readOnly":true,"type":"string"},"parent":{"description":"Output only. The resource name of the document this chunk is from. Format: `documents/{uri_without_scheme}` Example: `documents/docs.cloud.google.com/storage/docs/creating-buckets`","readOnly":true,"type":"string"}},"type":"object"}},"description":"Response schema for search_documents.","properties":{"results":{"description":"The search results for the given query. Each Document in this list contains a snippet of content relevant to the search query. Use the DocumentChunk.name field of each result with get_documents to retrieve the full document content.","items":{"$ref":"#/$defs/DocumentChunk"},"type":"array"}},"type":"object"}},{"annotations":{"destructiveHint":false,"idempotentHint":true,"openWorldHint":false,"readOnlyHint":true},"description":"Use this tool to retrieve the full content of a single document or up to 20 documents in a single call. The document names should be obtained from the `parent` field of results from a call to the `search_documents` tool. Set the `names` parameter to a list of document names.","inputSchema":{"description":"Request schema for get_documents.","properties":{"names":{"description":"Required. The names of the documents to retrieve, as returned by search_documents. A maximum of 20 documents can be retrieved in one call. The documents are returned in the same order as the `names` in the request. Format: `documents/{uri_without_scheme}` Example: `documents/docs.cloud.google.com/storage/docs/creating-buckets`","items":{"type":"string"},"type":"array"}},"required":["names"],"type":"object"},"name":"get_documents","outputSchema":{"$defs":{"Document":{"description":"A Document represents a piece of content from the Developer Knowledge corpus.","properties":{"content":{"description":"Output only. The content of the document in Markdown format.","readOnly":true,"type":"string"},"description":{"description":"Output only. A description of the document.","readOnly":true,"type":"string"},"name":{"description":"Identifier. The resource name of the document. Format: `documents/{uri_without_scheme}` Example: `documents/docs.cloud.google.com/storage/docs/creating-buckets`","type":"string","x-google-identifier":true},"title":{"description":"Output only. The title of the document.","readOnly":true,"type":"string"},"uri":{"description":"Output only. The URI of the content, such as `https://cloud.google.com/storage/docs/creating-buckets`.","readOnly":true,"type":"string"}},"type":"object"}},"description":"Response schema for get_documents.","properties":{"documents":{"description":"Documents requested.","items":{"$ref":"#/$defs/Document"},"type":"array"}},"type":"object"}}]}}
[debug] [2026-04-13T02:31:46.554Z] > command requires scopes: ["email","openid","https://www.googleapis.com/auth/cloudplatformprojects.readonly","https://www.googleapis.com/auth/firebase","https://www.googleapis.com/auth/cloud-platform"]
[debug] [2026-04-13T02:31:46.554Z] > authorizing via signed-in user (kthompson@socfoundry.com)
[debug] [2026-04-13T02:56:57.002Z] > command requires scopes: ["email","openid","https://www.googleapis.com/auth/cloudplatformprojects.readonly","https://www.googleapis.com/auth/firebase","https://www.googleapis.com/auth/cloud-platform"]
[debug] [2026-04-13T02:56:57.003Z] > authorizing via signed-in user (kthompson@socfoundry.com)
[debug] [2026-04-13T02:56:57.003Z] > command requires scopes: ["email","openid","https://www.googleapis.com/auth/cloudplatformprojects.readonly","https://www.googleapis.com/auth/firebase","https://www.googleapis.com/auth/cloud-platform"]
[debug] [2026-04-13T02:56:57.003Z] > authorizing via signed-in user (kthompson@socfoundry.com)
[debug] [2026-04-13T02:56:57.010Z] > command requires scopes: ["email","openid","https://www.googleapis.com/auth/cloudplatformprojects.readonly","https://www.googleapis.com/auth/firebase","https://www.googleapis.com/auth/cloud-platform"]
[debug] [2026-04-13T02:56:57.010Z] > authorizing via signed-in user (kthompson@socfoundry.com)
[debug] [2026-04-13T02:56:57.073Z] Checked if tokens are valid: false, expires at: 1776003429427
[debug] [2026-04-13T02:56:57.073Z] Checked if tokens are valid: false, expires at: 1776003429427
[debug] [2026-04-13T02:56:57.073Z] > refreshing access token with scopes: []
[debug] [2026-04-13T02:56:57.074Z] >>> [apiv2][query] POST https://www.googleapis.com/oauth2/v3/token [none]
[debug] [2026-04-13T02:56:57.074Z] >>> [apiv2][body] POST https://www.googleapis.com/oauth2/v3/token [omitted]
[debug] [2026-04-13T02:56:57.076Z] Checked if tokens are valid: false, expires at: 1776003429427
[debug] [2026-04-13T02:56:57.076Z] Checked if tokens are valid: false, expires at: 1776003429427
[debug] [2026-04-13T02:56:57.076Z] > refreshing access token with scopes: []
[debug] [2026-04-13T02:56:57.076Z] >>> [apiv2][query] POST https://www.googleapis.com/oauth2/v3/token [none]
[debug] [2026-04-13T02:56:57.076Z] >>> [apiv2][body] POST https://www.googleapis.com/oauth2/v3/token [omitted]
[debug] [2026-04-13T02:56:57.078Z] Checked if tokens are valid: false, expires at: 1776003429427
[debug] [2026-04-13T02:56:57.078Z] Checked if tokens are valid: false, expires at: 1776003429427
[debug] [2026-04-13T02:56:57.078Z] > refreshing access token with scopes: []
[debug] [2026-04-13T02:56:57.079Z] >>> [apiv2][query] POST https://www.googleapis.com/oauth2/v3/token [none]
[debug] [2026-04-13T02:56:57.079Z] >>> [apiv2][body] POST https://www.googleapis.com/oauth2/v3/token [omitted]
[debug] [2026-04-13T02:56:57.223Z] <<< [apiv2][status] POST https://www.googleapis.com/oauth2/v3/token 400
[debug] [2026-04-13T02:56:57.223Z] <<< [apiv2][body] POST https://www.googleapis.com/oauth2/v3/token [omitted]
[error] Authentication Error: Your credentials are no longer valid. Please run firebase login --reauth

For CI servers and headless environments, generate a new token with firebase login:ci
[error] Authentication Error: Your credentials are no longer valid. Please run firebase login --reauth

For CI servers and headless environments, generate a new token with firebase login:ci
[debug] [2026-04-13T02:56:57.223Z] <<< [apiv2][status] POST https://www.googleapis.com/oauth2/v3/token 400
[debug] [2026-04-13T02:56:57.223Z] <<< [apiv2][body] POST https://www.googleapis.com/oauth2/v3/token [omitted]
[error] Authentication Error: Your credentials are no longer valid. Please run firebase login --reauth

For CI servers and headless environments, generate a new token with firebase login:ci
[error] Authentication Error: Your credentials are no longer valid. Please run firebase login --reauth

For CI servers and headless environments, generate a new token with firebase login:ci
[debug] [2026-04-13T02:56:57.227Z] <<< [apiv2][status] POST https://www.googleapis.com/oauth2/v3/token 400
[debug] [2026-04-13T02:56:57.227Z] <<< [apiv2][body] POST https://www.googleapis.com/oauth2/v3/token [omitted]
[error] Authentication Error: Your credentials are no longer valid. Please run firebase login --reauth

For CI servers and headless environments, generate a new token with firebase login:ci
[error] Authentication Error: Your credentials are no longer valid. Please run firebase login --reauth

For CI servers and headless environments, generate a new token with firebase login:ci
[debug] [2026-04-13T02:56:57.265Z] > command requires scopes: ["email","openid","https://www.googleapis.com/auth/cloudplatformprojects.readonly","https://www.googleapis.com/auth/firebase","https://www.googleapis.com/auth/cloud-platform"]
[debug] [2026-04-13T02:56:57.266Z] > authorizing via signed-in user (kthompson@socfoundry.com)
[debug] [2026-04-13T02:56:57.266Z] >>> [apiv2][query] POST https://developerknowledge.googleapis.com/mcp [none]
[debug] [2026-04-13T02:56:57.266Z] >>> [apiv2][body] POST https://developerknowledge.googleapis.com/mcp {"method":"tools/list","jsonrpc":"2.0","id":1}
[debug] [2026-04-13T02:56:57.273Z] > command requires scopes: ["email","openid","https://www.googleapis.com/auth/cloudplatformprojects.readonly","https://www.googleapis.com/auth/firebase","https://www.googleapis.com/auth/cloud-platform"]
[debug] [2026-04-13T02:56:57.274Z] > authorizing via signed-in user (kthompson@socfoundry.com)
[debug] [2026-04-13T02:56:57.274Z] > command requires scopes: ["email","openid","https://www.googleapis.com/auth/cloudplatformprojects.readonly","https://www.googleapis.com/auth/firebase","https://www.googleapis.com/auth/cloud-platform"]
[debug] [2026-04-13T02:56:57.274Z] > authorizing via signed-in user (kthompson@socfoundry.com)
[debug] [2026-04-13T02:56:57.406Z] <<< [apiv2][status] POST https://developerknowledge.googleapis.com/mcp 200
[debug] [2026-04-13T02:56:57.406Z] <<< [apiv2][body] POST https://developerknowledge.googleapis.com/mcp {"id":1,"jsonrpc":"2.0","result":{"tools":[{"annotations":{"destructiveHint":false,"idempotentHint":true,"openWorldHint":false,"readOnlyHint":true},"description":"Use this tool to find documentation about Google developer products. The documents contain official APIs, code snippets, release notes, best practices, guides, debugging info, and more. It covers the following products and domains:\n\n\n* Android: developer.android.com\n\n* Apigee: docs.apigee.com\n\n* Chrome: developer.chrome.com\n\n* Firebase: firebase.google.com\n\n* Fuchsia: fuchsia.dev\n\n* Google AI: ai.google.dev\n\n* Google Cloud: docs.cloud.google.com\n\n* Google Developers, Ads, Search, Google Maps, Youtube: developers.google.com\n\n* Google Home: developers.home.google.com\n\n* TensorFlow: www.tensorflow.org\n\n* Web: web.dev\n\n\nThis tool returns chunks of text, names, and URLs for matching documents. If the returned chunks are not detailed enough to answer the user's question, use `get_documents` with the `parent` from this tool's output to retrieve the full document content.\n","inputSchema":{"description":"Request schema for search_documents. Use the query field to search for related Google developer documentation.","properties":{"query":{"description":"Required. The raw query string provided by the user, such as \"How to create a Cloud Storage bucket?\".","type":"string"}},"required":["query"],"type":"object"},"name":"search_documents","outputSchema":{"$defs":{"DocumentChunk":{"description":"A DocumentChunk represents a piece of content from a Document in the DeveloperKnowledge corpus. To fetch the entire document content, pass the `parent` to get_document or batch_get_documents.","properties":{"content":{"description":"Output only. The content of the document chunk.","readOnly":true,"type":"string"},"id":{"description":"Output only. The ID of this chunk within the document. The chunk ID is unique within a document, but not globally unique across documents. The chunk ID is not stable and may change over time.","readOnly":true,"type":"string"},"parent":{"description":"Output only. The resource name of the document this chunk is from. Format: `documents/{uri_without_scheme}` Example: `documents/docs.cloud.google.com/storage/docs/creating-buckets`","readOnly":true,"type":"string"}},"type":"object"}},"description":"Response schema for search_documents.","properties":{"results":{"description":"The search results for the given query. Each Document in this list contains a snippet of content relevant to the search query. Use the DocumentChunk.name field of each result with get_documents to retrieve the full document content.","items":{"$ref":"#/$defs/DocumentChunk"},"type":"array"}},"type":"object"}},{"annotations":{"destructiveHint":false,"idempotentHint":true,"openWorldHint":false,"readOnlyHint":true},"description":"Use this tool to retrieve the full content of a single document or up to 20 documents in a single call. The document names should be obtained from the `parent` field of results from a call to the `search_documents` tool. Set the `names` parameter to a list of document names.","inputSchema":{"description":"Request schema for get_documents.","properties":{"names":{"description":"Required. The names of the documents to retrieve, as returned by search_documents. A maximum of 20 documents can be retrieved in one call. The documents are returned in the same order as the `names` in the request. Format: `documents/{uri_without_scheme}` Example: `documents/docs.cloud.google.com/storage/docs/creating-buckets`","items":{"type":"string"},"type":"array"}},"required":["names"],"type":"object"},"name":"get_documents","outputSchema":{"$defs":{"Document":{"description":"A Document represents a piece of content from the Developer Knowledge corpus.","properties":{"content":{"description":"Output only. The content of the document in Markdown format.","readOnly":true,"type":"string"},"description":{"description":"Output only. A description of the document.","readOnly":true,"type":"string"},"name":{"description":"Identifier. The resource name of the document. Format: `documents/{uri_without_scheme}` Example: `documents/docs.cloud.google.com/storage/docs/creating-buckets`","type":"string","x-google-identifier":true},"title":{"description":"Output only. The title of the document.","readOnly":true,"type":"string"},"uri":{"description":"Output only. The URI of the content, such as `https://cloud.google.com/storage/docs/creating-buckets`.","readOnly":true,"type":"string"}},"type":"object"}},"description":"Response schema for get_documents.","properties":{"documents":{"description":"Documents requested.","items":{"$ref":"#/$defs/Document"},"type":"array"}},"type":"object"}}]}}
[debug] [2026-04-13T02:56:57.408Z] > command requires scopes: ["email","openid","https://www.googleapis.com/auth/cloudplatformprojects.readonly","https://www.googleapis.com/auth/firebase","https://www.googleapis.com/auth/cloud-platform"]
[debug] [2026-04-13T02:56:57.408Z] > authorizing via signed-in user (kthompson@socfoundry.com)
[debug] [2026-04-13T11:23:38.618Z] > command requires scopes: ["email","openid","https://www.googleapis.com/auth/cloudplatformprojects.readonly","https://www.googleapis.com/auth/firebase","https://www.googleapis.com/auth/cloud-platform"]
[debug] [2026-04-13T11:23:38.619Z] > authorizing via signed-in user (kthompson@socfoundry.com)
[debug] [2026-04-13T11:23:38.619Z] > command requires scopes: ["email","openid","https://www.googleapis.com/auth/cloudplatformprojects.readonly","https://www.googleapis.com/auth/firebase","https://www.googleapis.com/auth/cloud-platform"]
[debug] [2026-04-13T11:23:38.619Z] > authorizing via signed-in user (kthompson@socfoundry.com)
[debug] [2026-04-13T11:23:38.626Z] > command requires scopes: ["email","openid","https://www.googleapis.com/auth/cloudplatformprojects.readonly","https://www.googleapis.com/auth/firebase","https://www.googleapis.com/auth/cloud-platform"]
[debug] [2026-04-13T11:23:38.626Z] > authorizing via signed-in user (kthompson@socfoundry.com)
[debug] [2026-04-13T11:23:38.696Z] Checked if tokens are valid: false, expires at: 1776003429427
[debug] [2026-04-13T11:23:38.696Z] Checked if tokens are valid: false, expires at: 1776003429427
[debug] [2026-04-13T11:23:38.696Z] > refreshing access token with scopes: []
[debug] [2026-04-13T11:23:38.697Z] >>> [apiv2][query] POST https://www.googleapis.com/oauth2/v3/token [none]
[debug] [2026-04-13T11:23:38.697Z] >>> [apiv2][body] POST https://www.googleapis.com/oauth2/v3/token [omitted]
[debug] [2026-04-13T11:23:38.700Z] Checked if tokens are valid: false, expires at: 1776003429427
[debug] [2026-04-13T11:23:38.700Z] Checked if tokens are valid: false, expires at: 1776003429427
[debug] [2026-04-13T11:23:38.700Z] > refreshing access token with scopes: []
[debug] [2026-04-13T11:23:38.700Z] >>> [apiv2][query] POST https://www.googleapis.com/oauth2/v3/token [none]
[debug] [2026-04-13T11:23:38.700Z] >>> [apiv2][body] POST https://www.googleapis.com/oauth2/v3/token [omitted]
[debug] [2026-04-13T11:23:38.703Z] Checked if tokens are valid: false, expires at: 1776003429427
[debug] [2026-04-13T11:23:38.703Z] Checked if tokens are valid: false, expires at: 1776003429427
[debug] [2026-04-13T11:23:38.703Z] > refreshing access token with scopes: []
[debug] [2026-04-13T11:23:38.703Z] >>> [apiv2][query] POST https://www.googleapis.com/oauth2/v3/token [none]
[debug] [2026-04-13T11:23:38.703Z] >>> [apiv2][body] POST https://www.googleapis.com/oauth2/v3/token [omitted]
[debug] [2026-04-13T11:23:38.837Z] <<< [apiv2][status] POST https://www.googleapis.com/oauth2/v3/token 400
[debug] [2026-04-13T11:23:38.838Z] <<< [apiv2][body] POST https://www.googleapis.com/oauth2/v3/token [omitted]
[error] Authentication Error: Your credentials are no longer valid. Please run firebase login --reauth

For CI servers and headless environments, generate a new token with firebase login:ci
[error] Authentication Error: Your credentials are no longer valid. Please run firebase login --reauth

For CI servers and headless environments, generate a new token with firebase login:ci
[debug] [2026-04-13T11:23:38.845Z] <<< [apiv2][status] POST https://www.googleapis.com/oauth2/v3/token 400
[debug] [2026-04-13T11:23:38.845Z] <<< [apiv2][body] POST https://www.googleapis.com/oauth2/v3/token [omitted]
[error] Authentication Error: Your credentials are no longer valid. Please run firebase login --reauth

For CI servers and headless environments, generate a new token with firebase login:ci
[error] Authentication Error: Your credentials are no longer valid. Please run firebase login --reauth

For CI servers and headless environments, generate a new token with firebase login:ci
[debug] [2026-04-13T11:23:38.852Z] <<< [apiv2][status] POST https://www.googleapis.com/oauth2/v3/token 400
[debug] [2026-04-13T11:23:38.853Z] <<< [apiv2][body] POST https://www.googleapis.com/oauth2/v3/token [omitted]
[error] Authentication Error: Your credentials are no longer valid. Please run firebase login --reauth

For CI servers and headless environments, generate a new token with firebase login:ci
[error] Authentication Error: Your credentials are no longer valid. Please run firebase login --reauth

For CI servers and headless environments, generate a new token with firebase login:ci
[debug] [2026-04-13T11:23:38.861Z] > command requires scopes: ["email","openid","https://www.googleapis.com/auth/cloudplatformprojects.readonly","https://www.googleapis.com/auth/firebase","https://www.googleapis.com/auth/cloud-platform"]
[debug] [2026-04-13T11:23:38.861Z] > authorizing via signed-in user (kthompson@socfoundry.com)
[debug] [2026-04-13T11:23:38.861Z] > command requires scopes: ["email","openid","https://www.googleapis.com/auth/cloudplatformprojects.readonly","https://www.googleapis.com/auth/firebase","https://www.googleapis.com/auth/cloud-platform"]
[debug] [2026-04-13T11:23:38.861Z] > authorizing via signed-in user (kthompson@socfoundry.com)
[debug] [2026-04-13T11:23:38.867Z] > command requires scopes: ["email","openid","https://www.googleapis.com/auth/cloudplatformprojects.readonly","https://www.googleapis.com/auth/firebase","https://www.googleapis.com/auth/cloud-platform"]
[debug] [2026-04-13T11:23:38.867Z] > authorizing via signed-in user (kthompson@socfoundry.com)
[debug] [2026-04-13T11:23:38.867Z] >>> [apiv2][query] POST https://developerknowledge.googleapis.com/mcp [none]
[debug] [2026-04-13T11:23:38.867Z] >>> [apiv2][body] POST https://developerknowledge.googleapis.com/mcp {"method":"tools/list","jsonrpc":"2.0","id":1}
[debug] [2026-04-13T11:23:39.017Z] <<< [apiv2][status] POST https://developerknowledge.googleapis.com/mcp 200
[debug] [2026-04-13T11:23:39.017Z] <<< [apiv2][body] POST https://developerknowledge.googleapis.com/mcp {"id":1,"jsonrpc":"2.0","result":{"tools":[{"annotations":{"destructiveHint":false,"idempotentHint":true,"openWorldHint":false,"readOnlyHint":true},"description":"Use this tool to find documentation about Google developer products. The documents contain official APIs, code snippets, release notes, best practices, guides, debugging info, and more. It covers the following products and domains:\n\n\n* Android: developer.android.com\n\n* Apigee: docs.apigee.com\n\n* Chrome: developer.chrome.com\n\n* Firebase: firebase.google.com\n\n* Fuchsia: fuchsia.dev\n\n* Google AI: ai.google.dev\n\n* Google Cloud: docs.cloud.google.com\n\n* Google Developers, Ads, Search, Google Maps, Youtube: developers.google.com\n\n* Google Home: developers.home.google.com\n\n* TensorFlow: www.tensorflow.org\n\n* Web: web.dev\n\n\nThis tool returns chunks of text, names, and URLs for matching documents. If the returned chunks are not detailed enough to answer the user's question, use `get_documents` with the `parent` from this tool's output to retrieve the full document content.\n","inputSchema":{"description":"Request schema for search_documents. Use the query field to search for related Google developer documentation.","properties":{"query":{"description":"Required. The raw query string provided by the user, such as \"How to create a Cloud Storage bucket?\".","type":"string"}},"required":["query"],"type":"object"},"name":"search_documents","outputSchema":{"$defs":{"DocumentChunk":{"description":"A DocumentChunk represents a piece of content from a Document in the DeveloperKnowledge corpus. To fetch the entire document content, pass the `parent` to get_document or batch_get_documents.","properties":{"content":{"description":"Output only. The content of the document chunk.","readOnly":true,"type":"string"},"id":{"description":"Output only. The ID of this chunk within the document. The chunk ID is unique within a document, but not globally unique across documents. The chunk ID is not stable and may change over time.","readOnly":true,"type":"string"},"parent":{"description":"Output only. The resource name of the document this chunk is from. Format: `documents/{uri_without_scheme}` Example: `documents/docs.cloud.google.com/storage/docs/creating-buckets`","readOnly":true,"type":"string"}},"type":"object"}},"description":"Response schema for search_documents.","properties":{"results":{"description":"The search results for the given query. Each Document in this list contains a snippet of content relevant to the search query. Use the DocumentChunk.name field of each result with get_documents to retrieve the full document content.","items":{"$ref":"#/$defs/DocumentChunk"},"type":"array"}},"type":"object"}},{"annotations":{"destructiveHint":false,"idempotentHint":true,"openWorldHint":false,"readOnlyHint":true},"description":"Use this tool to retrieve the full content of a single document or up to 20 documents in a single call. The document names should be obtained from the `parent` field of results from a call to the `search_documents` tool. Set the `names` parameter to a list of document names.","inputSchema":{"description":"Request schema for get_documents.","properties":{"names":{"description":"Required. The names of the documents to retrieve, as returned by search_documents. A maximum of 20 documents can be retrieved in one call. The documents are returned in the same order as the `names` in the request. Format: `documents/{uri_without_scheme}` Example: `documents/docs.cloud.google.com/storage/docs/creating-buckets`","items":{"type":"string"},"type":"array"}},"required":["names"],"type":"object"},"name":"get_documents","outputSchema":{"$defs":{"Document":{"description":"A Document represents a piece of content from the Developer Knowledge corpus.","properties":{"content":{"description":"Output only. The content of the document in Markdown format.","readOnly":true,"type":"string"},"description":{"description":"Output only. A description of the document.","readOnly":true,"type":"string"},"name":{"description":"Identifier. The resource name of the document. Format: `documents/{uri_without_scheme}` Example: `documents/docs.cloud.google.com/storage/docs/creating-buckets`","type":"string","x-google-identifier":true},"title":{"description":"Output only. The title of the document.","readOnly":true,"type":"string"},"uri":{"description":"Output only. The URI of the content, such as `https://cloud.google.com/storage/docs/creating-buckets`.","readOnly":true,"type":"string"}},"type":"object"}},"description":"Response schema for get_documents.","properties":{"documents":{"description":"Documents requested.","items":{"$ref":"#/$defs/Document"},"type":"array"}},"type":"object"}}]}}
[debug] [2026-04-13T11:23:39.020Z] > command requires scopes: ["email","openid","https://www.googleapis.com/auth/cloudplatformprojects.readonly","https://www.googleapis.com/auth/firebase","https://www.googleapis.com/auth/cloud-platform"]
[debug] [2026-04-13T11:23:39.020Z] > authorizing via signed-in user (kthompson@socfoundry.com)
[debug] [2026-04-13T12:02:43.025Z] > command requires scopes: ["email","openid","https://www.googleapis.com/auth/cloudplatformprojects.readonly","https://www.googleapis.com/auth/firebase","https://www.googleapis.com/auth/cloud-platform"]
[debug] [2026-04-13T12:02:43.026Z] > authorizing via signed-in user (kthompson@socfoundry.com)
[debug] [2026-04-13T12:02:43.026Z] >>> [apiv2][query] POST https://developerknowledge.googleapis.com/mcp [none]
[debug] [2026-04-13T12:02:43.027Z] >>> [apiv2][body] POST https://developerknowledge.googleapis.com/mcp {"method":"tools/list","jsonrpc":"2.0","id":1}
[debug] [2026-04-13T12:02:43.161Z] <<< [apiv2][status] POST https://developerknowledge.googleapis.com/mcp 200
[debug] [2026-04-13T12:02:43.161Z] <<< [apiv2][body] POST https://developerknowledge.googleapis.com/mcp {"id":1,"jsonrpc":"2.0","result":{"tools":[{"annotations":{"destructiveHint":false,"idempotentHint":true,"openWorldHint":false,"readOnlyHint":true},"description":"Use this tool to find documentation about Google developer products. The documents contain official APIs, code snippets, release notes, best practices, guides, debugging info, and more. It covers the following products and domains:\n\n\n* Android: developer.android.com\n\n* Apigee: docs.apigee.com\n\n* Chrome: developer.chrome.com\n\n* Firebase: firebase.google.com\n\n* Fuchsia: fuchsia.dev\n\n* Google AI: ai.google.dev\n\n* Google Cloud: docs.cloud.google.com\n\n* Google Developers, Ads, Search, Google Maps, Youtube: developers.google.com\n\n* Google Home: developers.home.google.com\n\n* TensorFlow: www.tensorflow.org\n\n* Web: web.dev\n\n\nThis tool returns chunks of text, names, and URLs for matching documents. If the returned chunks are not detailed enough to answer the user's question, use `get_documents` with the `parent` from this tool's output to retrieve the full document content.\n","inputSchema":{"description":"Request schema for search_documents. Use the query field to search for related Google developer documentation.","properties":{"query":{"description":"Required. The raw query string provided by the user, such as \"How to create a Cloud Storage bucket?\".","type":"string"}},"required":["query"],"type":"object"},"name":"search_documents","outputSchema":{"$defs":{"DocumentChunk":{"description":"A DocumentChunk represents a piece of content from a Document in the DeveloperKnowledge corpus. To fetch the entire document content, pass the `parent` to get_document or batch_get_documents.","properties":{"content":{"description":"Output only. The content of the document chunk.","readOnly":true,"type":"string"},"id":{"description":"Output only. The ID of this chunk within the document. The chunk ID is unique within a document, but not globally unique across documents. The chunk ID is not stable and may change over time.","readOnly":true,"type":"string"},"parent":{"description":"Output only. The resource name of the document this chunk is from. Format: `documents/{uri_without_scheme}` Example: `documents/docs.cloud.google.com/storage/docs/creating-buckets`","readOnly":true,"type":"string"}},"type":"object"}},"description":"Response schema for search_documents.","properties":{"results":{"description":"The search results for the given query. Each Document in this list contains a snippet of content relevant to the search query. Use the DocumentChunk.name field of each result with get_documents to retrieve the full document content.","items":{"$ref":"#/$defs/DocumentChunk"},"type":"array"}},"type":"object"}},{"annotations":{"destructiveHint":false,"idempotentHint":true,"openWorldHint":false,"readOnlyHint":true},"description":"Use this tool to retrieve the full content of a single document or up to 20 documents in a single call. The document names should be obtained from the `parent` field of results from a call to the `search_documents` tool. Set the `names` parameter to a list of document names.","inputSchema":{"description":"Request schema for get_documents.","properties":{"names":{"description":"Required. The names of the documents to retrieve, as returned by search_documents. A maximum of 20 documents can be retrieved in one call. The documents are returned in the same order as the `names` in the request. Format: `documents/{uri_without_scheme}` Example: `documents/docs.cloud.google.com/storage/docs/creating-buckets`","items":{"type":"string"},"type":"array"}},"required":["names"],"type":"object"},"name":"get_documents","outputSchema":{"$defs":{"Document":{"description":"A Document represents a piece of content from the Developer Knowledge corpus.","properties":{"content":{"description":"Output only. The content of the document in Markdown format.","readOnly":true,"type":"string"},"description":{"description":"Output only. A description of the document.","readOnly":true,"type":"string"},"name":{"description":"Identifier. The resource name of the document. Format: `documents/{uri_without_scheme}` Example: `documents/docs.cloud.google.com/storage/docs/creating-buckets`","type":"string","x-google-identifier":true},"title":{"description":"Output only. The title of the document.","readOnly":true,"type":"string"},"uri":{"description":"Output only. The URI of the content, such as `https://cloud.google.com/storage/docs/creating-buckets`.","readOnly":true,"type":"string"}},"type":"object"}},"description":"Response schema for get_documents.","properties":{"documents":{"description":"Documents requested.","items":{"$ref":"#/$defs/Document"},"type":"array"}},"type":"object"}}]}}
[debug] [2026-04-13T12:02:43.163Z] > command requires scopes: ["email","openid","https://www.googleapis.com/auth/cloudplatformprojects.readonly","https://www.googleapis.com/auth/firebase","https://www.googleapis.com/auth/cloud-platform"]
[debug] [2026-04-13T12:02:43.163Z] > authorizing via signed-in user (kthompson@socfoundry.com)
[debug] [2026-04-13T13:14:08.364Z] > command requires scopes: ["email","openid","https://www.googleapis.com/auth/cloudplatformprojects.readonly","https://www.googleapis.com/auth/firebase","https://www.googleapis.com/auth/cloud-platform"]
[debug] [2026-04-13T13:14:08.365Z] > authorizing via signed-in user (kthompson@socfoundry.com)
[debug] [2026-04-13T13:14:08.365Z] > command requires scopes: ["email","openid","https://www.googleapis.com/auth/cloudplatformprojects.readonly","https://www.googleapis.com/auth/firebase","https://www.googleapis.com/auth/cloud-platform"]
[debug] [2026-04-13T13:14:08.365Z] > authorizing via signed-in user (kthompson@socfoundry.com)
[debug] [2026-04-13T13:14:08.372Z] > command requires scopes: ["email","openid","https://www.googleapis.com/auth/cloudplatformprojects.readonly","https://www.googleapis.com/auth/firebase","https://www.googleapis.com/auth/cloud-platform"]
[debug] [2026-04-13T13:14:08.372Z] > authorizing via signed-in user (kthompson@socfoundry.com)
[debug] [2026-04-13T13:14:08.444Z] Checked if tokens are valid: false, expires at: 1776003429427
[debug] [2026-04-13T13:14:08.444Z] Checked if tokens are valid: false, expires at: 1776003429427
[debug] [2026-04-13T13:14:08.444Z] > refreshing access token with scopes: []
[debug] [2026-04-13T13:14:08.445Z] >>> [apiv2][query] POST https://www.googleapis.com/oauth2/v3/token [none]
[debug] [2026-04-13T13:14:08.445Z] >>> [apiv2][body] POST https://www.googleapis.com/oauth2/v3/token [omitted]
[debug] [2026-04-13T13:14:08.449Z] Checked if tokens are valid: false, expires at: 1776003429427
[debug] [2026-04-13T13:14:08.449Z] Checked if tokens are valid: false, expires at: 1776003429427
[debug] [2026-04-13T13:14:08.449Z] > refreshing access token with scopes: []
[debug] [2026-04-13T13:14:08.449Z] >>> [apiv2][query] POST https://www.googleapis.com/oauth2/v3/token [none]
[debug] [2026-04-13T13:14:08.449Z] >>> [apiv2][body] POST https://www.googleapis.com/oauth2/v3/token [omitted]
[debug] [2026-04-13T13:14:08.452Z] Checked if tokens are valid: false, expires at: 1776003429427
[debug] [2026-04-13T13:14:08.452Z] Checked if tokens are valid: false, expires at: 1776003429427
[debug] [2026-04-13T13:14:08.452Z] > refreshing access token with scopes: []
[debug] [2026-04-13T13:14:08.452Z] >>> [apiv2][query] POST https://www.googleapis.com/oauth2/v3/token [none]
[debug] [2026-04-13T13:14:08.452Z] >>> [apiv2][body] POST https://www.googleapis.com/oauth2/v3/token [omitted]
[debug] [2026-04-13T13:14:08.571Z] <<< [apiv2][status] POST https://www.googleapis.com/oauth2/v3/token 400
[debug] [2026-04-13T13:14:08.571Z] <<< [apiv2][body] POST https://www.googleapis.com/oauth2/v3/token [omitted]
[error] Authentication Error: Your credentials are no longer valid. Please run firebase login --reauth

For CI servers and headless environments, generate a new token with firebase login:ci
[error] Authentication Error: Your credentials are no longer valid. Please run firebase login --reauth

For CI servers and headless environments, generate a new token with firebase login:ci
[debug] [2026-04-13T13:14:08.577Z] <<< [apiv2][status] POST https://www.googleapis.com/oauth2/v3/token 400
[debug] [2026-04-13T13:14:08.577Z] <<< [apiv2][body] POST https://www.googleapis.com/oauth2/v3/token [omitted]
[error] Authentication Error: Your credentials are no longer valid. Please run firebase login --reauth

For CI servers and headless environments, generate a new token with firebase login:ci
[error] Authentication Error: Your credentials are no longer valid. Please run firebase login --reauth

For CI servers and headless environments, generate a new token with firebase login:ci
[debug] [2026-04-13T13:14:08.577Z] <<< [apiv2][status] POST https://www.googleapis.com/oauth2/v3/token 400
[debug] [2026-04-13T13:14:08.577Z] <<< [apiv2][body] POST https://www.googleapis.com/oauth2/v3/token [omitted]
[error] Authentication Error: Your credentials are no longer valid. Please run firebase login --reauth

For CI servers and headless environments, generate a new token with firebase login:ci
[error] Authentication Error: Your credentials are no longer valid. Please run firebase login --reauth

For CI servers and headless environments, generate a new token with firebase login:ci
[debug] [2026-04-13T13:14:08.592Z] > command requires scopes: ["email","openid","https://www.googleapis.com/auth/cloudplatformprojects.readonly","https://www.googleapis.com/auth/firebase","https://www.googleapis.com/auth/cloud-platform"]
[debug] [2026-04-13T13:14:08.593Z] > authorizing via signed-in user (kthompson@socfoundry.com)
[debug] [2026-04-13T13:14:08.593Z] > command requires scopes: ["email","openid","https://www.googleapis.com/auth/cloudplatformprojects.readonly","https://www.googleapis.com/auth/firebase","https://www.googleapis.com/auth/cloud-platform"]
[debug] [2026-04-13T13:14:08.593Z] > authorizing via signed-in user (kthompson@socfoundry.com)
[debug] [2026-04-13T13:14:08.602Z] > command requires scopes: ["email","openid","https://www.googleapis.com/auth/cloudplatformprojects.readonly","https://www.googleapis.com/auth/firebase","https://www.googleapis.com/auth/cloud-platform"]
[debug] [2026-04-13T13:14:08.602Z] > authorizing via signed-in user (kthompson@socfoundry.com)
[debug] [2026-04-13T13:14:08.602Z] >>> [apiv2][query] POST https://developerknowledge.googleapis.com/mcp [none]
[debug] [2026-04-13T13:14:08.602Z] >>> [apiv2][body] POST https://developerknowledge.googleapis.com/mcp {"method":"tools/list","jsonrpc":"2.0","id":1}
[debug] [2026-04-13T13:14:08.730Z] <<< [apiv2][status] POST https://developerknowledge.googleapis.com/mcp 200
[debug] [2026-04-13T13:14:08.730Z] <<< [apiv2][body] POST https://developerknowledge.googleapis.com/mcp {"id":1,"jsonrpc":"2.0","result":{"tools":[{"annotations":{"destructiveHint":false,"idempotentHint":true,"openWorldHint":false,"readOnlyHint":true},"description":"Use this tool to find documentation about Google developer products. The documents contain official APIs, code snippets, release notes, best practices, guides, debugging info, and more. It covers the following products and domains:\n\n\n* Android: developer.android.com\n\n* Apigee: docs.apigee.com\n\n* Chrome: developer.chrome.com\n\n* Firebase: firebase.google.com\n\n* Fuchsia: fuchsia.dev\n\n* Google AI: ai.google.dev\n\n* Google Cloud: docs.cloud.google.com\n\n* Google Developers, Ads, Search, Google Maps, Youtube: developers.google.com\n\n* Google Home: developers.home.google.com\n\n* TensorFlow: www.tensorflow.org\n\n* Web: web.dev\n\n\nThis tool returns chunks of text, names, and URLs for matching documents. If the returned chunks are not detailed enough to answer the user's question, use `get_documents` with the `parent` from this tool's output to retrieve the full document content.\n","inputSchema":{"description":"Request schema for search_documents. Use the query field to search for related Google developer documentation.","properties":{"query":{"description":"Required. The raw query string provided by the user, such as \"How to create a Cloud Storage bucket?\".","type":"string"}},"required":["query"],"type":"object"},"name":"search_documents","outputSchema":{"$defs":{"DocumentChunk":{"description":"A DocumentChunk represents a piece of content from a Document in the DeveloperKnowledge corpus. To fetch the entire document content, pass the `parent` to get_document or batch_get_documents.","properties":{"content":{"description":"Output only. The content of the document chunk.","readOnly":true,"type":"string"},"id":{"description":"Output only. The ID of this chunk within the document. The chunk ID is unique within a document, but not globally unique across documents. The chunk ID is not stable and may change over time.","readOnly":true,"type":"string"},"parent":{"description":"Output only. The resource name of the document this chunk is from. Format: `documents/{uri_without_scheme}` Example: `documents/docs.cloud.google.com/storage/docs/creating-buckets`","readOnly":true,"type":"string"}},"type":"object"}},"description":"Response schema for search_documents.","properties":{"results":{"description":"The search results for the given query. Each Document in this list contains a snippet of content relevant to the search query. Use the DocumentChunk.name field of each result with get_documents to retrieve the full document content.","items":{"$ref":"#/$defs/DocumentChunk"},"type":"array"}},"type":"object"}},{"annotations":{"destructiveHint":false,"idempotentHint":true,"openWorldHint":false,"readOnlyHint":true},"description":"Use this tool to retrieve the full content of a single document or up to 20 documents in a single call. The document names should be obtained from the `parent` field of results from a call to the `search_documents` tool. Set the `names` parameter to a list of document names.","inputSchema":{"description":"Request schema for get_documents.","properties":{"names":{"description":"Required. The names of the documents to retrieve, as returned by search_documents. A maximum of 20 documents can be retrieved in one call. The documents are returned in the same order as the `names` in the request. Format: `documents/{uri_without_scheme}` Example: `documents/docs.cloud.google.com/storage/docs/creating-buckets`","items":{"type":"string"},"type":"array"}},"required":["names"],"type":"object"},"name":"get_documents","outputSchema":{"$defs":{"Document":{"description":"A Document represents a piece of content from the Developer Knowledge corpus.","properties":{"content":{"description":"Output only. The content of the document in Markdown format.","readOnly":true,"type":"string"},"description":{"description":"Output only. A description of the document.","readOnly":true,"type":"string"},"name":{"description":"Identifier. The resource name of the document. Format: `documents/{uri_without_scheme}` Example: `documents/docs.cloud.google.com/storage/docs/creating-buckets`","type":"string","x-google-identifier":true},"title":{"description":"Output only. The title of the document.","readOnly":true,"type":"string"},"uri":{"description":"Output only. The URI of the content, such as `https://cloud.google.com/storage/docs/creating-buckets`.","readOnly":true,"type":"string"}},"type":"object"}},"description":"Response schema for get_documents.","properties":{"documents":{"description":"Documents requested.","items":{"$ref":"#/$defs/Document"},"type":"array"}},"type":"object"}}]}}
[debug] [2026-04-13T13:14:08.731Z] > command requires scopes: ["email","openid","https://www.googleapis.com/auth/cloudplatformprojects.readonly","https://www.googleapis.com/auth/firebase","https://www.googleapis.com/auth/cloud-platform"]
[debug] [2026-04-13T13:14:08.731Z] > authorizing via signed-in user (kthompson@socfoundry.com)
[debug] [2026-04-13T14:37:56.490Z] > command requires scopes: ["email","openid","https://www.googleapis.com/auth/cloudplatformprojects.readonly","https://www.googleapis.com/auth/firebase","https://www.googleapis.com/auth/cloud-platform"]
[debug] [2026-04-13T14:37:56.490Z] > authorizing via signed-in user (kthompson@socfoundry.com)
[debug] [2026-04-13T14:37:56.491Z] > command requires scopes: ["email","openid","https://www.googleapis.com/auth/cloudplatformprojects.readonly","https://www.googleapis.com/auth/firebase","https://www.googleapis.com/auth/cloud-platform"]
[debug] [2026-04-13T14:37:56.491Z] > authorizing via signed-in user (kthompson@socfoundry.com)
[debug] [2026-04-13T14:37:56.497Z] > command requires scopes: ["email","openid","https://www.googleapis.com/auth/cloudplatformprojects.readonly","https://www.googleapis.com/auth/firebase","https://www.googleapis.com/auth/cloud-platform"]
[debug] [2026-04-13T14:37:56.498Z] > authorizing via signed-in user (kthompson@socfoundry.com)
[debug] [2026-04-13T14:37:56.564Z] Checked if tokens are valid: false, expires at: 1776003429427
[debug] [2026-04-13T14:37:56.564Z] Checked if tokens are valid: false, expires at: 1776003429427
[debug] [2026-04-13T14:37:56.564Z] > refreshing access token with scopes: []
[debug] [2026-04-13T14:37:56.565Z] >>> [apiv2][query] POST https://www.googleapis.com/oauth2/v3/token [none]
[debug] [2026-04-13T14:37:56.565Z] >>> [apiv2][body] POST https://www.googleapis.com/oauth2/v3/token [omitted]
[debug] [2026-04-13T14:37:56.567Z] Checked if tokens are valid: false, expires at: 1776003429427
[debug] [2026-04-13T14:37:56.567Z] Checked if tokens are valid: false, expires at: 1776003429427
[debug] [2026-04-13T14:37:56.567Z] > refreshing access token with scopes: []
[debug] [2026-04-13T14:37:56.567Z] >>> [apiv2][query] POST https://www.googleapis.com/oauth2/v3/token [none]
[debug] [2026-04-13T14:37:56.568Z] >>> [apiv2][body] POST https://www.googleapis.com/oauth2/v3/token [omitted]
[debug] [2026-04-13T14:37:56.570Z] Checked if tokens are valid: false, expires at: 1776003429427
[debug] [2026-04-13T14:37:56.570Z] Checked if tokens are valid: false, expires at: 1776003429427
[debug] [2026-04-13T14:37:56.570Z] > refreshing access token with scopes: []
[debug] [2026-04-13T14:37:56.570Z] >>> [apiv2][query] POST https://www.googleapis.com/oauth2/v3/token [none]
[debug] [2026-04-13T14:37:56.570Z] >>> [apiv2][body] POST https://www.googleapis.com/oauth2/v3/token [omitted]
[debug] [2026-04-13T14:37:56.692Z] <<< [apiv2][status] POST https://www.googleapis.com/oauth2/v3/token 400
[debug] [2026-04-13T14:37:56.692Z] <<< [apiv2][body] POST https://www.googleapis.com/oauth2/v3/token [omitted]
[error] Authentication Error: Your credentials are no longer valid. Please run firebase login --reauth

For CI servers and headless environments, generate a new token with firebase login:ci
[error] Authentication Error: Your credentials are no longer valid. Please run firebase login --reauth

For CI servers and headless environments, generate a new token with firebase login:ci
[debug] [2026-04-13T14:37:56.695Z] <<< [apiv2][status] POST https://www.googleapis.com/oauth2/v3/token 400
[debug] [2026-04-13T14:37:56.695Z] <<< [apiv2][body] POST https://www.googleapis.com/oauth2/v3/token [omitted]
[error] Authentication Error: Your credentials are no longer valid. Please run firebase login --reauth

For CI servers and headless environments, generate a new token with firebase login:ci
[error] Authentication Error: Your credentials are no longer valid. Please run firebase login --reauth

For CI servers and headless environments, generate a new token with firebase login:ci
[debug] [2026-04-13T14:37:56.697Z] <<< [apiv2][status] POST https://www.googleapis.com/oauth2/v3/token 400
[debug] [2026-04-13T14:37:56.697Z] <<< [apiv2][body] POST https://www.googleapis.com/oauth2/v3/token [omitted]
[error] Authentication Error: Your credentials are no longer valid. Please run firebase login --reauth

For CI servers and headless environments, generate a new token with firebase login:ci
[error] Authentication Error: Your credentials are no longer valid. Please run firebase login --reauth

For CI servers and headless environments, generate a new token with firebase login:ci
[debug] [2026-04-13T14:37:56.735Z] > command requires scopes: ["email","openid","https://www.googleapis.com/auth/cloudplatformprojects.readonly","https://www.googleapis.com/auth/firebase","https://www.googleapis.com/auth/cloud-platform"]
[debug] [2026-04-13T14:37:56.736Z] > authorizing via signed-in user (kthompson@socfoundry.com)
[debug] [2026-04-13T14:37:56.736Z] > command requires scopes: ["email","openid","https://www.googleapis.com/auth/cloudplatformprojects.readonly","https://www.googleapis.com/auth/firebase","https://www.googleapis.com/auth/cloud-platform"]
[debug] [2026-04-13T14:37:56.736Z] > authorizing via signed-in user (kthompson@socfoundry.com)
[debug] [2026-04-13T14:37:56.737Z] > command requires scopes: ["email","openid","https://www.googleapis.com/auth/cloudplatformprojects.readonly","https://www.googleapis.com/auth/firebase","https://www.googleapis.com/auth/cloud-platform"]
[debug] [2026-04-13T14:37:56.737Z] > authorizing via signed-in user (kthompson@socfoundry.com)
[debug] [2026-04-13T14:37:56.737Z] >>> [apiv2][query] POST https://developerknowledge.googleapis.com/mcp [none]
[debug] [2026-04-13T14:37:56.737Z] >>> [apiv2][body] POST https://developerknowledge.googleapis.com/mcp {"method":"tools/list","jsonrpc":"2.0","id":1}
[debug] [2026-04-13T14:37:56.869Z] <<< [apiv2][status] POST https://developerknowledge.googleapis.com/mcp 200
[debug] [2026-04-13T14:37:56.869Z] <<< [apiv2][body] POST https://developerknowledge.googleapis.com/mcp {"id":1,"jsonrpc":"2.0","result":{"tools":[{"annotations":{"destructiveHint":false,"idempotentHint":true,"openWorldHint":false,"readOnlyHint":true},"description":"Use this tool to find documentation about Google developer products. The documents contain official APIs, code snippets, release notes, best practices, guides, debugging info, and more. It covers the following products and domains:\n\n\n* Android: developer.android.com\n\n* Apigee: docs.apigee.com\n\n* Chrome: developer.chrome.com\n\n* Firebase: firebase.google.com\n\n* Fuchsia: fuchsia.dev\n\n* Google AI: ai.google.dev\n\n* Google Cloud: docs.cloud.google.com\n\n* Google Developers, Ads, Search, Google Maps, Youtube: developers.google.com\n\n* Google Home: developers.home.google.com\n\n* TensorFlow: www.tensorflow.org\n\n* Web: web.dev\n\n\nThis tool returns chunks of text, names, and URLs for matching documents. If the returned chunks are not detailed enough to answer the user's question, use `get_documents` with the `parent` from this tool's output to retrieve the full document content.\n","inputSchema":{"description":"Request schema for search_documents. Use the query field to search for related Google developer documentation.","properties":{"query":{"description":"Required. The raw query string provided by the user, such as \"How to create a Cloud Storage bucket?\".","type":"string"}},"required":["query"],"type":"object"},"name":"search_documents","outputSchema":{"$defs":{"DocumentChunk":{"description":"A DocumentChunk represents a piece of content from a Document in the DeveloperKnowledge corpus. To fetch the entire document content, pass the `parent` to get_document or batch_get_documents.","properties":{"content":{"description":"Output only. The content of the document chunk.","readOnly":true,"type":"string"},"id":{"description":"Output only. The ID of this chunk within the document. The chunk ID is unique within a document, but not globally unique across documents. The chunk ID is not stable and may change over time.","readOnly":true,"type":"string"},"parent":{"description":"Output only. The resource name of the document this chunk is from. Format: `documents/{uri_without_scheme}` Example: `documents/docs.cloud.google.com/storage/docs/creating-buckets`","readOnly":true,"type":"string"}},"type":"object"}},"description":"Response schema for search_documents.","properties":{"results":{"description":"The search results for the given query. Each Document in this list contains a snippet of content relevant to the search query. Use the DocumentChunk.name field of each result with get_documents to retrieve the full document content.","items":{"$ref":"#/$defs/DocumentChunk"},"type":"array"}},"type":"object"}},{"annotations":{"destructiveHint":false,"idempotentHint":true,"openWorldHint":false,"readOnlyHint":true},"description":"Use this tool to retrieve the full content of a single document or up to 20 documents in a single call. The document names should be obtained from the `parent` field of results from a call to the `search_documents` tool. Set the `names` parameter to a list of document names.","inputSchema":{"description":"Request schema for get_documents.","properties":{"names":{"description":"Required. The names of the documents to retrieve, as returned by search_documents. A maximum of 20 documents can be retrieved in one call. The documents are returned in the same order as the `names` in the request. Format: `documents/{uri_without_scheme}` Example: `documents/docs.cloud.google.com/storage/docs/creating-buckets`","items":{"type":"string"},"type":"array"}},"required":["names"],"type":"object"},"name":"get_documents","outputSchema":{"$defs":{"Document":{"description":"A Document represents a piece of content from the Developer Knowledge corpus.","properties":{"content":{"description":"Output only. The content of the document in Markdown format.","readOnly":true,"type":"string"},"description":{"description":"Output only. A description of the document.","readOnly":true,"type":"string"},"name":{"description":"Identifier. The resource name of the document. Format: `documents/{uri_without_scheme}` Example: `documents/docs.cloud.google.com/storage/docs/creating-buckets`","type":"string","x-google-identifier":true},"title":{"description":"Output only. The title of the document.","readOnly":true,"type":"string"},"uri":{"description":"Output only. The URI of the content, such as `https://cloud.google.com/storage/docs/creating-buckets`.","readOnly":true,"type":"string"}},"type":"object"}},"description":"Response schema for get_documents.","properties":{"documents":{"description":"Documents requested.","items":{"$ref":"#/$defs/Document"},"type":"array"}},"type":"object"}}]}}
[debug] [2026-04-13T14:37:56.870Z] > command requires scopes: ["email","openid","https://www.googleapis.com/auth/cloudplatformprojects.readonly","https://www.googleapis.com/auth/firebase","https://www.googleapis.com/auth/cloud-platform"]
[debug] [2026-04-13T14:37:56.870Z] > authorizing via signed-in user (kthompson@socfoundry.com)
[debug] [2026-04-13T15:26:05.755Z] > command requires scopes: ["email","openid","https://www.googleapis.com/auth/cloudplatformprojects.readonly","https://www.googleapis.com/auth/firebase","https://www.googleapis.com/auth/cloud-platform"]
[debug] [2026-04-13T15:26:05.756Z] > authorizing via signed-in user (kthompson@socfoundry.com)
[debug] [2026-04-13T15:26:05.756Z] > command requires scopes: ["email","openid","https://www.googleapis.com/auth/cloudplatformprojects.readonly","https://www.googleapis.com/auth/firebase","https://www.googleapis.com/auth/cloud-platform"]
[debug] [2026-04-13T15:26:05.756Z] > authorizing via signed-in user (kthompson@socfoundry.com)
[debug] [2026-04-13T15:26:05.765Z] > command requires scopes: ["email","openid","https://www.googleapis.com/auth/cloudplatformprojects.readonly","https://www.googleapis.com/auth/firebase","https://www.googleapis.com/auth/cloud-platform"]
[debug] [2026-04-13T15:26:05.765Z] > authorizing via signed-in user (kthompson@socfoundry.com)
[debug] [2026-04-13T15:26:05.839Z] Checked if tokens are valid: false, expires at: 1776003429427
[debug] [2026-04-13T15:26:05.839Z] Checked if tokens are valid: false, expires at: 1776003429427
[debug] [2026-04-13T15:26:05.839Z] > refreshing access token with scopes: []
[debug] [2026-04-13T15:26:05.840Z] >>> [apiv2][query] POST https://www.googleapis.com/oauth2/v3/token [none]
[debug] [2026-04-13T15:26:05.840Z] >>> [apiv2][body] POST https://www.googleapis.com/oauth2/v3/token [omitted]
[debug] [2026-04-13T15:26:05.843Z] Checked if tokens are valid: false, expires at: 1776003429427
[debug] [2026-04-13T15:26:05.843Z] Checked if tokens are valid: false, expires at: 1776003429427
[debug] [2026-04-13T15:26:05.843Z] > refreshing access token with scopes: []
[debug] [2026-04-13T15:26:05.843Z] >>> [apiv2][query] POST https://www.googleapis.com/oauth2/v3/token [none]
[debug] [2026-04-13T15:26:05.843Z] >>> [apiv2][body] POST https://www.googleapis.com/oauth2/v3/token [omitted]
[debug] [2026-04-13T15:26:05.845Z] Checked if tokens are valid: false, expires at: 1776003429427
[debug] [2026-04-13T15:26:05.846Z] Checked if tokens are valid: false, expires at: 1776003429427
[debug] [2026-04-13T15:26:05.846Z] > refreshing access token with scopes: []
[debug] [2026-04-13T15:26:05.846Z] >>> [apiv2][query] POST https://www.googleapis.com/oauth2/v3/token [none]
[debug] [2026-04-13T15:26:05.846Z] >>> [apiv2][body] POST https://www.googleapis.com/oauth2/v3/token [omitted]
[debug] [2026-04-13T15:26:05.971Z] <<< [apiv2][status] POST https://www.googleapis.com/oauth2/v3/token 400
[debug] [2026-04-13T15:26:05.971Z] <<< [apiv2][body] POST https://www.googleapis.com/oauth2/v3/token [omitted]
[error] Authentication Error: Your credentials are no longer valid. Please run firebase login --reauth

For CI servers and headless environments, generate a new token with firebase login:ci
[error] Authentication Error: Your credentials are no longer valid. Please run firebase login --reauth

For CI servers and headless environments, generate a new token with firebase login:ci
[debug] [2026-04-13T15:26:05.973Z] <<< [apiv2][status] POST https://www.googleapis.com/oauth2/v3/token 400
[debug] [2026-04-13T15:26:05.973Z] <<< [apiv2][body] POST https://www.googleapis.com/oauth2/v3/token [omitted]
[error] Authentication Error: Your credentials are no longer valid. Please run firebase login --reauth

For CI servers and headless environments, generate a new token with firebase login:ci
[error] Authentication Error: Your credentials are no longer valid. Please run firebase login --reauth

For CI servers and headless environments, generate a new token with firebase login:ci
[debug] [2026-04-13T15:26:05.976Z] <<< [apiv2][status] POST https://www.googleapis.com/oauth2/v3/token 400
[debug] [2026-04-13T15:26:05.976Z] <<< [apiv2][body] POST https://www.googleapis.com/oauth2/v3/token [omitted]
[error] Authentication Error: Your credentials are no longer valid. Please run firebase login --reauth

For CI servers and headless environments, generate a new token with firebase login:ci
[error] Authentication Error: Your credentials are no longer valid. Please run firebase login --reauth

For CI servers and headless environments, generate a new token with firebase login:ci
[debug] [2026-04-13T15:26:06.014Z] > command requires scopes: ["email","openid","https://www.googleapis.com/auth/cloudplatformprojects.readonly","https://www.googleapis.com/auth/firebase","https://www.googleapis.com/auth/cloud-platform"]
[debug] [2026-04-13T15:26:06.014Z] > authorizing via signed-in user (kthompson@socfoundry.com)
[debug] [2026-04-13T15:26:06.014Z] > command requires scopes: ["email","openid","https://www.googleapis.com/auth/cloudplatformprojects.readonly","https://www.googleapis.com/auth/firebase","https://www.googleapis.com/auth/cloud-platform"]
[debug] [2026-04-13T15:26:06.015Z] > authorizing via signed-in user (kthompson@socfoundry.com)
[debug] [2026-04-13T15:26:06.015Z] > command requires scopes: ["email","openid","https://www.googleapis.com/auth/cloudplatformprojects.readonly","https://www.googleapis.com/auth/firebase","https://www.googleapis.com/auth/cloud-platform"]
[debug] [2026-04-13T15:26:06.016Z] > authorizing via signed-in user (kthompson@socfoundry.com)
[debug] [2026-04-13T15:26:06.016Z] >>> [apiv2][query] POST https://developerknowledge.googleapis.com/mcp [none]
[debug] [2026-04-13T15:26:06.016Z] >>> [apiv2][body] POST https://developerknowledge.googleapis.com/mcp {"method":"tools/list","jsonrpc":"2.0","id":1}
[debug] [2026-04-13T15:26:06.164Z] <<< [apiv2][status] POST https://developerknowledge.googleapis.com/mcp 200
[debug] [2026-04-13T15:26:06.164Z] <<< [apiv2][body] POST https://developerknowledge.googleapis.com/mcp {"id":1,"jsonrpc":"2.0","result":{"tools":[{"annotations":{"destructiveHint":false,"idempotentHint":true,"openWorldHint":false,"readOnlyHint":true},"description":"Use this tool to find documentation about Google developer products. The documents contain official APIs, code snippets, release notes, best practices, guides, debugging info, and more. It covers the following products and domains:\n\n\n* Android: developer.android.com\n\n* Apigee: docs.apigee.com\n\n* Chrome: developer.chrome.com\n\n* Firebase: firebase.google.com\n\n* Fuchsia: fuchsia.dev\n\n* Google AI: ai.google.dev\n\n* Google Cloud: docs.cloud.google.com\n\n* Google Developers, Ads, Search, Google Maps, Youtube: developers.google.com\n\n* Google Home: developers.home.google.com\n\n* TensorFlow: www.tensorflow.org\n\n* Web: web.dev\n\n\nThis tool returns chunks of text, names, and URLs for matching documents. If the returned chunks are not detailed enough to answer the user's question, use `get_documents` with the `parent` from this tool's output to retrieve the full document content.\n","inputSchema":{"description":"Request schema for search_documents. Use the query field to search for related Google developer documentation.","properties":{"query":{"description":"Required. The raw query string provided by the user, such as \"How to create a Cloud Storage bucket?\".","type":"string"}},"required":["query"],"type":"object"},"name":"search_documents","outputSchema":{"$defs":{"DocumentChunk":{"description":"A DocumentChunk represents a piece of content from a Document in the DeveloperKnowledge corpus. To fetch the entire document content, pass the `parent` to get_document or batch_get_documents.","properties":{"content":{"description":"Output only. The content of the document chunk.","readOnly":true,"type":"string"},"id":{"description":"Output only. The ID of this chunk within the document. The chunk ID is unique within a document, but not globally unique across documents. The chunk ID is not stable and may change over time.","readOnly":true,"type":"string"},"parent":{"description":"Output only. The resource name of the document this chunk is from. Format: `documents/{uri_without_scheme}` Example: `documents/docs.cloud.google.com/storage/docs/creating-buckets`","readOnly":true,"type":"string"}},"type":"object"}},"description":"Response schema for search_documents.","properties":{"results":{"description":"The search results for the given query. Each Document in this list contains a snippet of content relevant to the search query. Use the DocumentChunk.name field of each result with get_documents to retrieve the full document content.","items":{"$ref":"#/$defs/DocumentChunk"},"type":"array"}},"type":"object"}},{"annotations":{"destructiveHint":false,"idempotentHint":true,"openWorldHint":false,"readOnlyHint":true},"description":"Use this tool to retrieve the full content of a single document or up to 20 documents in a single call. The document names should be obtained from the `parent` field of results from a call to the `search_documents` tool. Set the `names` parameter to a list of document names.","inputSchema":{"description":"Request schema for get_documents.","properties":{"names":{"description":"Required. The names of the documents to retrieve, as returned by search_documents. A maximum of 20 documents can be retrieved in one call. The documents are returned in the same order as the `names` in the request. Format: `documents/{uri_without_scheme}` Example: `documents/docs.cloud.google.com/storage/docs/creating-buckets`","items":{"type":"string"},"type":"array"}},"required":["names"],"type":"object"},"name":"get_documents","outputSchema":{"$defs":{"Document":{"description":"A Document represents a piece of content from the Developer Knowledge corpus.","properties":{"content":{"description":"Output only. The content of the document in Markdown format.","readOnly":true,"type":"string"},"description":{"description":"Output only. A description of the document.","readOnly":true,"type":"string"},"name":{"description":"Identifier. The resource name of the document. Format: `documents/{uri_without_scheme}` Example: `documents/docs.cloud.google.com/storage/docs/creating-buckets`","type":"string","x-google-identifier":true},"title":{"description":"Output only. The title of the document.","readOnly":true,"type":"string"},"uri":{"description":"Output only. The URI of the content, such as `https://cloud.google.com/storage/docs/creating-buckets`.","readOnly":true,"type":"string"}},"type":"object"}},"description":"Response schema for get_documents.","properties":{"documents":{"description":"Documents requested.","items":{"$ref":"#/$defs/Document"},"type":"array"}},"type":"object"}}]}}
[debug] [2026-04-13T15:26:06.165Z] > command requires scopes: ["email","openid","https://www.googleapis.com/auth/cloudplatformprojects.readonly","https://www.googleapis.com/auth/firebase","https://www.googleapis.com/auth/cloud-platform"]
[debug] [2026-04-13T15:26:06.165Z] > authorizing via signed-in user (kthompson@socfoundry.com)
[debug] [2026-04-13T16:41:56.021Z] > command requires scopes: ["email","openid","https://www.googleapis.com/auth/cloudplatformprojects.readonly","https://www.googleapis.com/auth/firebase","https://www.googleapis.com/auth/cloud-platform"]
[debug] [2026-04-13T16:41:56.022Z] > authorizing via signed-in user (kthompson@socfoundry.com)
[debug] [2026-04-13T16:41:56.022Z] > command requires scopes: ["email","openid","https://www.googleapis.com/auth/cloudplatformprojects.readonly","https://www.googleapis.com/auth/firebase","https://www.googleapis.com/auth/cloud-platform"]
[debug] [2026-04-13T16:41:56.022Z] > authorizing via signed-in user (kthompson@socfoundry.com)
[debug] [2026-04-13T16:41:56.028Z] > command requires scopes: ["email","openid","https://www.googleapis.com/auth/cloudplatformprojects.readonly","https://www.googleapis.com/auth/firebase","https://www.googleapis.com/auth/cloud-platform"]
[debug] [2026-04-13T16:41:56.028Z] > authorizing via signed-in user (kthompson@socfoundry.com)
[debug] [2026-04-13T16:41:56.099Z] Checked if tokens are valid: false, expires at: 1776003429427
[debug] [2026-04-13T16:41:56.099Z] Checked if tokens are valid: false, expires at: 1776003429427
[debug] [2026-04-13T16:41:56.099Z] > refreshing access token with scopes: []
[debug] [2026-04-13T16:41:56.100Z] >>> [apiv2][query] POST https://www.googleapis.com/oauth2/v3/token [none]
[debug] [2026-04-13T16:41:56.100Z] >>> [apiv2][body] POST https://www.googleapis.com/oauth2/v3/token [omitted]
[debug] [2026-04-13T16:41:56.103Z] Checked if tokens are valid: false, expires at: 1776003429427
[debug] [2026-04-13T16:41:56.103Z] Checked if tokens are valid: false, expires at: 1776003429427
[debug] [2026-04-13T16:41:56.103Z] > refreshing access token with scopes: []
[debug] [2026-04-13T16:41:56.103Z] >>> [apiv2][query] POST https://www.googleapis.com/oauth2/v3/token [none]
[debug] [2026-04-13T16:41:56.103Z] >>> [apiv2][body] POST https://www.googleapis.com/oauth2/v3/token [omitted]
[debug] [2026-04-13T16:41:56.105Z] Checked if tokens are valid: false, expires at: 1776003429427
[debug] [2026-04-13T16:41:56.105Z] Checked if tokens are valid: false, expires at: 1776003429427
[debug] [2026-04-13T16:41:56.105Z] > refreshing access token with scopes: []
[debug] [2026-04-13T16:41:56.105Z] >>> [apiv2][query] POST https://www.googleapis.com/oauth2/v3/token [none]
[debug] [2026-04-13T16:41:56.105Z] >>> [apiv2][body] POST https://www.googleapis.com/oauth2/v3/token [omitted]
[debug] [2026-04-13T16:41:56.230Z] <<< [apiv2][status] POST https://www.googleapis.com/oauth2/v3/token 400
[debug] [2026-04-13T16:41:56.230Z] <<< [apiv2][body] POST https://www.googleapis.com/oauth2/v3/token [omitted]
[error] Authentication Error: Your credentials are no longer valid. Please run firebase login --reauth

For CI servers and headless environments, generate a new token with firebase login:ci
[error] Authentication Error: Your credentials are no longer valid. Please run firebase login --reauth

For CI servers and headless environments, generate a new token with firebase login:ci
[debug] [2026-04-13T16:41:56.256Z] <<< [apiv2][status] POST https://www.googleapis.com/oauth2/v3/token 400
[debug] [2026-04-13T16:41:56.256Z] <<< [apiv2][body] POST https://www.googleapis.com/oauth2/v3/token [omitted]
[error] Authentication Error: Your credentials are no longer valid. Please run firebase login --reauth

For CI servers and headless environments, generate a new token with firebase login:ci
[error] Authentication Error: Your credentials are no longer valid. Please run firebase login --reauth

For CI servers and headless environments, generate a new token with firebase login:ci
[debug] [2026-04-13T16:41:56.256Z] <<< [apiv2][status] POST https://www.googleapis.com/oauth2/v3/token 400
[debug] [2026-04-13T16:41:56.256Z] <<< [apiv2][body] POST https://www.googleapis.com/oauth2/v3/token [omitted]
[error] Authentication Error: Your credentials are no longer valid. Please run firebase login --reauth

For CI servers and headless environments, generate a new token with firebase login:ci
[error] Authentication Error: Your credentials are no longer valid. Please run firebase login --reauth

For CI servers and headless environments, generate a new token with firebase login:ci
[debug] [2026-04-13T16:41:56.278Z] > command requires scopes: ["email","openid","https://www.googleapis.com/auth/cloudplatformprojects.readonly","https://www.googleapis.com/auth/firebase","https://www.googleapis.com/auth/cloud-platform"]
[debug] [2026-04-13T16:41:56.278Z] > authorizing via signed-in user (kthompson@socfoundry.com)
[debug] [2026-04-13T16:41:56.279Z] > command requires scopes: ["email","openid","https://www.googleapis.com/auth/cloudplatformprojects.readonly","https://www.googleapis.com/auth/firebase","https://www.googleapis.com/auth/cloud-platform"]
[debug] [2026-04-13T16:41:56.279Z] > authorizing via signed-in user (kthompson@socfoundry.com)
[debug] [2026-04-13T16:41:56.300Z] > command requires scopes: ["email","openid","https://www.googleapis.com/auth/cloudplatformprojects.readonly","https://www.googleapis.com/auth/firebase","https://www.googleapis.com/auth/cloud-platform"]
[debug] [2026-04-13T16:41:56.300Z] > authorizing via signed-in user (kthompson@socfoundry.com)
[debug] [2026-04-13T16:41:56.300Z] >>> [apiv2][query] POST https://developerknowledge.googleapis.com/mcp [none]
[debug] [2026-04-13T16:41:56.300Z] >>> [apiv2][body] POST https://developerknowledge.googleapis.com/mcp {"method":"tools/list","jsonrpc":"2.0","id":1}
[debug] [2026-04-13T16:41:56.469Z] <<< [apiv2][status] POST https://developerknowledge.googleapis.com/mcp 200
[debug] [2026-04-13T16:41:56.469Z] <<< [apiv2][body] POST https://developerknowledge.googleapis.com/mcp {"id":1,"jsonrpc":"2.0","result":{"tools":[{"annotations":{"destructiveHint":false,"idempotentHint":true,"openWorldHint":false,"readOnlyHint":true},"description":"Use this tool to find documentation about Google developer products. The documents contain official APIs, code snippets, release notes, best practices, guides, debugging info, and more. It covers the following products and domains:\n\n\n* Android: developer.android.com\n\n* Apigee: docs.apigee.com\n\n* Chrome: developer.chrome.com\n\n* Firebase: firebase.google.com\n\n* Fuchsia: fuchsia.dev\n\n* Google AI: ai.google.dev\n\n* Google Cloud: docs.cloud.google.com\n\n* Google Developers, Ads, Search, Google Maps, Youtube: developers.google.com\n\n* Google Home: developers.home.google.com\n\n* TensorFlow: www.tensorflow.org\n\n* Web: web.dev\n\n\nThis tool returns chunks of text, names, and URLs for matching documents. If the returned chunks are not detailed enough to answer the user's question, use `get_documents` with the `parent` from this tool's output to retrieve the full document content.\n","inputSchema":{"description":"Request schema for search_documents. Use the query field to search for related Google developer documentation.","properties":{"query":{"description":"Required. The raw query string provided by the user, such as \"How to create a Cloud Storage bucket?\".","type":"string"}},"required":["query"],"type":"object"},"name":"search_documents","outputSchema":{"$defs":{"DocumentChunk":{"description":"A DocumentChunk represents a piece of content from a Document in the DeveloperKnowledge corpus. To fetch the entire document content, pass the `parent` to get_document or batch_get_documents.","properties":{"content":{"description":"Output only. The content of the document chunk.","readOnly":true,"type":"string"},"id":{"description":"Output only. The ID of this chunk within the document. The chunk ID is unique within a document, but not globally unique across documents. The chunk ID is not stable and may change over time.","readOnly":true,"type":"string"},"parent":{"description":"Output only. The resource name of the document this chunk is from. Format: `documents/{uri_without_scheme}` Example: `documents/docs.cloud.google.com/storage/docs/creating-buckets`","readOnly":true,"type":"string"}},"type":"object"}},"description":"Response schema for search_documents.","properties":{"results":{"description":"The search results for the given query. Each Document in this list contains a snippet of content relevant to the search query. Use the DocumentChunk.name field of each result with get_documents to retrieve the full document content.","items":{"$ref":"#/$defs/DocumentChunk"},"type":"array"}},"type":"object"}},{"annotations":{"destructiveHint":false,"idempotentHint":true,"openWorldHint":false,"readOnlyHint":true},"description":"Use this tool to retrieve the full content of a single document or up to 20 documents in a single call. The document names should be obtained from the `parent` field of results from a call to the `search_documents` tool. Set the `names` parameter to a list of document names.","inputSchema":{"description":"Request schema for get_documents.","properties":{"names":{"description":"Required. The names of the documents to retrieve, as returned by search_documents. A maximum of 20 documents can be retrieved in one call. The documents are returned in the same order as the `names` in the request. Format: `documents/{uri_without_scheme}` Example: `documents/docs.cloud.google.com/storage/docs/creating-buckets`","items":{"type":"string"},"type":"array"}},"required":["names"],"type":"object"},"name":"get_documents","outputSchema":{"$defs":{"Document":{"description":"A Document represents a piece of content from the Developer Knowledge corpus.","properties":{"content":{"description":"Output only. The content of the document in Markdown format.","readOnly":true,"type":"string"},"description":{"description":"Output only. A description of the document.","readOnly":true,"type":"string"},"name":{"description":"Identifier. The resource name of the document. Format: `documents/{uri_without_scheme}` Example: `documents/docs.cloud.google.com/storage/docs/creating-buckets`","type":"string","x-google-identifier":true},"title":{"description":"Output only. The title of the document.","readOnly":true,"type":"string"},"uri":{"description":"Output only. The URI of the content, such as `https://cloud.google.com/storage/docs/creating-buckets`.","readOnly":true,"type":"string"}},"type":"object"}},"description":"Response schema for get_documents.","properties":{"documents":{"description":"Documents requested.","items":{"$ref":"#/$defs/Document"},"type":"array"}},"type":"object"}}]}}
[debug] [2026-04-13T16:41:56.470Z] > command requires scopes: ["email","openid","https://www.googleapis.com/auth/cloudplatformprojects.readonly","https://www.googleapis.com/auth/firebase","https://www.googleapis.com/auth/cloud-platform"]
[debug] [2026-04-13T16:41:56.470Z] > authorizing via signed-in user (kthompson@socfoundry.com)
[debug] [2026-04-13T17:42:53.184Z] > command requires scopes: ["email","openid","https://www.googleapis.com/auth/cloudplatformprojects.readonly","https://www.googleapis.com/auth/firebase","https://www.googleapis.com/auth/cloud-platform"]
[debug] [2026-04-13T17:42:53.185Z] > authorizing via signed-in user (kthompson@socfoundry.com)
[debug] [2026-04-13T17:42:53.185Z] > command requires scopes: ["email","openid","https://www.googleapis.com/auth/cloudplatformprojects.readonly","https://www.googleapis.com/auth/firebase","https://www.googleapis.com/auth/cloud-platform"]
[debug] [2026-04-13T17:42:53.185Z] > authorizing via signed-in user (kthompson@socfoundry.com)
[debug] [2026-04-13T17:42:53.193Z] > command requires scopes: ["email","openid","https://www.googleapis.com/auth/cloudplatformprojects.readonly","https://www.googleapis.com/auth/firebase","https://www.googleapis.com/auth/cloud-platform"]
[debug] [2026-04-13T17:42:53.193Z] > authorizing via signed-in user (kthompson@socfoundry.com)
[debug] [2026-04-13T17:42:53.268Z] Checked if tokens are valid: false, expires at: 1776003429427
[debug] [2026-04-13T17:42:53.268Z] Checked if tokens are valid: false, expires at: 1776003429427
[debug] [2026-04-13T17:42:53.268Z] > refreshing access token with scopes: []
[debug] [2026-04-13T17:42:53.269Z] >>> [apiv2][query] POST https://www.googleapis.com/oauth2/v3/token [none]
[debug] [2026-04-13T17:42:53.269Z] >>> [apiv2][body] POST https://www.googleapis.com/oauth2/v3/token [omitted]
[debug] [2026-04-13T17:42:53.273Z] Checked if tokens are valid: false, expires at: 1776003429427
[debug] [2026-04-13T17:42:53.273Z] Checked if tokens are valid: false, expires at: 1776003429427
[debug] [2026-04-13T17:42:53.273Z] > refreshing access token with scopes: []
[debug] [2026-04-13T17:42:53.273Z] >>> [apiv2][query] POST https://www.googleapis.com/oauth2/v3/token [none]
[debug] [2026-04-13T17:42:53.273Z] >>> [apiv2][body] POST https://www.googleapis.com/oauth2/v3/token [omitted]
[debug] [2026-04-13T17:42:53.276Z] Checked if tokens are valid: false, expires at: 1776003429427
[debug] [2026-04-13T17:42:53.276Z] Checked if tokens are valid: false, expires at: 1776003429427
[debug] [2026-04-13T17:42:53.276Z] > refreshing access token with scopes: []
[debug] [2026-04-13T17:42:53.277Z] >>> [apiv2][query] POST https://www.googleapis.com/oauth2/v3/token [none]
[debug] [2026-04-13T17:42:53.277Z] >>> [apiv2][body] POST https://www.googleapis.com/oauth2/v3/token [omitted]
[debug] [2026-04-13T17:42:53.405Z] <<< [apiv2][status] POST https://www.googleapis.com/oauth2/v3/token 400
[debug] [2026-04-13T17:42:53.405Z] <<< [apiv2][body] POST https://www.googleapis.com/oauth2/v3/token [omitted]
[error] Authentication Error: Your credentials are no longer valid. Please run firebase login --reauth

For CI servers and headless environments, generate a new token with firebase login:ci
[error] Authentication Error: Your credentials are no longer valid. Please run firebase login --reauth

For CI servers and headless environments, generate a new token with firebase login:ci
[debug] [2026-04-13T17:42:53.416Z] <<< [apiv2][status] POST https://www.googleapis.com/oauth2/v3/token 400
[debug] [2026-04-13T17:42:53.416Z] <<< [apiv2][body] POST https://www.googleapis.com/oauth2/v3/token [omitted]
[error] Authentication Error: Your credentials are no longer valid. Please run firebase login --reauth

For CI servers and headless environments, generate a new token with firebase login:ci
[error] Authentication Error: Your credentials are no longer valid. Please run firebase login --reauth

For CI servers and headless environments, generate a new token with firebase login:ci
[debug] [2026-04-13T17:42:53.420Z] <<< [apiv2][status] POST https://www.googleapis.com/oauth2/v3/token 400
[debug] [2026-04-13T17:42:53.420Z] <<< [apiv2][body] POST https://www.googleapis.com/oauth2/v3/token [omitted]
[error] Authentication Error: Your credentials are no longer valid. Please run firebase login --reauth

For CI servers and headless environments, generate a new token with firebase login:ci
[error] Authentication Error: Your credentials are no longer valid. Please run firebase login --reauth

For CI servers and headless environments, generate a new token with firebase login:ci
[debug] [2026-04-13T17:42:53.454Z] > command requires scopes: ["email","openid","https://www.googleapis.com/auth/cloudplatformprojects.readonly","https://www.googleapis.com/auth/firebase","https://www.googleapis.com/auth/cloud-platform"]
[debug] [2026-04-13T17:42:53.454Z] > authorizing via signed-in user (kthompson@socfoundry.com)
[debug] [2026-04-13T17:42:53.455Z] >>> [apiv2][query] POST https://developerknowledge.googleapis.com/mcp [none]
[debug] [2026-04-13T17:42:53.455Z] >>> [apiv2][body] POST https://developerknowledge.googleapis.com/mcp {"method":"tools/list","jsonrpc":"2.0","id":1}
[debug] [2026-04-13T17:42:53.460Z] > command requires scopes: ["email","openid","https://www.googleapis.com/auth/cloudplatformprojects.readonly","https://www.googleapis.com/auth/firebase","https://www.googleapis.com/auth/cloud-platform"]
[debug] [2026-04-13T17:42:53.460Z] > authorizing via signed-in user (kthompson@socfoundry.com)
[debug] [2026-04-13T17:42:53.461Z] > command requires scopes: ["email","openid","https://www.googleapis.com/auth/cloudplatformprojects.readonly","https://www.googleapis.com/auth/firebase","https://www.googleapis.com/auth/cloud-platform"]
[debug] [2026-04-13T17:42:53.461Z] > authorizing via signed-in user (kthompson@socfoundry.com)
[debug] [2026-04-13T17:42:53.612Z] <<< [apiv2][status] POST https://developerknowledge.googleapis.com/mcp 200
[debug] [2026-04-13T17:42:53.612Z] <<< [apiv2][body] POST https://developerknowledge.googleapis.com/mcp {"id":1,"jsonrpc":"2.0","result":{"tools":[{"annotations":{"destructiveHint":false,"idempotentHint":true,"openWorldHint":false,"readOnlyHint":true},"description":"Use this tool to find documentation about Google developer products. The documents contain official APIs, code snippets, release notes, best practices, guides, debugging info, and more. It covers the following products and domains:\n\n\n* Android: developer.android.com\n\n* Apigee: docs.apigee.com\n\n* Chrome: developer.chrome.com\n\n* Firebase: firebase.google.com\n\n* Fuchsia: fuchsia.dev\n\n* Google AI: ai.google.dev\n\n* Google Cloud: docs.cloud.google.com\n\n* Google Developers, Ads, Search, Google Maps, Youtube: developers.google.com\n\n* Google Home: developers.home.google.com\n\n* TensorFlow: www.tensorflow.org\n\n* Web: web.dev\n\n\nThis tool returns chunks of text, names, and URLs for matching documents. If the returned chunks are not detailed enough to answer the user's question, use `get_documents` with the `parent` from this tool's output to retrieve the full document content.\n","inputSchema":{"description":"Request schema for search_documents. Use the query field to search for related Google developer documentation.","properties":{"query":{"description":"Required. The raw query string provided by the user, such as \"How to create a Cloud Storage bucket?\".","type":"string"}},"required":["query"],"type":"object"},"name":"search_documents","outputSchema":{"$defs":{"DocumentChunk":{"description":"A DocumentChunk represents a piece of content from a Document in the DeveloperKnowledge corpus. To fetch the entire document content, pass the `parent` to get_document or batch_get_documents.","properties":{"content":{"description":"Output only. The content of the document chunk.","readOnly":true,"type":"string"},"id":{"description":"Output only. The ID of this chunk within the document. The chunk ID is unique within a document, but not globally unique across documents. The chunk ID is not stable and may change over time.","readOnly":true,"type":"string"},"parent":{"description":"Output only. The resource name of the document this chunk is from. Format: `documents/{uri_without_scheme}` Example: `documents/docs.cloud.google.com/storage/docs/creating-buckets`","readOnly":true,"type":"string"}},"type":"object"}},"description":"Response schema for search_documents.","properties":{"results":{"description":"The search results for the given query. Each Document in this list contains a snippet of content relevant to the search query. Use the DocumentChunk.name field of each result with get_documents to retrieve the full document content.","items":{"$ref":"#/$defs/DocumentChunk"},"type":"array"}},"type":"object"}},{"annotations":{"destructiveHint":false,"idempotentHint":true,"openWorldHint":false,"readOnlyHint":true},"description":"Use this tool to retrieve the full content of a single document or up to 20 documents in a single call. The document names should be obtained from the `parent` field of results from a call to the `search_documents` tool. Set the `names` parameter to a list of document names.","inputSchema":{"description":"Request schema for get_documents.","properties":{"names":{"description":"Required. The names of the documents to retrieve, as returned by search_documents. A maximum of 20 documents can be retrieved in one call. The documents are returned in the same order as the `names` in the request. Format: `documents/{uri_without_scheme}` Example: `documents/docs.cloud.google.com/storage/docs/creating-buckets`","items":{"type":"string"},"type":"array"}},"required":["names"],"type":"object"},"name":"get_documents","outputSchema":{"$defs":{"Document":{"description":"A Document represents a piece of content from the Developer Knowledge corpus.","properties":{"content":{"description":"Output only. The content of the document in Markdown format.","readOnly":true,"type":"string"},"description":{"description":"Output only. A description of the document.","readOnly":true,"type":"string"},"name":{"description":"Identifier. The resource name of the document. Format: `documents/{uri_without_scheme}` Example: `documents/docs.cloud.google.com/storage/docs/creating-buckets`","type":"string","x-google-identifier":true},"title":{"description":"Output only. The title of the document.","readOnly":true,"type":"string"},"uri":{"description":"Output only. The URI of the content, such as `https://cloud.google.com/storage/docs/creating-buckets`.","readOnly":true,"type":"string"}},"type":"object"}},"description":"Response schema for get_documents.","properties":{"documents":{"description":"Documents requested.","items":{"$ref":"#/$defs/Document"},"type":"array"}},"type":"object"}}]}}
[debug] [2026-04-13T17:42:53.614Z] > command requires scopes: ["email","openid","https://www.googleapis.com/auth/cloudplatformprojects.readonly","https://www.googleapis.com/auth/firebase","https://www.googleapis.com/auth/cloud-platform"]
[debug] [2026-04-13T17:42:53.614Z] > authorizing via signed-in user (kthompson@socfoundry.com)
[debug] [2026-04-13T20:56:45.022Z] > command requires scopes: ["email","openid","https://www.googleapis.com/auth/cloudplatformprojects.readonly","https://www.googleapis.com/auth/firebase","https://www.googleapis.com/auth/cloud-platform"]
[debug] [2026-04-13T20:56:45.023Z] > authorizing via signed-in user (kthompson@socfoundry.com)
[debug] [2026-04-13T20:56:45.023Z] > command requires scopes: ["email","openid","https://www.googleapis.com/auth/cloudplatformprojects.readonly","https://www.googleapis.com/auth/firebase","https://www.googleapis.com/auth/cloud-platform"]
[debug] [2026-04-13T20:56:45.023Z] > authorizing via signed-in user (kthompson@socfoundry.com)
[debug] [2026-04-13T20:56:45.033Z] > command requires scopes: ["email","openid","https://www.googleapis.com/auth/cloudplatformprojects.readonly","https://www.googleapis.com/auth/firebase","https://www.googleapis.com/auth/cloud-platform"]
[debug] [2026-04-13T20:56:45.033Z] > authorizing via signed-in user (kthompson@socfoundry.com)
[debug] [2026-04-13T20:56:45.123Z] Checked if tokens are valid: false, expires at: 1776003429427
[debug] [2026-04-13T20:56:45.123Z] Checked if tokens are valid: false, expires at: 1776003429427
[debug] [2026-04-13T20:56:45.123Z] > refreshing access token with scopes: []
[debug] [2026-04-13T20:56:45.124Z] >>> [apiv2][query] POST https://www.googleapis.com/oauth2/v3/token [none]
[debug] [2026-04-13T20:56:45.124Z] >>> [apiv2][body] POST https://www.googleapis.com/oauth2/v3/token [omitted]
[debug] [2026-04-13T20:56:45.129Z] Checked if tokens are valid: false, expires at: 1776003429427
[debug] [2026-04-13T20:56:45.129Z] Checked if tokens are valid: false, expires at: 1776003429427
[debug] [2026-04-13T20:56:45.129Z] > refreshing access token with scopes: []
[debug] [2026-04-13T20:56:45.129Z] >>> [apiv2][query] POST https://www.googleapis.com/oauth2/v3/token [none]
[debug] [2026-04-13T20:56:45.129Z] >>> [apiv2][body] POST https://www.googleapis.com/oauth2/v3/token [omitted]
[debug] [2026-04-13T20:56:45.133Z] Checked if tokens are valid: false, expires at: 1776003429427
[debug] [2026-04-13T20:56:45.133Z] Checked if tokens are valid: false, expires at: 1776003429427
[debug] [2026-04-13T20:56:45.133Z] > refreshing access token with scopes: []
[debug] [2026-04-13T20:56:45.133Z] >>> [apiv2][query] POST https://www.googleapis.com/oauth2/v3/token [none]
[debug] [2026-04-13T20:56:45.133Z] >>> [apiv2][body] POST https://www.googleapis.com/oauth2/v3/token [omitted]
[debug] [2026-04-13T20:56:45.269Z] <<< [apiv2][status] POST https://www.googleapis.com/oauth2/v3/token 400
[debug] [2026-04-13T20:56:45.269Z] <<< [apiv2][body] POST https://www.googleapis.com/oauth2/v3/token [omitted]
[error] Authentication Error: Your credentials are no longer valid. Please run firebase login --reauth

For CI servers and headless environments, generate a new token with firebase login:ci
[error] Authentication Error: Your credentials are no longer valid. Please run firebase login --reauth

For CI servers and headless environments, generate a new token with firebase login:ci
[debug] [2026-04-13T20:56:45.270Z] <<< [apiv2][status] POST https://www.googleapis.com/oauth2/v3/token 400
[debug] [2026-04-13T20:56:45.270Z] <<< [apiv2][body] POST https://www.googleapis.com/oauth2/v3/token [omitted]
[error] Authentication Error: Your credentials are no longer valid. Please run firebase login --reauth

For CI servers and headless environments, generate a new token with firebase login:ci
[error] Authentication Error: Your credentials are no longer valid. Please run firebase login --reauth

For CI servers and headless environments, generate a new token with firebase login:ci
[debug] [2026-04-13T20:56:45.287Z] <<< [apiv2][status] POST https://www.googleapis.com/oauth2/v3/token 400
[debug] [2026-04-13T20:56:45.287Z] <<< [apiv2][body] POST https://www.googleapis.com/oauth2/v3/token [omitted]
[error] Authentication Error: Your credentials are no longer valid. Please run firebase login --reauth

For CI servers and headless environments, generate a new token with firebase login:ci
[error] Authentication Error: Your credentials are no longer valid. Please run firebase login --reauth

For CI servers and headless environments, generate a new token with firebase login:ci
[debug] [2026-04-13T20:56:45.308Z] > command requires scopes: ["email","openid","https://www.googleapis.com/auth/cloudplatformprojects.readonly","https://www.googleapis.com/auth/firebase","https://www.googleapis.com/auth/cloud-platform"]
[debug] [2026-04-13T20:56:45.308Z] > authorizing via signed-in user (kthompson@socfoundry.com)
[debug] [2026-04-13T20:56:45.308Z] >>> [apiv2][query] POST https://developerknowledge.googleapis.com/mcp [none]
[debug] [2026-04-13T20:56:45.308Z] >>> [apiv2][body] POST https://developerknowledge.googleapis.com/mcp {"method":"tools/list","jsonrpc":"2.0","id":1}
[debug] [2026-04-13T20:56:45.330Z] > command requires scopes: ["email","openid","https://www.googleapis.com/auth/cloudplatformprojects.readonly","https://www.googleapis.com/auth/firebase","https://www.googleapis.com/auth/cloud-platform"]
[debug] [2026-04-13T20:56:45.330Z] > authorizing via signed-in user (kthompson@socfoundry.com)
[debug] [2026-04-13T20:56:45.330Z] > command requires scopes: ["email","openid","https://www.googleapis.com/auth/cloudplatformprojects.readonly","https://www.googleapis.com/auth/firebase","https://www.googleapis.com/auth/cloud-platform"]
[debug] [2026-04-13T20:56:45.330Z] > authorizing via signed-in user (kthompson@socfoundry.com)
[debug] [2026-04-13T20:56:45.480Z] <<< [apiv2][status] POST https://developerknowledge.googleapis.com/mcp 200
[debug] [2026-04-13T20:56:45.480Z] <<< [apiv2][body] POST https://developerknowledge.googleapis.com/mcp {"id":1,"jsonrpc":"2.0","result":{"tools":[{"annotations":{"destructiveHint":false,"idempotentHint":true,"openWorldHint":false,"readOnlyHint":true},"description":"Use this tool to find documentation about Google developer products. The documents contain official APIs, code snippets, release notes, best practices, guides, debugging info, and more. It covers the following products and domains:\n\n\n* Android: developer.android.com\n\n* Apigee: docs.apigee.com\n\n* Chrome: developer.chrome.com\n\n* Firebase: firebase.google.com\n\n* Fuchsia: fuchsia.dev\n\n* Google AI: ai.google.dev\n\n* Google Cloud: docs.cloud.google.com\n\n* Google Developers, Ads, Search, Google Maps, Youtube: developers.google.com\n\n* Google Home: developers.home.google.com\n\n* TensorFlow: www.tensorflow.org\n\n* Web: web.dev\n\n\nThis tool returns chunks of text, names, and URLs for matching documents. If the returned chunks are not detailed enough to answer the user's question, use `get_documents` with the `parent` from this tool's output to retrieve the full document content.\n","inputSchema":{"description":"Request schema for search_documents. Use the query field to search for related Google developer documentation.","properties":{"query":{"description":"Required. The raw query string provided by the user, such as \"How to create a Cloud Storage bucket?\".","type":"string"}},"required":["query"],"type":"object"},"name":"search_documents","outputSchema":{"$defs":{"DocumentChunk":{"description":"A DocumentChunk represents a piece of content from a Document in the DeveloperKnowledge corpus. To fetch the entire document content, pass the `parent` to get_document or batch_get_documents.","properties":{"content":{"description":"Output only. The content of the document chunk.","readOnly":true,"type":"string"},"id":{"description":"Output only. The ID of this chunk within the document. The chunk ID is unique within a document, but not globally unique across documents. The chunk ID is not stable and may change over time.","readOnly":true,"type":"string"},"parent":{"description":"Output only. The resource name of the document this chunk is from. Format: `documents/{uri_without_scheme}` Example: `documents/docs.cloud.google.com/storage/docs/creating-buckets`","readOnly":true,"type":"string"}},"type":"object"}},"description":"Response schema for search_documents.","properties":{"results":{"description":"The search results for the given query. Each Document in this list contains a snippet of content relevant to the search query. Use the DocumentChunk.name field of each result with get_documents to retrieve the full document content.","items":{"$ref":"#/$defs/DocumentChunk"},"type":"array"}},"type":"object"}},{"annotations":{"destructiveHint":false,"idempotentHint":true,"openWorldHint":false,"readOnlyHint":true},"description":"Use this tool to retrieve the full content of a single document or up to 20 documents in a single call. The document names should be obtained from the `parent` field of results from a call to the `search_documents` tool. Set the `names` parameter to a list of document names.","inputSchema":{"description":"Request schema for get_documents.","properties":{"names":{"description":"Required. The names of the documents to retrieve, as returned by search_documents. A maximum of 20 documents can be retrieved in one call. The documents are returned in the same order as the `names` in the request. Format: `documents/{uri_without_scheme}` Example: `documents/docs.cloud.google.com/storage/docs/creating-buckets`","items":{"type":"string"},"type":"array"}},"required":["names"],"type":"object"},"name":"get_documents","outputSchema":{"$defs":{"Document":{"description":"A Document represents a piece of content from the Developer Knowledge corpus.","properties":{"content":{"description":"Output only. The content of the document in Markdown format.","readOnly":true,"type":"string"},"description":{"description":"Output only. A description of the document.","readOnly":true,"type":"string"},"name":{"description":"Identifier. The resource name of the document. Format: `documents/{uri_without_scheme}` Example: `documents/docs.cloud.google.com/storage/docs/creating-buckets`","type":"string","x-google-identifier":true},"title":{"description":"Output only. The title of the document.","readOnly":true,"type":"string"},"uri":{"description":"Output only. The URI of the content, such as `https://cloud.google.com/storage/docs/creating-buckets`.","readOnly":true,"type":"string"}},"type":"object"}},"description":"Response schema for get_documents.","properties":{"documents":{"description":"Documents requested.","items":{"$ref":"#/$defs/Document"},"type":"array"}},"type":"object"}}]}}
[debug] [2026-04-13T20:56:45.482Z] > command requires scopes: ["email","openid","https://www.googleapis.com/auth/cloudplatformprojects.readonly","https://www.googleapis.com/auth/firebase","https://www.googleapis.com/auth/cloud-platform"]
[debug] [2026-04-13T20:56:45.482Z] > authorizing via signed-in user (kthompson@socfoundry.com)
[debug] [2026-04-20T00:11:14.150Z] > command requires scopes: ["email","openid","https://www.googleapis.com/auth/cloudplatformprojects.readonly","https://www.googleapis.com/auth/firebase","https://www.googleapis.com/auth/cloud-platform"]
[debug] [2026-04-20T00:11:14.151Z] > authorizing via signed-in user (kthompson@socfoundry.com)
[debug] [2026-04-20T00:11:14.151Z] > command requires scopes: ["email","openid","https://www.googleapis.com/auth/cloudplatformprojects.readonly","https://www.googleapis.com/auth/firebase","https://www.googleapis.com/auth/cloud-platform"]
[debug] [2026-04-20T00:11:14.151Z] > authorizing via signed-in user (kthompson@socfoundry.com)
[debug] [2026-04-20T00:11:14.158Z] > command requires scopes: ["email","openid","https://www.googleapis.com/auth/cloudplatformprojects.readonly","https://www.googleapis.com/auth/firebase","https://www.googleapis.com/auth/cloud-platform"]
[debug] [2026-04-20T00:11:14.158Z] > authorizing via signed-in user (kthompson@socfoundry.com)
[debug] [2026-04-20T00:11:14.223Z] Checked if tokens are valid: false, expires at: 1776003429427
[debug] [2026-04-20T00:11:14.223Z] Checked if tokens are valid: false, expires at: 1776003429427
[debug] [2026-04-20T00:11:14.223Z] > refreshing access token with scopes: []
[debug] [2026-04-20T00:11:14.224Z] >>> [apiv2][query] POST https://www.googleapis.com/oauth2/v3/token [none]
[debug] [2026-04-20T00:11:14.224Z] >>> [apiv2][body] POST https://www.googleapis.com/oauth2/v3/token [omitted]
[debug] [2026-04-20T00:11:14.226Z] Checked if tokens are valid: false, expires at: 1776003429427
[debug] [2026-04-20T00:11:14.226Z] Checked if tokens are valid: false, expires at: 1776003429427
[debug] [2026-04-20T00:11:14.227Z] > refreshing access token with scopes: []
[debug] [2026-04-20T00:11:14.227Z] >>> [apiv2][query] POST https://www.googleapis.com/oauth2/v3/token [none]
[debug] [2026-04-20T00:11:14.227Z] >>> [apiv2][body] POST https://www.googleapis.com/oauth2/v3/token [omitted]
[debug] [2026-04-20T00:11:14.229Z] Checked if tokens are valid: false, expires at: 1776003429427
[debug] [2026-04-20T00:11:14.229Z] Checked if tokens are valid: false, expires at: 1776003429427
[debug] [2026-04-20T00:11:14.229Z] > refreshing access token with scopes: []
[debug] [2026-04-20T00:11:14.229Z] >>> [apiv2][query] POST https://www.googleapis.com/oauth2/v3/token [none]
[debug] [2026-04-20T00:11:14.229Z] >>> [apiv2][body] POST https://www.googleapis.com/oauth2/v3/token [omitted]
[debug] [2026-04-20T00:11:14.356Z] <<< [apiv2][status] POST https://www.googleapis.com/oauth2/v3/token 400
[debug] [2026-04-20T00:11:14.357Z] <<< [apiv2][body] POST https://www.googleapis.com/oauth2/v3/token [omitted]
[error] Authentication Error: Your credentials are no longer valid. Please run firebase login --reauth

For CI servers and headless environments, generate a new token with firebase login:ci
[error] Authentication Error: Your credentials are no longer valid. Please run firebase login --reauth

For CI servers and headless environments, generate a new token with firebase login:ci
[debug] [2026-04-20T00:11:14.358Z] <<< [apiv2][status] POST https://www.googleapis.com/oauth2/v3/token 400
[debug] [2026-04-20T00:11:14.358Z] <<< [apiv2][body] POST https://www.googleapis.com/oauth2/v3/token [omitted]
[error] Authentication Error: Your credentials are no longer valid. Please run firebase login --reauth

For CI servers and headless environments, generate a new token with firebase login:ci
[error] Authentication Error: Your credentials are no longer valid. Please run firebase login --reauth

For CI servers and headless environments, generate a new token with firebase login:ci
[debug] [2026-04-20T00:11:14.394Z] <<< [apiv2][status] POST https://www.googleapis.com/oauth2/v3/token 400
[debug] [2026-04-20T00:11:14.395Z] <<< [apiv2][body] POST https://www.googleapis.com/oauth2/v3/token [omitted]
[error] Authentication Error: Your credentials are no longer valid. Please run firebase login --reauth

For CI servers and headless environments, generate a new token with firebase login:ci
[error] Authentication Error: Your credentials are no longer valid. Please run firebase login --reauth

For CI servers and headless environments, generate a new token with firebase login:ci
[debug] [2026-04-20T00:11:14.399Z] > command requires scopes: ["email","openid","https://www.googleapis.com/auth/cloudplatformprojects.readonly","https://www.googleapis.com/auth/firebase","https://www.googleapis.com/auth/cloud-platform"]
[debug] [2026-04-20T00:11:14.399Z] > authorizing via signed-in user (kthompson@socfoundry.com)
[debug] [2026-04-20T00:11:14.399Z] >>> [apiv2][query] POST https://developerknowledge.googleapis.com/mcp [none]
[debug] [2026-04-20T00:11:14.399Z] >>> [apiv2][body] POST https://developerknowledge.googleapis.com/mcp {"method":"tools/list","jsonrpc":"2.0","id":1}
[debug] [2026-04-20T00:11:14.400Z] > command requires scopes: ["email","openid","https://www.googleapis.com/auth/cloudplatformprojects.readonly","https://www.googleapis.com/auth/firebase","https://www.googleapis.com/auth/cloud-platform"]
[debug] [2026-04-20T00:11:14.401Z] > authorizing via signed-in user (kthompson@socfoundry.com)
[debug] [2026-04-20T00:11:14.401Z] > command requires scopes: ["email","openid","https://www.googleapis.com/auth/cloudplatformprojects.readonly","https://www.googleapis.com/auth/firebase","https://www.googleapis.com/auth/cloud-platform"]
[debug] [2026-04-20T00:11:14.401Z] > authorizing via signed-in user (kthompson@socfoundry.com)
[debug] [2026-04-20T00:11:14.567Z] <<< [apiv2][status] POST https://developerknowledge.googleapis.com/mcp 200
[debug] [2026-04-20T00:11:14.567Z] <<< [apiv2][body] POST https://developerknowledge.googleapis.com/mcp {"id":1,"jsonrpc":"2.0","result":{"tools":[{"annotations":{"destructiveHint":false,"idempotentHint":true,"openWorldHint":false,"readOnlyHint":true},"description":"Use this tool to find documentation about Google developer products. The documents contain official APIs, code snippets, release notes, best practices, guides, debugging info, and more. It covers the following products and domains:\n\n\n* ADK: adk.dev\n\n* Android: developer.android.com\n\n* Apigee: docs.apigee.com\n\n* Chrome: developer.chrome.com\n\n* Firebase: firebase.google.com\n\n* Fuchsia: fuchsia.dev\n\n* Go: go.dev\n\n* Google AI: ai.google.dev\n\n* Google Cloud: docs.cloud.google.com\n\n* Google Developers, Ads, Search, Google Maps, Youtube: developers.google.com\n\n* Google Home: developers.home.google.com\n\n* TensorFlow: www.tensorflow.org\n\n* Web: web.dev\n\n\nThis tool returns chunks of text, names, and URLs for matching documents. If the returned chunks are not detailed enough to answer the user's question, use `get_documents` with the `parent` from this tool's output to retrieve the full document content.\n","inputSchema":{"description":"Request schema for search_documents. Use the query field to search for related Google developer documentation.","properties":{"query":{"description":"Required. The raw query string provided by the user, such as \"How to create a Cloud Storage bucket?\".","type":"string"}},"required":["query"],"type":"object"},"name":"search_documents","outputSchema":{"$defs":{"DocumentChunk":{"description":"A DocumentChunk represents a piece of content from a Document in the DeveloperKnowledge corpus. To fetch the entire document content, pass the `parent` to get_document or batch_get_documents.","properties":{"content":{"description":"Output only. The content of the document chunk.","readOnly":true,"type":"string"},"id":{"description":"Output only. The ID of this chunk within the document. The chunk ID is unique within a document, but not globally unique across documents. The chunk ID is not stable and may change over time.","readOnly":true,"type":"string"},"parent":{"description":"Output only. The resource name of the document this chunk is from. Format: `documents/{uri_without_scheme}` Example: `documents/docs.cloud.google.com/storage/docs/creating-buckets`","readOnly":true,"type":"string"}},"type":"object"}},"description":"Response schema for search_documents.","properties":{"results":{"description":"The search results for the given query. Each Document in this list contains a snippet of content relevant to the search query. Use the DocumentChunk.name field of each result with get_documents to retrieve the full document content.","items":{"$ref":"#/$defs/DocumentChunk"},"type":"array"}},"type":"object"}},{"annotations":{"destructiveHint":false,"idempotentHint":true,"openWorldHint":false,"readOnlyHint":true},"description":"Use answer_query to get a grounded answer to a query about Google developer products. This tool has limited quota. This tool will synthesize information from the corpus to generate an answer to the query. answer_query grounds answers using the same corpus as search_documents. If you get a 429 out of quota error, use search_documents instead.","inputSchema":{"description":"Request message for AnswerQuery.","properties":{"query":{"description":"Required. The query to answer.","type":"string"}},"required":["query"],"type":"object"},"name":"answer_query","outputSchema":{"description":"Response message for AnswerQuery.","properties":{"answerText":{"description":"The answer to the query.","type":"string"}},"type":"object"}},{"annotations":{"destructiveHint":false,"idempotentHint":true,"openWorldHint":false,"readOnlyHint":true},"description":"Use this tool to retrieve the full content of a single document or up to 20 documents in a single call. The document names should be obtained from the `parent` field of results from a call to the `search_documents` tool. Set the `names` parameter to a list of document names.","inputSchema":{"description":"Request schema for get_documents.","properties":{"names":{"description":"Required. The names of the documents to retrieve, as returned by search_documents. A maximum of 20 documents can be retrieved in one call. The documents are returned in the same order as the `names` in the request. Format: `documents/{uri_without_scheme}` Example: `documents/docs.cloud.google.com/storage/docs/creating-buckets`","items":{"type":"string"},"type":"array"}},"required":["names"],"type":"object"},"name":"get_documents","outputSchema":{"$defs":{"Document":{"description":"A Document represents a piece of content from the Developer Knowledge corpus.","properties":{"content":{"description":"Output only. The content of the document in Markdown format.","readOnly":true,"type":"string"},"description":{"description":"Output only. A description of the document.","readOnly":true,"type":"string"},"name":{"description":"Identifier. The resource name of the document. Format: `documents/{uri_without_scheme}` Example: `documents/docs.cloud.google.com/storage/docs/creating-buckets`","type":"string","x-google-identifier":true},"title":{"description":"Output only. The title of the document.","readOnly":true,"type":"string"},"uri":{"description":"Output only. The URI of the content, such as `https://cloud.google.com/storage/docs/creating-buckets`.","readOnly":true,"type":"string"}},"type":"object"}},"description":"Response schema for get_documents.","properties":{"documents":{"description":"Documents requested.","items":{"$ref":"#/$defs/Document"},"type":"array"}},"type":"object"}}]}}
[debug] [2026-04-20T00:11:14.571Z] > command requires scopes: ["email","openid","https://www.googleapis.com/auth/cloudplatformprojects.readonly","https://www.googleapis.com/auth/firebase","https://www.googleapis.com/auth/cloud-platform"]
[debug] [2026-04-20T00:11:14.571Z] > authorizing via signed-in user (kthompson@socfoundry.com)
[debug] [2026-04-21T13:24:02.182Z] > command requires scopes: ["email","openid","https://www.googleapis.com/auth/cloudplatformprojects.readonly","https://www.googleapis.com/auth/firebase","https://www.googleapis.com/auth/cloud-platform"]
[debug] [2026-04-21T13:24:02.183Z] > authorizing via signed-in user (kthompson@socfoundry.com)
[debug] [2026-04-21T13:24:02.183Z] > command requires scopes: ["email","openid","https://www.googleapis.com/auth/cloudplatformprojects.readonly","https://www.googleapis.com/auth/firebase","https://www.googleapis.com/auth/cloud-platform"]
[debug] [2026-04-21T13:24:02.183Z] > authorizing via signed-in user (kthompson@socfoundry.com)
[debug] [2026-04-21T13:24:02.190Z] > command requires scopes: ["email","openid","https://www.googleapis.com/auth/cloudplatformprojects.readonly","https://www.googleapis.com/auth/firebase","https://www.googleapis.com/auth/cloud-platform"]
[debug] [2026-04-21T13:24:02.190Z] > authorizing via signed-in user (kthompson@socfoundry.com)
[debug] [2026-04-21T13:24:02.266Z] Checked if tokens are valid: false, expires at: 1776003429427
[debug] [2026-04-21T13:24:02.266Z] Checked if tokens are valid: false, expires at: 1776003429427
[debug] [2026-04-21T13:24:02.266Z] > refreshing access token with scopes: []
[debug] [2026-04-21T13:24:02.267Z] >>> [apiv2][query] POST https://www.googleapis.com/oauth2/v3/token [none]
[debug] [2026-04-21T13:24:02.267Z] >>> [apiv2][body] POST https://www.googleapis.com/oauth2/v3/token [omitted]
[debug] [2026-04-21T13:24:02.271Z] Checked if tokens are valid: false, expires at: 1776003429427
[debug] [2026-04-21T13:24:02.271Z] Checked if tokens are valid: false, expires at: 1776003429427
[debug] [2026-04-21T13:24:02.271Z] > refreshing access token with scopes: []
[debug] [2026-04-21T13:24:02.271Z] >>> [apiv2][query] POST https://www.googleapis.com/oauth2/v3/token [none]
[debug] [2026-04-21T13:24:02.271Z] >>> [apiv2][body] POST https://www.googleapis.com/oauth2/v3/token [omitted]
[debug] [2026-04-21T13:24:02.278Z] Checked if tokens are valid: false, expires at: 1776003429427
[debug] [2026-04-21T13:24:02.278Z] Checked if tokens are valid: false, expires at: 1776003429427
[debug] [2026-04-21T13:24:02.278Z] > refreshing access token with scopes: []
[debug] [2026-04-21T13:24:02.278Z] >>> [apiv2][query] POST https://www.googleapis.com/oauth2/v3/token [none]
[debug] [2026-04-21T13:24:02.278Z] >>> [apiv2][body] POST https://www.googleapis.com/oauth2/v3/token [omitted]
[debug] [2026-04-21T13:24:02.403Z] <<< [apiv2][status] POST https://www.googleapis.com/oauth2/v3/token 400
[debug] [2026-04-21T13:24:02.403Z] <<< [apiv2][body] POST https://www.googleapis.com/oauth2/v3/token [omitted]
[error] Authentication Error: Your credentials are no longer valid. Please run firebase login --reauth

For CI servers and headless environments, generate a new token with firebase login:ci
[error] Authentication Error: Your credentials are no longer valid. Please run firebase login --reauth

For CI servers and headless environments, generate a new token with firebase login:ci
[debug] [2026-04-21T13:24:02.412Z] <<< [apiv2][status] POST https://www.googleapis.com/oauth2/v3/token 400
[debug] [2026-04-21T13:24:02.412Z] <<< [apiv2][body] POST https://www.googleapis.com/oauth2/v3/token [omitted]
[error] Authentication Error: Your credentials are no longer valid. Please run firebase login --reauth

For CI servers and headless environments, generate a new token with firebase login:ci
[error] Authentication Error: Your credentials are no longer valid. Please run firebase login --reauth

For CI servers and headless environments, generate a new token with firebase login:ci
[debug] [2026-04-21T13:24:02.419Z] <<< [apiv2][status] POST https://www.googleapis.com/oauth2/v3/token 400
[debug] [2026-04-21T13:24:02.419Z] <<< [apiv2][body] POST https://www.googleapis.com/oauth2/v3/token [omitted]
[error] Authentication Error: Your credentials are no longer valid. Please run firebase login --reauth

For CI servers and headless environments, generate a new token with firebase login:ci
[error] Authentication Error: Your credentials are no longer valid. Please run firebase login --reauth

For CI servers and headless environments, generate a new token with firebase login:ci
[debug] [2026-04-21T13:24:02.457Z] > command requires scopes: ["email","openid","https://www.googleapis.com/auth/cloudplatformprojects.readonly","https://www.googleapis.com/auth/firebase","https://www.googleapis.com/auth/cloud-platform"]
[debug] [2026-04-21T13:24:02.457Z] > authorizing via signed-in user (kthompson@socfoundry.com)
[debug] [2026-04-21T13:24:02.457Z] > command requires scopes: ["email","openid","https://www.googleapis.com/auth/cloudplatformprojects.readonly","https://www.googleapis.com/auth/firebase","https://www.googleapis.com/auth/cloud-platform"]
[debug] [2026-04-21T13:24:02.457Z] > authorizing via signed-in user (kthompson@socfoundry.com)
[debug] [2026-04-21T13:24:02.463Z] > command requires scopes: ["email","openid","https://www.googleapis.com/auth/cloudplatformprojects.readonly","https://www.googleapis.com/auth/firebase","https://www.googleapis.com/auth/cloud-platform"]
[debug] [2026-04-21T13:24:02.463Z] > authorizing via signed-in user (kthompson@socfoundry.com)
[debug] [2026-04-21T13:24:02.463Z] >>> [apiv2][query] POST https://developerknowledge.googleapis.com/mcp [none]
[debug] [2026-04-21T13:24:02.463Z] >>> [apiv2][body] POST https://developerknowledge.googleapis.com/mcp {"method":"tools/list","jsonrpc":"2.0","id":1}
[debug] [2026-04-21T13:24:02.608Z] <<< [apiv2][status] POST https://developerknowledge.googleapis.com/mcp 200
[debug] [2026-04-21T13:24:02.608Z] <<< [apiv2][body] POST https://developerknowledge.googleapis.com/mcp {"id":1,"jsonrpc":"2.0","result":{"tools":[{"annotations":{"destructiveHint":false,"idempotentHint":true,"openWorldHint":false,"readOnlyHint":true},"description":"Use this tool to find documentation about Google developer products. The documents contain official APIs, code snippets, release notes, best practices, guides, debugging info, and more. It covers the following products and domains:\n\n\n* ADK: adk.dev\n\n* Android: developer.android.com\n\n* Apigee: docs.apigee.com\n\n* Chrome: developer.chrome.com\n\n* Firebase: firebase.google.com\n\n* Fuchsia: fuchsia.dev\n\n* Go: go.dev\n\n* Google AI: ai.google.dev\n\n* Google Cloud: docs.cloud.google.com\n\n* Google Developers, Ads, Search, Google Maps, Youtube: developers.google.com\n\n* Google Home: developers.home.google.com\n\n* TensorFlow: www.tensorflow.org\n\n* Web: web.dev\n\n\nThis tool returns chunks of text, names, and URLs for matching documents. If the returned chunks are not detailed enough to answer the user's question, use `get_documents` with the `parent` from this tool's output to retrieve the full document content.\n","inputSchema":{"description":"Request schema for search_documents. Use the query field to search for related Google developer documentation.","properties":{"query":{"description":"Required. The raw query string provided by the user, such as \"How to create a Cloud Storage bucket?\".","type":"string"}},"required":["query"],"type":"object"},"name":"search_documents","outputSchema":{"$defs":{"DocumentChunk":{"description":"A DocumentChunk represents a piece of content from a Document in the DeveloperKnowledge corpus. To fetch the entire document content, pass the `parent` to get_document or batch_get_documents.","properties":{"content":{"description":"Output only. The content of the document chunk.","readOnly":true,"type":"string"},"id":{"description":"Output only. The ID of this chunk within the document. The chunk ID is unique within a document, but not globally unique across documents. The chunk ID is not stable and may change over time.","readOnly":true,"type":"string"},"parent":{"description":"Output only. The resource name of the document this chunk is from. Format: `documents/{uri_without_scheme}` Example: `documents/docs.cloud.google.com/storage/docs/creating-buckets`","readOnly":true,"type":"string"}},"type":"object"}},"description":"Response schema for search_documents.","properties":{"results":{"description":"The search results for the given query. Each Document in this list contains a snippet of content relevant to the search query. Use the DocumentChunk.name field of each result with get_documents to retrieve the full document content.","items":{"$ref":"#/$defs/DocumentChunk"},"type":"array"}},"type":"object"}},{"annotations":{"destructiveHint":false,"idempotentHint":true,"openWorldHint":false,"readOnlyHint":true},"description":"Use answer_query to get a grounded answer to a query about Google developer products. This tool has limited quota. This tool will synthesize information from the corpus to generate an answer to the query. answer_query grounds answers using the same corpus as search_documents. If you get a 429 out of quota error, use search_documents instead.","inputSchema":{"description":"Request message for AnswerQuery.","properties":{"query":{"description":"Required. The query to answer.","type":"string"}},"required":["query"],"type":"object"},"name":"answer_query","outputSchema":{"description":"Response message for AnswerQuery.","properties":{"answerText":{"description":"The answer to the query.","type":"string"}},"type":"object"}},{"annotations":{"destructiveHint":false,"idempotentHint":true,"openWorldHint":false,"readOnlyHint":true},"description":"Use this tool to retrieve the full content of a single document or up to 20 documents in a single call. The document names should be obtained from the `parent` field of results from a call to the `search_documents` tool. Set the `names` parameter to a list of document names.","inputSchema":{"description":"Request schema for get_documents.","properties":{"names":{"description":"Required. The names of the documents to retrieve, as returned by search_documents. A maximum of 20 documents can be retrieved in one call. The documents are returned in the same order as the `names` in the request. Format: `documents/{uri_without_scheme}` Example: `documents/docs.cloud.google.com/storage/docs/creating-buckets`","items":{"type":"string"},"type":"array"}},"required":["names"],"type":"object"},"name":"get_documents","outputSchema":{"$defs":{"Document":{"description":"A Document represents a piece of content from the Developer Knowledge corpus.","properties":{"content":{"description":"Output only. The content of the document in Markdown format.","readOnly":true,"type":"string"},"description":{"description":"Output only. A description of the document.","readOnly":true,"type":"string"},"name":{"description":"Identifier. The resource name of the document. Format: `documents/{uri_without_scheme}` Example: `documents/docs.cloud.google.com/storage/docs/creating-buckets`","type":"string","x-google-identifier":true},"title":{"description":"Output only. The title of the document.","readOnly":true,"type":"string"},"uri":{"description":"Output only. The URI of the content, such as `https://cloud.google.com/storage/docs/creating-buckets`.","readOnly":true,"type":"string"}},"type":"object"}},"description":"Response schema for get_documents.","properties":{"documents":{"description":"Documents requested.","items":{"$ref":"#/$defs/Document"},"type":"array"}},"type":"object"}}]}}
[debug] [2026-04-21T13:24:02.610Z] > command requires scopes: ["email","openid","https://www.googleapis.com/auth/cloudplatformprojects.readonly","https://www.googleapis.com/auth/firebase","https://www.googleapis.com/auth/cloud-platform"]
[debug] [2026-04-21T13:24:02.610Z] > authorizing via signed-in user (kthompson@socfoundry.com)
[debug] [2026-04-21T13:24:48.536Z] > command requires scopes: ["email","openid","https://www.googleapis.com/auth/cloudplatformprojects.readonly","https://www.googleapis.com/auth/firebase","https://www.googleapis.com/auth/cloud-platform"]
[debug] [2026-04-21T13:24:48.537Z] > authorizing via signed-in user (kthompson@socfoundry.com)
[debug] [2026-04-21T13:24:48.537Z] > command requires scopes: ["email","openid","https://www.googleapis.com/auth/cloudplatformprojects.readonly","https://www.googleapis.com/auth/firebase","https://www.googleapis.com/auth/cloud-platform"]
[debug] [2026-04-21T13:24:48.537Z] > authorizing via signed-in user (kthompson@socfoundry.com)
[debug] [2026-04-21T13:24:48.544Z] > command requires scopes: ["email","openid","https://www.googleapis.com/auth/cloudplatformprojects.readonly","https://www.googleapis.com/auth/firebase","https://www.googleapis.com/auth/cloud-platform"]
[debug] [2026-04-21T13:24:48.544Z] > authorizing via signed-in user (kthompson@socfoundry.com)
[debug] [2026-04-21T13:24:48.631Z] Checked if tokens are valid: false, expires at: 1776003429427
[debug] [2026-04-21T13:24:48.631Z] Checked if tokens are valid: false, expires at: 1776003429427
[debug] [2026-04-21T13:24:48.631Z] > refreshing access token with scopes: []
[debug] [2026-04-21T13:24:48.632Z] >>> [apiv2][query] POST https://www.googleapis.com/oauth2/v3/token [none]
[debug] [2026-04-21T13:24:48.632Z] >>> [apiv2][body] POST https://www.googleapis.com/oauth2/v3/token [omitted]
[debug] [2026-04-21T13:24:48.635Z] Checked if tokens are valid: false, expires at: 1776003429427
[debug] [2026-04-21T13:24:48.635Z] Checked if tokens are valid: false, expires at: 1776003429427
[debug] [2026-04-21T13:24:48.635Z] > refreshing access token with scopes: []
[debug] [2026-04-21T13:24:48.636Z] >>> [apiv2][query] POST https://www.googleapis.com/oauth2/v3/token [none]
[debug] [2026-04-21T13:24:48.636Z] >>> [apiv2][body] POST https://www.googleapis.com/oauth2/v3/token [omitted]
[debug] [2026-04-21T13:24:48.639Z] Checked if tokens are valid: false, expires at: 1776003429427
[debug] [2026-04-21T13:24:48.639Z] Checked if tokens are valid: false, expires at: 1776003429427
[debug] [2026-04-21T13:24:48.639Z] > refreshing access token with scopes: []
[debug] [2026-04-21T13:24:48.639Z] >>> [apiv2][query] POST https://www.googleapis.com/oauth2/v3/token [none]
[debug] [2026-04-21T13:24:48.639Z] >>> [apiv2][body] POST https://www.googleapis.com/oauth2/v3/token [omitted]
[debug] [2026-04-21T13:24:48.753Z] <<< [apiv2][status] POST https://www.googleapis.com/oauth2/v3/token 400
[debug] [2026-04-21T13:24:48.753Z] <<< [apiv2][body] POST https://www.googleapis.com/oauth2/v3/token [omitted]
[error] Authentication Error: Your credentials are no longer valid. Please run firebase login --reauth

For CI servers and headless environments, generate a new token with firebase login:ci
[error] Authentication Error: Your credentials are no longer valid. Please run firebase login --reauth

For CI servers and headless environments, generate a new token with firebase login:ci
[debug] [2026-04-21T13:24:48.760Z] <<< [apiv2][status] POST https://www.googleapis.com/oauth2/v3/token 400
[debug] [2026-04-21T13:24:48.760Z] <<< [apiv2][body] POST https://www.googleapis.com/oauth2/v3/token [omitted]
[error] Authentication Error: Your credentials are no longer valid. Please run firebase login --reauth

For CI servers and headless environments, generate a new token with firebase login:ci
[error] Authentication Error: Your credentials are no longer valid. Please run firebase login --reauth

For CI servers and headless environments, generate a new token with firebase login:ci
[debug] [2026-04-21T13:24:48.761Z] <<< [apiv2][status] POST https://www.googleapis.com/oauth2/v3/token 400
[debug] [2026-04-21T13:24:48.761Z] <<< [apiv2][body] POST https://www.googleapis.com/oauth2/v3/token [omitted]
[error] Authentication Error: Your credentials are no longer valid. Please run firebase login --reauth

For CI servers and headless environments, generate a new token with firebase login:ci
[error] Authentication Error: Your credentials are no longer valid. Please run firebase login --reauth

For CI servers and headless environments, generate a new token with firebase login:ci
[debug] [2026-04-21T13:24:48.804Z] > command requires scopes: ["email","openid","https://www.googleapis.com/auth/cloudplatformprojects.readonly","https://www.googleapis.com/auth/firebase","https://www.googleapis.com/auth/cloud-platform"]
[debug] [2026-04-21T13:24:48.804Z] > authorizing via signed-in user (kthompson@socfoundry.com)
[debug] [2026-04-21T13:24:48.804Z] >>> [apiv2][query] POST https://developerknowledge.googleapis.com/mcp [none]
[debug] [2026-04-21T13:24:48.804Z] >>> [apiv2][body] POST https://developerknowledge.googleapis.com/mcp {"method":"tools/list","jsonrpc":"2.0","id":1}
[debug] [2026-04-21T13:24:48.805Z] > command requires scopes: ["email","openid","https://www.googleapis.com/auth/cloudplatformprojects.readonly","https://www.googleapis.com/auth/firebase","https://www.googleapis.com/auth/cloud-platform"]
[debug] [2026-04-21T13:24:48.805Z] > authorizing via signed-in user (kthompson@socfoundry.com)
[debug] [2026-04-21T13:24:48.806Z] > command requires scopes: ["email","openid","https://www.googleapis.com/auth/cloudplatformprojects.readonly","https://www.googleapis.com/auth/firebase","https://www.googleapis.com/auth/cloud-platform"]
[debug] [2026-04-21T13:24:48.806Z] > authorizing via signed-in user (kthompson@socfoundry.com)
[debug] [2026-04-21T13:24:48.930Z] <<< [apiv2][status] POST https://developerknowledge.googleapis.com/mcp 200
[debug] [2026-04-21T13:24:48.930Z] <<< [apiv2][body] POST https://developerknowledge.googleapis.com/mcp {"id":1,"jsonrpc":"2.0","result":{"tools":[{"annotations":{"destructiveHint":false,"idempotentHint":true,"openWorldHint":false,"readOnlyHint":true},"description":"Use this tool to find documentation about Google developer products. The documents contain official APIs, code snippets, release notes, best practices, guides, debugging info, and more. It covers the following products and domains:\n\n\n* ADK: adk.dev\n\n* Android: developer.android.com\n\n* Apigee: docs.apigee.com\n\n* Chrome: developer.chrome.com\n\n* Firebase: firebase.google.com\n\n* Fuchsia: fuchsia.dev\n\n* Go: go.dev\n\n* Google AI: ai.google.dev\n\n* Google Cloud: docs.cloud.google.com\n\n* Google Developers, Ads, Search, Google Maps, Youtube: developers.google.com\n\n* Google Home: developers.home.google.com\n\n* TensorFlow: www.tensorflow.org\n\n* Web: web.dev\n\n\nThis tool returns chunks of text, names, and URLs for matching documents. If the returned chunks are not detailed enough to answer the user's question, use `get_documents` with the `parent` from this tool's output to retrieve the full document content.\n","inputSchema":{"description":"Request schema for search_documents. Use the query field to search for related Google developer documentation.","properties":{"query":{"description":"Required. The raw query string provided by the user, such as \"How to create a Cloud Storage bucket?\".","type":"string"}},"required":["query"],"type":"object"},"name":"search_documents","outputSchema":{"$defs":{"DocumentChunk":{"description":"A DocumentChunk represents a piece of content from a Document in the DeveloperKnowledge corpus. To fetch the entire document content, pass the `parent` to get_document or batch_get_documents.","properties":{"content":{"description":"Output only. The content of the document chunk.","readOnly":true,"type":"string"},"id":{"description":"Output only. The ID of this chunk within the document. The chunk ID is unique within a document, but not globally unique across documents. The chunk ID is not stable and may change over time.","readOnly":true,"type":"string"},"parent":{"description":"Output only. The resource name of the document this chunk is from. Format: `documents/{uri_without_scheme}` Example: `documents/docs.cloud.google.com/storage/docs/creating-buckets`","readOnly":true,"type":"string"}},"type":"object"}},"description":"Response schema for search_documents.","properties":{"results":{"description":"The search results for the given query. Each Document in this list contains a snippet of content relevant to the search query. Use the DocumentChunk.name field of each result with get_documents to retrieve the full document content.","items":{"$ref":"#/$defs/DocumentChunk"},"type":"array"}},"type":"object"}},{"annotations":{"destructiveHint":false,"idempotentHint":true,"openWorldHint":false,"readOnlyHint":true},"description":"Use answer_query to get a grounded answer to a query about Google developer products. This tool has limited quota. This tool will synthesize information from the corpus to generate an answer to the query. answer_query grounds answers using the same corpus as search_documents. If you get a 429 out of quota error, use search_documents instead.","inputSchema":{"description":"Request message for AnswerQuery.","properties":{"query":{"description":"Required. The query to answer.","type":"string"}},"required":["query"],"type":"object"},"name":"answer_query","outputSchema":{"description":"Response message for AnswerQuery.","properties":{"answerText":{"description":"The answer to the query.","type":"string"}},"type":"object"}},{"annotations":{"destructiveHint":false,"idempotentHint":true,"openWorldHint":false,"readOnlyHint":true},"description":"Use this tool to retrieve the full content of a single document or up to 20 documents in a single call. The document names should be obtained from the `parent` field of results from a call to the `search_documents` tool. Set the `names` parameter to a list of document names.","inputSchema":{"description":"Request schema for get_documents.","properties":{"names":{"description":"Required. The names of the documents to retrieve, as returned by search_documents. A maximum of 20 documents can be retrieved in one call. The documents are returned in the same order as the `names` in the request. Format: `documents/{uri_without_scheme}` Example: `documents/docs.cloud.google.com/storage/docs/creating-buckets`","items":{"type":"string"},"type":"array"}},"required":["names"],"type":"object"},"name":"get_documents","outputSchema":{"$defs":{"Document":{"description":"A Document represents a piece of content from the Developer Knowledge corpus.","properties":{"content":{"description":"Output only. The content of the document in Markdown format.","readOnly":true,"type":"string"},"description":{"description":"Output only. A description of the document.","readOnly":true,"type":"string"},"name":{"description":"Identifier. The resource name of the document. Format: `documents/{uri_without_scheme}` Example: `documents/docs.cloud.google.com/storage/docs/creating-buckets`","type":"string","x-google-identifier":true},"title":{"description":"Output only. The title of the document.","readOnly":true,"type":"string"},"uri":{"description":"Output only. The URI of the content, such as `https://cloud.google.com/storage/docs/creating-buckets`.","readOnly":true,"type":"string"}},"type":"object"}},"description":"Response schema for get_documents.","properties":{"documents":{"description":"Documents requested.","items":{"$ref":"#/$defs/Document"},"type":"array"}},"type":"object"}}]}}
[debug] [2026-04-21T13:24:48.931Z] > command requires scopes: ["email","openid","https://www.googleapis.com/auth/cloudplatformprojects.readonly","https://www.googleapis.com/auth/firebase","https://www.googleapis.com/auth/cloud-platform"]
[debug] [2026-04-21T13:24:48.931Z] > authorizing via signed-in user (kthompson@socfoundry.com)
[debug] [2026-04-21T16:57:33.987Z] > command requires scopes: ["email","openid","https://www.googleapis.com/auth/cloudplatformprojects.readonly","https://www.googleapis.com/auth/firebase","https://www.googleapis.com/auth/cloud-platform"]
[debug] [2026-04-21T16:57:33.988Z] > authorizing via signed-in user (kthompson@socfoundry.com)
[debug] [2026-04-21T16:57:33.988Z] > command requires scopes: ["email","openid","https://www.googleapis.com/auth/cloudplatformprojects.readonly","https://www.googleapis.com/auth/firebase","https://www.googleapis.com/auth/cloud-platform"]
[debug] [2026-04-21T16:57:33.988Z] > authorizing via signed-in user (kthompson@socfoundry.com)
[debug] [2026-04-21T16:57:33.996Z] > command requires scopes: ["email","openid","https://www.googleapis.com/auth/cloudplatformprojects.readonly","https://www.googleapis.com/auth/firebase","https://www.googleapis.com/auth/cloud-platform"]
[debug] [2026-04-21T16:57:33.996Z] > authorizing via signed-in user (kthompson@socfoundry.com)
[debug] [2026-04-21T16:57:34.071Z] Checked if tokens are valid: false, expires at: 1776003429427
[debug] [2026-04-21T16:57:34.071Z] Checked if tokens are valid: false, expires at: 1776003429427
[debug] [2026-04-21T16:57:34.071Z] > refreshing access token with scopes: []
[debug] [2026-04-21T16:57:34.072Z] >>> [apiv2][query] POST https://www.googleapis.com/oauth2/v3/token [none]
[debug] [2026-04-21T16:57:34.072Z] >>> [apiv2][body] POST https://www.googleapis.com/oauth2/v3/token [omitted]
[debug] [2026-04-21T16:57:34.077Z] Checked if tokens are valid: false, expires at: 1776003429427
[debug] [2026-04-21T16:57:34.077Z] Checked if tokens are valid: false, expires at: 1776003429427
[debug] [2026-04-21T16:57:34.077Z] > refreshing access token with scopes: []
[debug] [2026-04-21T16:57:34.077Z] >>> [apiv2][query] POST https://www.googleapis.com/oauth2/v3/token [none]
[debug] [2026-04-21T16:57:34.077Z] >>> [apiv2][body] POST https://www.googleapis.com/oauth2/v3/token [omitted]
[debug] [2026-04-21T16:57:34.081Z] Checked if tokens are valid: false, expires at: 1776003429427
[debug] [2026-04-21T16:57:34.081Z] Checked if tokens are valid: false, expires at: 1776003429427
[debug] [2026-04-21T16:57:34.081Z] > refreshing access token with scopes: []
[debug] [2026-04-21T16:57:34.081Z] >>> [apiv2][query] POST https://www.googleapis.com/oauth2/v3/token [none]
[debug] [2026-04-21T16:57:34.081Z] >>> [apiv2][body] POST https://www.googleapis.com/oauth2/v3/token [omitted]
[debug] [2026-04-21T16:57:34.214Z] <<< [apiv2][status] POST https://www.googleapis.com/oauth2/v3/token 400
[debug] [2026-04-21T16:57:34.214Z] <<< [apiv2][body] POST https://www.googleapis.com/oauth2/v3/token [omitted]
[error] Authentication Error: Your credentials are no longer valid. Please run firebase login --reauth

For CI servers and headless environments, generate a new token with firebase login:ci
[error] Authentication Error: Your credentials are no longer valid. Please run firebase login --reauth

For CI servers and headless environments, generate a new token with firebase login:ci
[debug] [2026-04-21T16:57:34.218Z] <<< [apiv2][status] POST https://www.googleapis.com/oauth2/v3/token 400
[debug] [2026-04-21T16:57:34.218Z] <<< [apiv2][body] POST https://www.googleapis.com/oauth2/v3/token [omitted]
[error] Authentication Error: Your credentials are no longer valid. Please run firebase login --reauth

For CI servers and headless environments, generate a new token with firebase login:ci
[error] Authentication Error: Your credentials are no longer valid. Please run firebase login --reauth

For CI servers and headless environments, generate a new token with firebase login:ci
[debug] [2026-04-21T16:57:34.220Z] <<< [apiv2][status] POST https://www.googleapis.com/oauth2/v3/token 400
[debug] [2026-04-21T16:57:34.220Z] <<< [apiv2][body] POST https://www.googleapis.com/oauth2/v3/token [omitted]
[error] Authentication Error: Your credentials are no longer valid. Please run firebase login --reauth

For CI servers and headless environments, generate a new token with firebase login:ci
[error] Authentication Error: Your credentials are no longer valid. Please run firebase login --reauth

For CI servers and headless environments, generate a new token with firebase login:ci
[debug] [2026-04-21T16:57:34.259Z] > command requires scopes: ["email","openid","https://www.googleapis.com/auth/cloudplatformprojects.readonly","https://www.googleapis.com/auth/firebase","https://www.googleapis.com/auth/cloud-platform"]
[debug] [2026-04-21T16:57:34.259Z] > authorizing via signed-in user (kthompson@socfoundry.com)
[debug] [2026-04-21T16:57:34.259Z] > command requires scopes: ["email","openid","https://www.googleapis.com/auth/cloudplatformprojects.readonly","https://www.googleapis.com/auth/firebase","https://www.googleapis.com/auth/cloud-platform"]
[debug] [2026-04-21T16:57:34.259Z] > authorizing via signed-in user (kthompson@socfoundry.com)
[debug] [2026-04-21T16:57:34.266Z] > command requires scopes: ["email","openid","https://www.googleapis.com/auth/cloudplatformprojects.readonly","https://www.googleapis.com/auth/firebase","https://www.googleapis.com/auth/cloud-platform"]
[debug] [2026-04-21T16:57:34.266Z] > authorizing via signed-in user (kthompson@socfoundry.com)
[debug] [2026-04-21T16:57:34.266Z] >>> [apiv2][query] POST https://developerknowledge.googleapis.com/mcp [none]
[debug] [2026-04-21T16:57:34.266Z] >>> [apiv2][body] POST https://developerknowledge.googleapis.com/mcp {"method":"tools/list","jsonrpc":"2.0","id":1}
[debug] [2026-04-21T16:57:34.407Z] <<< [apiv2][status] POST https://developerknowledge.googleapis.com/mcp 200
[debug] [2026-04-21T16:57:34.407Z] <<< [apiv2][body] POST https://developerknowledge.googleapis.com/mcp {"id":1,"jsonrpc":"2.0","result":{"tools":[{"annotations":{"destructiveHint":false,"idempotentHint":true,"openWorldHint":false,"readOnlyHint":true},"description":"Use this tool to find documentation about Google developer products. The documents contain official APIs, code snippets, release notes, best practices, guides, debugging info, and more. It covers the following products and domains:\n\n\n* ADK: adk.dev\n\n* Android: developer.android.com\n\n* Apigee: docs.apigee.com\n\n* Chrome: developer.chrome.com\n\n* Firebase: firebase.google.com\n\n* Fuchsia: fuchsia.dev\n\n* Go: go.dev\n\n* Google AI: ai.google.dev\n\n* Google Cloud: docs.cloud.google.com\n\n* Google Developers, Ads, Search, Google Maps, Youtube: developers.google.com\n\n* Google Home: developers.home.google.com\n\n* TensorFlow: www.tensorflow.org\n\n* Web: web.dev\n\n\nThis tool returns chunks of text, names, and URLs for matching documents. If the returned chunks are not detailed enough to answer the user's question, use `get_documents` with the `parent` from this tool's output to retrieve the full document content.\n","inputSchema":{"description":"Request schema for search_documents. Use the query field to search for related Google developer documentation.","properties":{"query":{"description":"Required. The raw query string provided by the user, such as \"How to create a Cloud Storage bucket?\".","type":"string"}},"required":["query"],"type":"object"},"name":"search_documents","outputSchema":{"$defs":{"DocumentChunk":{"description":"A DocumentChunk represents a piece of content from a Document in the DeveloperKnowledge corpus. To fetch the entire document content, pass the `parent` to get_document or batch_get_documents.","properties":{"content":{"description":"Output only. The content of the document chunk.","readOnly":true,"type":"string"},"id":{"description":"Output only. The ID of this chunk within the document. The chunk ID is unique within a document, but not globally unique across documents. The chunk ID is not stable and may change over time.","readOnly":true,"type":"string"},"parent":{"description":"Output only. The resource name of the document this chunk is from. Format: `documents/{uri_without_scheme}` Example: `documents/docs.cloud.google.com/storage/docs/creating-buckets`","readOnly":true,"type":"string"}},"type":"object"}},"description":"Response schema for search_documents.","properties":{"results":{"description":"The search results for the given query. Each Document in this list contains a snippet of content relevant to the search query. Use the DocumentChunk.name field of each result with get_documents to retrieve the full document content.","items":{"$ref":"#/$defs/DocumentChunk"},"type":"array"}},"type":"object"}},{"annotations":{"destructiveHint":false,"idempotentHint":true,"openWorldHint":false,"readOnlyHint":true},"description":"Use answer_query to get a grounded answer to a query about Google developer products. This tool has limited quota. This tool will synthesize information from the corpus to generate an answer to the query. answer_query grounds answers using the same corpus as search_documents. If you get a 429 out of quota error, use search_documents instead.","inputSchema":{"description":"Request message for AnswerQuery.","properties":{"query":{"description":"Required. The query to answer.","type":"string"}},"required":["query"],"type":"object"},"name":"answer_query","outputSchema":{"description":"Response message for AnswerQuery.","properties":{"answerText":{"description":"The answer to the query.","type":"string"}},"type":"object"}},{"annotations":{"destructiveHint":false,"idempotentHint":true,"openWorldHint":false,"readOnlyHint":true},"description":"Use this tool to retrieve the full content of a single document or up to 20 documents in a single call. The document names should be obtained from the `parent` field of results from a call to the `search_documents` tool. Set the `names` parameter to a list of document names.","inputSchema":{"description":"Request schema for get_documents.","properties":{"names":{"description":"Required. The names of the documents to retrieve, as returned by search_documents. A maximum of 20 documents can be retrieved in one call. The documents are returned in the same order as the `names` in the request. Format: `documents/{uri_without_scheme}` Example: `documents/docs.cloud.google.com/storage/docs/creating-buckets`","items":{"type":"string"},"type":"array"}},"required":["names"],"type":"object"},"name":"get_documents","outputSchema":{"$defs":{"Document":{"description":"A Document represents a piece of content from the Developer Knowledge corpus.","properties":{"content":{"description":"Output only. The content of the document in Markdown format.","readOnly":true,"type":"string"},"description":{"description":"Output only. A description of the document.","readOnly":true,"type":"string"},"name":{"description":"Identifier. The resource name of the document. Format: `documents/{uri_without_scheme}` Example: `documents/docs.cloud.google.com/storage/docs/creating-buckets`","type":"string","x-google-identifier":true},"title":{"description":"Output only. The title of the document.","readOnly":true,"type":"string"},"uri":{"description":"Output only. The URI of the content, such as `https://cloud.google.com/storage/docs/creating-buckets`.","readOnly":true,"type":"string"}},"type":"object"}},"description":"Response schema for get_documents.","properties":{"documents":{"description":"Documents requested.","items":{"$ref":"#/$defs/Document"},"type":"array"}},"type":"object"}}]}}
[debug] [2026-04-21T16:57:34.409Z] > command requires scopes: ["email","openid","https://www.googleapis.com/auth/cloudplatformprojects.readonly","https://www.googleapis.com/auth/firebase","https://www.googleapis.com/auth/cloud-platform"]
[debug] [2026-04-21T16:57:34.409Z] > authorizing via signed-in user (kthompson@socfoundry.com)
[debug] [2026-04-21T18:00:15.757Z] > command requires scopes: ["email","openid","https://www.googleapis.com/auth/cloudplatformprojects.readonly","https://www.googleapis.com/auth/firebase","https://www.googleapis.com/auth/cloud-platform"]
[debug] [2026-04-21T18:00:15.757Z] > authorizing via signed-in user (kthompson@socfoundry.com)
[debug] [2026-04-21T18:00:15.758Z] > command requires scopes: ["email","openid","https://www.googleapis.com/auth/cloudplatformprojects.readonly","https://www.googleapis.com/auth/firebase","https://www.googleapis.com/auth/cloud-platform"]
[debug] [2026-04-21T18:00:15.758Z] > authorizing via signed-in user (kthompson@socfoundry.com)
[debug] [2026-04-21T18:00:15.765Z] > command requires scopes: ["email","openid","https://www.googleapis.com/auth/cloudplatformprojects.readonly","https://www.googleapis.com/auth/firebase","https://www.googleapis.com/auth/cloud-platform"]
[debug] [2026-04-21T18:00:15.765Z] > authorizing via signed-in user (kthompson@socfoundry.com)
[debug] [2026-04-21T18:00:15.859Z] Checked if tokens are valid: false, expires at: 1776003429427
[debug] [2026-04-21T18:00:15.859Z] Checked if tokens are valid: false, expires at: 1776003429427
[debug] [2026-04-21T18:00:15.860Z] > refreshing access token with scopes: []
[debug] [2026-04-21T18:00:15.860Z] >>> [apiv2][query] POST https://www.googleapis.com/oauth2/v3/token [none]
[debug] [2026-04-21T18:00:15.860Z] >>> [apiv2][body] POST https://www.googleapis.com/oauth2/v3/token [omitted]
[debug] [2026-04-21T18:00:15.863Z] Checked if tokens are valid: false, expires at: 1776003429427
[debug] [2026-04-21T18:00:15.863Z] Checked if tokens are valid: false, expires at: 1776003429427
[debug] [2026-04-21T18:00:15.863Z] > refreshing access token with scopes: []
[debug] [2026-04-21T18:00:15.863Z] >>> [apiv2][query] POST https://www.googleapis.com/oauth2/v3/token [none]
[debug] [2026-04-21T18:00:15.863Z] >>> [apiv2][body] POST https://www.googleapis.com/oauth2/v3/token [omitted]
[debug] [2026-04-21T18:00:15.866Z] Checked if tokens are valid: false, expires at: 1776003429427
[debug] [2026-04-21T18:00:15.866Z] Checked if tokens are valid: false, expires at: 1776003429427
[debug] [2026-04-21T18:00:15.866Z] > refreshing access token with scopes: []
[debug] [2026-04-21T18:00:15.866Z] >>> [apiv2][query] POST https://www.googleapis.com/oauth2/v3/token [none]
[debug] [2026-04-21T18:00:15.866Z] >>> [apiv2][body] POST https://www.googleapis.com/oauth2/v3/token [omitted]
[debug] [2026-04-21T18:00:15.978Z] <<< [apiv2][status] POST https://www.googleapis.com/oauth2/v3/token 400
[debug] [2026-04-21T18:00:15.978Z] <<< [apiv2][body] POST https://www.googleapis.com/oauth2/v3/token [omitted]
[error] Authentication Error: Your credentials are no longer valid. Please run firebase login --reauth

For CI servers and headless environments, generate a new token with firebase login:ci
[error] Authentication Error: Your credentials are no longer valid. Please run firebase login --reauth

For CI servers and headless environments, generate a new token with firebase login:ci
[debug] [2026-04-21T18:00:15.981Z] <<< [apiv2][status] POST https://www.googleapis.com/oauth2/v3/token 400
[debug] [2026-04-21T18:00:15.981Z] <<< [apiv2][body] POST https://www.googleapis.com/oauth2/v3/token [omitted]
[error] Authentication Error: Your credentials are no longer valid. Please run firebase login --reauth

For CI servers and headless environments, generate a new token with firebase login:ci
[error] Authentication Error: Your credentials are no longer valid. Please run firebase login --reauth

For CI servers and headless environments, generate a new token with firebase login:ci
[debug] [2026-04-21T18:00:15.995Z] <<< [apiv2][status] POST https://www.googleapis.com/oauth2/v3/token 400
[debug] [2026-04-21T18:00:15.995Z] <<< [apiv2][body] POST https://www.googleapis.com/oauth2/v3/token [omitted]
[error] Authentication Error: Your credentials are no longer valid. Please run firebase login --reauth

For CI servers and headless environments, generate a new token with firebase login:ci
[error] Authentication Error: Your credentials are no longer valid. Please run firebase login --reauth

For CI servers and headless environments, generate a new token with firebase login:ci
[debug] [2026-04-21T18:00:16.025Z] > command requires scopes: ["email","openid","https://www.googleapis.com/auth/cloudplatformprojects.readonly","https://www.googleapis.com/auth/firebase","https://www.googleapis.com/auth/cloud-platform"]
[debug] [2026-04-21T18:00:16.025Z] > authorizing via signed-in user (kthompson@socfoundry.com)
[debug] [2026-04-21T18:00:16.025Z] >>> [apiv2][query] POST https://developerknowledge.googleapis.com/mcp [none]
[debug] [2026-04-21T18:00:16.025Z] >>> [apiv2][body] POST https://developerknowledge.googleapis.com/mcp {"method":"tools/list","jsonrpc":"2.0","id":1}
[debug] [2026-04-21T18:00:16.040Z] > command requires scopes: ["email","openid","https://www.googleapis.com/auth/cloudplatformprojects.readonly","https://www.googleapis.com/auth/firebase","https://www.googleapis.com/auth/cloud-platform"]
[debug] [2026-04-21T18:00:16.040Z] > authorizing via signed-in user (kthompson@socfoundry.com)
[debug] [2026-04-21T18:00:16.041Z] > command requires scopes: ["email","openid","https://www.googleapis.com/auth/cloudplatformprojects.readonly","https://www.googleapis.com/auth/firebase","https://www.googleapis.com/auth/cloud-platform"]
[debug] [2026-04-21T18:00:16.041Z] > authorizing via signed-in user (kthompson@socfoundry.com)
[debug] [2026-04-21T18:00:16.169Z] <<< [apiv2][status] POST https://developerknowledge.googleapis.com/mcp 200
[debug] [2026-04-21T18:00:16.169Z] <<< [apiv2][body] POST https://developerknowledge.googleapis.com/mcp {"id":1,"jsonrpc":"2.0","result":{"tools":[{"annotations":{"destructiveHint":false,"idempotentHint":true,"openWorldHint":false,"readOnlyHint":true},"description":"Use this tool to find documentation about Google developer products. The documents contain official APIs, code snippets, release notes, best practices, guides, debugging info, and more. It covers the following products and domains:\n\n\n* ADK: adk.dev\n\n* Android: developer.android.com\n\n* Apigee: docs.apigee.com\n\n* Chrome: developer.chrome.com\n\n* Firebase: firebase.google.com\n\n* Fuchsia: fuchsia.dev\n\n* Go: go.dev\n\n* Google AI: ai.google.dev\n\n* Google Cloud: docs.cloud.google.com\n\n* Google Developers, Ads, Search, Google Maps, Youtube: developers.google.com\n\n* Google Home: developers.home.google.com\n\n* TensorFlow: www.tensorflow.org\n\n* Web: web.dev\n\n\nThis tool returns chunks of text, names, and URLs for matching documents. If the returned chunks are not detailed enough to answer the user's question, use `get_documents` with the `parent` from this tool's output to retrieve the full document content.\n","inputSchema":{"description":"Request schema for search_documents. Use the query field to search for related Google developer documentation.","properties":{"query":{"description":"Required. The raw query string provided by the user, such as \"How to create a Cloud Storage bucket?\".","type":"string"}},"required":["query"],"type":"object"},"name":"search_documents","outputSchema":{"$defs":{"DocumentChunk":{"description":"A DocumentChunk represents a piece of content from a Document in the DeveloperKnowledge corpus. To fetch the entire document content, pass the `parent` to get_document or batch_get_documents.","properties":{"content":{"description":"Output only. The content of the document chunk.","readOnly":true,"type":"string"},"id":{"description":"Output only. The ID of this chunk within the document. The chunk ID is unique within a document, but not globally unique across documents. The chunk ID is not stable and may change over time.","readOnly":true,"type":"string"},"parent":{"description":"Output only. The resource name of the document this chunk is from. Format: `documents/{uri_without_scheme}` Example: `documents/docs.cloud.google.com/storage/docs/creating-buckets`","readOnly":true,"type":"string"}},"type":"object"}},"description":"Response schema for search_documents.","properties":{"results":{"description":"The search results for the given query. Each Document in this list contains a snippet of content relevant to the search query. Use the DocumentChunk.name field of each result with get_documents to retrieve the full document content.","items":{"$ref":"#/$defs/DocumentChunk"},"type":"array"}},"type":"object"}},{"annotations":{"destructiveHint":false,"idempotentHint":true,"openWorldHint":false,"readOnlyHint":true},"description":"Use answer_query to get a grounded answer to a query about Google developer products. This tool has limited quota. This tool will synthesize information from the corpus to generate an answer to the query. answer_query grounds answers using the same corpus as search_documents. If you get a 429 out of quota error, use search_documents instead.","inputSchema":{"description":"Request message for AnswerQuery.","properties":{"query":{"description":"Required. The query to answer.","type":"string"}},"required":["query"],"type":"object"},"name":"answer_query","outputSchema":{"description":"Response message for AnswerQuery.","properties":{"answerText":{"description":"The answer to the query.","type":"string"}},"type":"object"}},{"annotations":{"destructiveHint":false,"idempotentHint":true,"openWorldHint":false,"readOnlyHint":true},"description":"Use this tool to retrieve the full content of a single document or up to 20 documents in a single call. The document names should be obtained from the `parent` field of results from a call to the `search_documents` tool. Set the `names` parameter to a list of document names.","inputSchema":{"description":"Request schema for get_documents.","properties":{"names":{"description":"Required. The names of the documents to retrieve, as returned by search_documents. A maximum of 20 documents can be retrieved in one call. The documents are returned in the same order as the `names` in the request. Format: `documents/{uri_without_scheme}` Example: `documents/docs.cloud.google.com/storage/docs/creating-buckets`","items":{"type":"string"},"type":"array"}},"required":["names"],"type":"object"},"name":"get_documents","outputSchema":{"$defs":{"Document":{"description":"A Document represents a piece of content from the Developer Knowledge corpus.","properties":{"content":{"description":"Output only. The content of the document in Markdown format.","readOnly":true,"type":"string"},"description":{"description":"Output only. A description of the document.","readOnly":true,"type":"string"},"name":{"description":"Identifier. The resource name of the document. Format: `documents/{uri_without_scheme}` Example: `documents/docs.cloud.google.com/storage/docs/creating-buckets`","type":"string","x-google-identifier":true},"title":{"description":"Output only. The title of the document.","readOnly":true,"type":"string"},"uri":{"description":"Output only. The URI of the content, such as `https://cloud.google.com/storage/docs/creating-buckets`.","readOnly":true,"type":"string"}},"type":"object"}},"description":"Response schema for get_documents.","properties":{"documents":{"description":"Documents requested.","items":{"$ref":"#/$defs/Document"},"type":"array"}},"type":"object"}}]}}
[debug] [2026-04-21T18:00:16.170Z] > command requires scopes: ["email","openid","https://www.googleapis.com/auth/cloudplatformprojects.readonly","https://www.googleapis.com/auth/firebase","https://www.googleapis.com/auth/cloud-platform"]
[debug] [2026-04-21T18:00:16.170Z] > authorizing via signed-in user (kthompson@socfoundry.com)
[debug] [2026-04-21T21:00:01.574Z] > command requires scopes: ["email","openid","https://www.googleapis.com/auth/cloudplatformprojects.readonly","https://www.googleapis.com/auth/firebase","https://www.googleapis.com/auth/cloud-platform"]
[debug] [2026-04-21T21:00:01.575Z] > authorizing via signed-in user (kthompson@socfoundry.com)
[debug] [2026-04-21T21:00:01.575Z] > command requires scopes: ["email","openid","https://www.googleapis.com/auth/cloudplatformprojects.readonly","https://www.googleapis.com/auth/firebase","https://www.googleapis.com/auth/cloud-platform"]
[debug] [2026-04-21T21:00:01.575Z] > authorizing via signed-in user (kthompson@socfoundry.com)
[debug] [2026-04-21T21:00:01.584Z] > command requires scopes: ["email","openid","https://www.googleapis.com/auth/cloudplatformprojects.readonly","https://www.googleapis.com/auth/firebase","https://www.googleapis.com/auth/cloud-platform"]
[debug] [2026-04-21T21:00:01.584Z] > authorizing via signed-in user (kthompson@socfoundry.com)
[debug] [2026-04-21T21:00:01.669Z] Checked if tokens are valid: false, expires at: 1776003429427
[debug] [2026-04-21T21:00:01.670Z] Checked if tokens are valid: false, expires at: 1776003429427
[debug] [2026-04-21T21:00:01.670Z] > refreshing access token with scopes: []
[debug] [2026-04-21T21:00:01.671Z] >>> [apiv2][query] POST https://www.googleapis.com/oauth2/v3/token [none]
[debug] [2026-04-21T21:00:01.671Z] >>> [apiv2][body] POST https://www.googleapis.com/oauth2/v3/token [omitted]
[debug] [2026-04-21T21:00:01.675Z] Checked if tokens are valid: false, expires at: 1776003429427
[debug] [2026-04-21T21:00:01.675Z] Checked if tokens are valid: false, expires at: 1776003429427
[debug] [2026-04-21T21:00:01.675Z] > refreshing access token with scopes: []
[debug] [2026-04-21T21:00:01.675Z] >>> [apiv2][query] POST https://www.googleapis.com/oauth2/v3/token [none]
[debug] [2026-04-21T21:00:01.675Z] >>> [apiv2][body] POST https://www.googleapis.com/oauth2/v3/token [omitted]
[debug] [2026-04-21T21:00:01.679Z] Checked if tokens are valid: false, expires at: 1776003429427
[debug] [2026-04-21T21:00:01.679Z] Checked if tokens are valid: false, expires at: 1776003429427
[debug] [2026-04-21T21:00:01.679Z] > refreshing access token with scopes: []
[debug] [2026-04-21T21:00:01.679Z] >>> [apiv2][query] POST https://www.googleapis.com/oauth2/v3/token [none]
[debug] [2026-04-21T21:00:01.679Z] >>> [apiv2][body] POST https://www.googleapis.com/oauth2/v3/token [omitted]
[debug] [2026-04-21T21:00:01.856Z] <<< [apiv2][status] POST https://www.googleapis.com/oauth2/v3/token 400
[debug] [2026-04-21T21:00:01.856Z] <<< [apiv2][body] POST https://www.googleapis.com/oauth2/v3/token [omitted]
[error] Authentication Error: Your credentials are no longer valid. Please run firebase login --reauth

For CI servers and headless environments, generate a new token with firebase login:ci
[error] Authentication Error: Your credentials are no longer valid. Please run firebase login --reauth

For CI servers and headless environments, generate a new token with firebase login:ci
[debug] [2026-04-21T21:00:01.857Z] <<< [apiv2][status] POST https://www.googleapis.com/oauth2/v3/token 400
[debug] [2026-04-21T21:00:01.857Z] <<< [apiv2][body] POST https://www.googleapis.com/oauth2/v3/token [omitted]
[error] Authentication Error: Your credentials are no longer valid. Please run firebase login --reauth

For CI servers and headless environments, generate a new token with firebase login:ci
[error] Authentication Error: Your credentials are no longer valid. Please run firebase login --reauth

For CI servers and headless environments, generate a new token with firebase login:ci
[debug] [2026-04-21T21:00:01.860Z] <<< [apiv2][status] POST https://www.googleapis.com/oauth2/v3/token 400
[debug] [2026-04-21T21:00:01.860Z] <<< [apiv2][body] POST https://www.googleapis.com/oauth2/v3/token [omitted]
[error] Authentication Error: Your credentials are no longer valid. Please run firebase login --reauth

For CI servers and headless environments, generate a new token with firebase login:ci
[error] Authentication Error: Your credentials are no longer valid. Please run firebase login --reauth

For CI servers and headless environments, generate a new token with firebase login:ci
[debug] [2026-04-21T21:00:01.897Z] > command requires scopes: ["email","openid","https://www.googleapis.com/auth/cloudplatformprojects.readonly","https://www.googleapis.com/auth/firebase","https://www.googleapis.com/auth/cloud-platform"]
[debug] [2026-04-21T21:00:01.897Z] > authorizing via signed-in user (kthompson@socfoundry.com)
[debug] [2026-04-21T21:00:01.897Z] >>> [apiv2][query] POST https://developerknowledge.googleapis.com/mcp [none]
[debug] [2026-04-21T21:00:01.897Z] >>> [apiv2][body] POST https://developerknowledge.googleapis.com/mcp {"method":"tools/list","jsonrpc":"2.0","id":1}
[debug] [2026-04-21T21:00:01.907Z] > command requires scopes: ["email","openid","https://www.googleapis.com/auth/cloudplatformprojects.readonly","https://www.googleapis.com/auth/firebase","https://www.googleapis.com/auth/cloud-platform"]
[debug] [2026-04-21T21:00:01.907Z] > authorizing via signed-in user (kthompson@socfoundry.com)
[debug] [2026-04-21T21:00:01.908Z] > command requires scopes: ["email","openid","https://www.googleapis.com/auth/cloudplatformprojects.readonly","https://www.googleapis.com/auth/firebase","https://www.googleapis.com/auth/cloud-platform"]
[debug] [2026-04-21T21:00:01.908Z] > authorizing via signed-in user (kthompson@socfoundry.com)
[debug] [2026-04-21T21:00:02.063Z] <<< [apiv2][status] POST https://developerknowledge.googleapis.com/mcp 200
[debug] [2026-04-21T21:00:02.063Z] <<< [apiv2][body] POST https://developerknowledge.googleapis.com/mcp {"id":1,"jsonrpc":"2.0","result":{"tools":[{"annotations":{"destructiveHint":false,"idempotentHint":true,"openWorldHint":false,"readOnlyHint":true},"description":"Use this tool to find documentation about Google developer products. The documents contain official APIs, code snippets, release notes, best practices, guides, debugging info, and more. It covers the following products and domains:\n\n\n* ADK: adk.dev\n\n* Android: developer.android.com\n\n* Apigee: docs.apigee.com\n\n* Chrome: developer.chrome.com\n\n* Firebase: firebase.google.com\n\n* Fuchsia: fuchsia.dev\n\n* Go: go.dev\n\n* Google AI: ai.google.dev\n\n* Google Cloud: docs.cloud.google.com\n\n* Google Developers, Ads, Search, Google Maps, Youtube: developers.google.com\n\n* Google Home: developers.home.google.com\n\n* TensorFlow: www.tensorflow.org\n\n* Web: web.dev\n\n\nThis tool returns chunks of text, names, and URLs for matching documents. If the returned chunks are not detailed enough to answer the user's question, use `get_documents` with the `parent` from this tool's output to retrieve the full document content.\n","inputSchema":{"description":"Request schema for search_documents. Use the query field to search for related Google developer documentation.","properties":{"query":{"description":"Required. The raw query string provided by the user, such as \"How to create a Cloud Storage bucket?\".","type":"string"}},"required":["query"],"type":"object"},"name":"search_documents","outputSchema":{"$defs":{"DocumentChunk":{"description":"A DocumentChunk represents a piece of content from a Document in the DeveloperKnowledge corpus. To fetch the entire document content, pass the `parent` to get_document or batch_get_documents.","properties":{"content":{"description":"Output only. The content of the document chunk.","readOnly":true,"type":"string"},"id":{"description":"Output only. The ID of this chunk within the document. The chunk ID is unique within a document, but not globally unique across documents. The chunk ID is not stable and may change over time.","readOnly":true,"type":"string"},"parent":{"description":"Output only. The resource name of the document this chunk is from. Format: `documents/{uri_without_scheme}` Example: `documents/docs.cloud.google.com/storage/docs/creating-buckets`","readOnly":true,"type":"string"}},"type":"object"}},"description":"Response schema for search_documents.","properties":{"results":{"description":"The search results for the given query. Each Document in this list contains a snippet of content relevant to the search query. Use the DocumentChunk.name field of each result with get_documents to retrieve the full document content.","items":{"$ref":"#/$defs/DocumentChunk"},"type":"array"}},"type":"object"}},{"annotations":{"destructiveHint":false,"idempotentHint":true,"openWorldHint":false,"readOnlyHint":true},"description":"Use answer_query to get a grounded answer to a query about Google developer products. This tool has limited quota. This tool will synthesize information from the corpus to generate an answer to the query. answer_query grounds answers using the same corpus as search_documents. If you get a 429 out of quota error, use search_documents instead.","inputSchema":{"description":"Request message for AnswerQuery.","properties":{"query":{"description":"Required. The query to answer.","type":"string"}},"required":["query"],"type":"object"},"name":"answer_query","outputSchema":{"description":"Response message for AnswerQuery.","properties":{"answerText":{"description":"The answer to the query.","type":"string"}},"type":"object"}},{"annotations":{"destructiveHint":false,"idempotentHint":true,"openWorldHint":false,"readOnlyHint":true},"description":"Use this tool to retrieve the full content of a single document or up to 20 documents in a single call. The document names should be obtained from the `parent` field of results from a call to the `search_documents` tool. Set the `names` parameter to a list of document names.","inputSchema":{"description":"Request schema for get_documents.","properties":{"names":{"description":"Required. The names of the documents to retrieve, as returned by search_documents. A maximum of 20 documents can be retrieved in one call. The documents are returned in the same order as the `names` in the request. Format: `documents/{uri_without_scheme}` Example: `documents/docs.cloud.google.com/storage/docs/creating-buckets`","items":{"type":"string"},"type":"array"}},"required":["names"],"type":"object"},"name":"get_documents","outputSchema":{"$defs":{"Document":{"description":"A Document represents a piece of content from the Developer Knowledge corpus.","properties":{"content":{"description":"Output only. The content of the document in Markdown format.","readOnly":true,"type":"string"},"description":{"description":"Output only. A description of the document.","readOnly":true,"type":"string"},"name":{"description":"Identifier. The resource name of the document. Format: `documents/{uri_without_scheme}` Example: `documents/docs.cloud.google.com/storage/docs/creating-buckets`","type":"string","x-google-identifier":true},"title":{"description":"Output only. The title of the document.","readOnly":true,"type":"string"},"uri":{"description":"Output only. The URI of the content, such as `https://cloud.google.com/storage/docs/creating-buckets`.","readOnly":true,"type":"string"}},"type":"object"}},"description":"Response schema for get_documents.","properties":{"documents":{"description":"Documents requested.","items":{"$ref":"#/$defs/Document"},"type":"array"}},"type":"object"}}]}}
[debug] [2026-04-21T21:00:02.068Z] > command requires scopes: ["email","openid","https://www.googleapis.com/auth/cloudplatformprojects.readonly","https://www.googleapis.com/auth/firebase","https://www.googleapis.com/auth/cloud-platform"]
[debug] [2026-04-21T21:00:02.068Z] > authorizing via signed-in user (kthompson@socfoundry.com)
[debug] [2026-04-21T22:03:15.579Z] > command requires scopes: ["email","openid","https://www.googleapis.com/auth/cloudplatformprojects.readonly","https://www.googleapis.com/auth/firebase","https://www.googleapis.com/auth/cloud-platform"]
[debug] [2026-04-21T22:03:15.580Z] > authorizing via signed-in user (kthompson@socfoundry.com)
[debug] [2026-04-21T22:03:15.581Z] > command requires scopes: ["email","openid","https://www.googleapis.com/auth/cloudplatformprojects.readonly","https://www.googleapis.com/auth/firebase","https://www.googleapis.com/auth/cloud-platform"]
[debug] [2026-04-21T22:03:15.581Z] > authorizing via signed-in user (kthompson@socfoundry.com)
[debug] [2026-04-21T22:03:15.588Z] > command requires scopes: ["email","openid","https://www.googleapis.com/auth/cloudplatformprojects.readonly","https://www.googleapis.com/auth/firebase","https://www.googleapis.com/auth/cloud-platform"]
[debug] [2026-04-21T22:03:15.589Z] > authorizing via signed-in user (kthompson@socfoundry.com)
[debug] [2026-04-21T22:03:15.672Z] Checked if tokens are valid: false, expires at: 1776003429427
[debug] [2026-04-21T22:03:15.672Z] Checked if tokens are valid: false, expires at: 1776003429427
[debug] [2026-04-21T22:03:15.672Z] > refreshing access token with scopes: []
[debug] [2026-04-21T22:03:15.673Z] >>> [apiv2][query] POST https://www.googleapis.com/oauth2/v3/token [none]
[debug] [2026-04-21T22:03:15.673Z] >>> [apiv2][body] POST https://www.googleapis.com/oauth2/v3/token [omitted]
[debug] [2026-04-21T22:03:15.676Z] Checked if tokens are valid: false, expires at: 1776003429427
[debug] [2026-04-21T22:03:15.676Z] Checked if tokens are valid: false, expires at: 1776003429427
[debug] [2026-04-21T22:03:15.676Z] > refreshing access token with scopes: []
[debug] [2026-04-21T22:03:15.676Z] >>> [apiv2][query] POST https://www.googleapis.com/oauth2/v3/token [none]
[debug] [2026-04-21T22:03:15.676Z] >>> [apiv2][body] POST https://www.googleapis.com/oauth2/v3/token [omitted]
[debug] [2026-04-21T22:03:15.678Z] Checked if tokens are valid: false, expires at: 1776003429427
[debug] [2026-04-21T22:03:15.678Z] Checked if tokens are valid: false, expires at: 1776003429427
[debug] [2026-04-21T22:03:15.678Z] > refreshing access token with scopes: []
[debug] [2026-04-21T22:03:15.679Z] >>> [apiv2][query] POST https://www.googleapis.com/oauth2/v3/token [none]
[debug] [2026-04-21T22:03:15.679Z] >>> [apiv2][body] POST https://www.googleapis.com/oauth2/v3/token [omitted]
[debug] [2026-04-21T22:03:15.797Z] <<< [apiv2][status] POST https://www.googleapis.com/oauth2/v3/token 400
[debug] [2026-04-21T22:03:15.797Z] <<< [apiv2][body] POST https://www.googleapis.com/oauth2/v3/token [omitted]
[error] Authentication Error: Your credentials are no longer valid. Please run firebase login --reauth

For CI servers and headless environments, generate a new token with firebase login:ci
[error] Authentication Error: Your credentials are no longer valid. Please run firebase login --reauth

For CI servers and headless environments, generate a new token with firebase login:ci
[debug] [2026-04-21T22:03:15.798Z] <<< [apiv2][status] POST https://www.googleapis.com/oauth2/v3/token 400
[debug] [2026-04-21T22:03:15.798Z] <<< [apiv2][body] POST https://www.googleapis.com/oauth2/v3/token [omitted]
[error] Authentication Error: Your credentials are no longer valid. Please run firebase login --reauth

For CI servers and headless environments, generate a new token with firebase login:ci
[error] Authentication Error: Your credentials are no longer valid. Please run firebase login --reauth

For CI servers and headless environments, generate a new token with firebase login:ci
[debug] [2026-04-21T22:03:15.815Z] <<< [apiv2][status] POST https://www.googleapis.com/oauth2/v3/token 400
[debug] [2026-04-21T22:03:15.815Z] <<< [apiv2][body] POST https://www.googleapis.com/oauth2/v3/token [omitted]
[error] Authentication Error: Your credentials are no longer valid. Please run firebase login --reauth

For CI servers and headless environments, generate a new token with firebase login:ci
[error] Authentication Error: Your credentials are no longer valid. Please run firebase login --reauth

For CI servers and headless environments, generate a new token with firebase login:ci
[debug] [2026-04-21T22:03:15.843Z] > command requires scopes: ["email","openid","https://www.googleapis.com/auth/cloudplatformprojects.readonly","https://www.googleapis.com/auth/firebase","https://www.googleapis.com/auth/cloud-platform"]
[debug] [2026-04-21T22:03:15.843Z] > authorizing via signed-in user (kthompson@socfoundry.com)
[debug] [2026-04-21T22:03:15.843Z] >>> [apiv2][query] POST https://developerknowledge.googleapis.com/mcp [none]
[debug] [2026-04-21T22:03:15.843Z] >>> [apiv2][body] POST https://developerknowledge.googleapis.com/mcp {"method":"tools/list","jsonrpc":"2.0","id":1}
[debug] [2026-04-21T22:03:15.862Z] > command requires scopes: ["email","openid","https://www.googleapis.com/auth/cloudplatformprojects.readonly","https://www.googleapis.com/auth/firebase","https://www.googleapis.com/auth/cloud-platform"]
[debug] [2026-04-21T22:03:15.862Z] > authorizing via signed-in user (kthompson@socfoundry.com)
[debug] [2026-04-21T22:03:15.863Z] > command requires scopes: ["email","openid","https://www.googleapis.com/auth/cloudplatformprojects.readonly","https://www.googleapis.com/auth/firebase","https://www.googleapis.com/auth/cloud-platform"]
[debug] [2026-04-21T22:03:15.863Z] > authorizing via signed-in user (kthompson@socfoundry.com)
[debug] [2026-04-21T22:03:15.998Z] <<< [apiv2][status] POST https://developerknowledge.googleapis.com/mcp 200
[debug] [2026-04-21T22:03:15.999Z] <<< [apiv2][body] POST https://developerknowledge.googleapis.com/mcp {"id":1,"jsonrpc":"2.0","result":{"tools":[{"annotations":{"destructiveHint":false,"idempotentHint":true,"openWorldHint":false,"readOnlyHint":true},"description":"Use this tool to find documentation about Google developer products. The documents contain official APIs, code snippets, release notes, best practices, guides, debugging info, and more. It covers the following products and domains:\n\n\n* ADK: adk.dev\n\n* Android: developer.android.com\n\n* Apigee: docs.apigee.com\n\n* Chrome: developer.chrome.com\n\n* Firebase: firebase.google.com\n\n* Fuchsia: fuchsia.dev\n\n* Go: go.dev\n\n* Google AI: ai.google.dev\n\n* Google Cloud: docs.cloud.google.com\n\n* Google Developers, Ads, Search, Google Maps, Youtube: developers.google.com\n\n* Google Home: developers.home.google.com\n\n* TensorFlow: www.tensorflow.org\n\n* Web: web.dev\n\n\nThis tool returns chunks of text, names, and URLs for matching documents. If the returned chunks are not detailed enough to answer the user's question, use `get_documents` with the `parent` from this tool's output to retrieve the full document content.\n","inputSchema":{"description":"Request schema for search_documents. Use the query field to search for related Google developer documentation.","properties":{"query":{"description":"Required. The raw query string provided by the user, such as \"How to create a Cloud Storage bucket?\".","type":"string"}},"required":["query"],"type":"object"},"name":"search_documents","outputSchema":{"$defs":{"DocumentChunk":{"description":"A DocumentChunk represents a piece of content from a Document in the DeveloperKnowledge corpus. To fetch the entire document content, pass the `parent` to get_document or batch_get_documents.","properties":{"content":{"description":"Output only. The content of the document chunk.","readOnly":true,"type":"string"},"id":{"description":"Output only. The ID of this chunk within the document. The chunk ID is unique within a document, but not globally unique across documents. The chunk ID is not stable and may change over time.","readOnly":true,"type":"string"},"parent":{"description":"Output only. The resource name of the document this chunk is from. Format: `documents/{uri_without_scheme}` Example: `documents/docs.cloud.google.com/storage/docs/creating-buckets`","readOnly":true,"type":"string"}},"type":"object"}},"description":"Response schema for search_documents.","properties":{"results":{"description":"The search results for the given query. Each Document in this list contains a snippet of content relevant to the search query. Use the DocumentChunk.name field of each result with get_documents to retrieve the full document content.","items":{"$ref":"#/$defs/DocumentChunk"},"type":"array"}},"type":"object"}},{"annotations":{"destructiveHint":false,"idempotentHint":true,"openWorldHint":false,"readOnlyHint":true},"description":"Use answer_query to get a grounded answer to a query about Google developer products. This tool has limited quota. This tool will synthesize information from the corpus to generate an answer to the query. answer_query grounds answers using the same corpus as search_documents. If you get a 429 out of quota error, use search_documents instead.","inputSchema":{"description":"Request message for AnswerQuery.","properties":{"query":{"description":"Required. The query to answer.","type":"string"}},"required":["query"],"type":"object"},"name":"answer_query","outputSchema":{"description":"Response message for AnswerQuery.","properties":{"answerText":{"description":"The answer to the query.","type":"string"}},"type":"object"}},{"annotations":{"destructiveHint":false,"idempotentHint":true,"openWorldHint":false,"readOnlyHint":true},"description":"Use this tool to retrieve the full content of a single document or up to 20 documents in a single call. The document names should be obtained from the `parent` field of results from a call to the `search_documents` tool. Set the `names` parameter to a list of document names.","inputSchema":{"description":"Request schema for get_documents.","properties":{"names":{"description":"Required. The names of the documents to retrieve, as returned by search_documents. A maximum of 20 documents can be retrieved in one call. The documents are returned in the same order as the `names` in the request. Format: `documents/{uri_without_scheme}` Example: `documents/docs.cloud.google.com/storage/docs/creating-buckets`","items":{"type":"string"},"type":"array"}},"required":["names"],"type":"object"},"name":"get_documents","outputSchema":{"$defs":{"Document":{"description":"A Document represents a piece of content from the Developer Knowledge corpus.","properties":{"content":{"description":"Output only. The content of the document in Markdown format.","readOnly":true,"type":"string"},"description":{"description":"Output only. A description of the document.","readOnly":true,"type":"string"},"name":{"description":"Identifier. The resource name of the document. Format: `documents/{uri_without_scheme}` Example: `documents/docs.cloud.google.com/storage/docs/creating-buckets`","type":"string","x-google-identifier":true},"title":{"description":"Output only. The title of the document.","readOnly":true,"type":"string"},"uri":{"description":"Output only. The URI of the content, such as `https://cloud.google.com/storage/docs/creating-buckets`.","readOnly":true,"type":"string"}},"type":"object"}},"description":"Response schema for get_documents.","properties":{"documents":{"description":"Documents requested.","items":{"$ref":"#/$defs/Document"},"type":"array"}},"type":"object"}}]}}
[debug] [2026-04-21T22:03:16.003Z] > command requires scopes: ["email","openid","https://www.googleapis.com/auth/cloudplatformprojects.readonly","https://www.googleapis.com/auth/firebase","https://www.googleapis.com/auth/cloud-platform"]
[debug] [2026-04-21T22:03:16.003Z] > authorizing via signed-in user (kthompson@socfoundry.com)
[debug] [2026-04-22T01:44:24.296Z] > command requires scopes: ["email","openid","https://www.googleapis.com/auth/cloudplatformprojects.readonly","https://www.googleapis.com/auth/firebase","https://www.googleapis.com/auth/cloud-platform"]
[debug] [2026-04-22T01:44:24.297Z] > authorizing via signed-in user (kthompson@socfoundry.com)
[debug] [2026-04-22T01:44:24.297Z] > command requires scopes: ["email","openid","https://www.googleapis.com/auth/cloudplatformprojects.readonly","https://www.googleapis.com/auth/firebase","https://www.googleapis.com/auth/cloud-platform"]
[debug] [2026-04-22T01:44:24.297Z] > authorizing via signed-in user (kthompson@socfoundry.com)
[debug] [2026-04-22T01:44:24.305Z] > command requires scopes: ["email","openid","https://www.googleapis.com/auth/cloudplatformprojects.readonly","https://www.googleapis.com/auth/firebase","https://www.googleapis.com/auth/cloud-platform"]
[debug] [2026-04-22T01:44:24.305Z] > authorizing via signed-in user (kthompson@socfoundry.com)
[debug] [2026-04-22T01:44:24.410Z] Checked if tokens are valid: false, expires at: 1776003429427
[debug] [2026-04-22T01:44:24.411Z] Checked if tokens are valid: false, expires at: 1776003429427
[debug] [2026-04-22T01:44:24.411Z] > refreshing access token with scopes: []
[debug] [2026-04-22T01:44:24.411Z] >>> [apiv2][query] POST https://www.googleapis.com/oauth2/v3/token [none]
[debug] [2026-04-22T01:44:24.411Z] >>> [apiv2][body] POST https://www.googleapis.com/oauth2/v3/token [omitted]
[debug] [2026-04-22T01:44:24.414Z] Checked if tokens are valid: false, expires at: 1776003429427
[debug] [2026-04-22T01:44:24.414Z] Checked if tokens are valid: false, expires at: 1776003429427
[debug] [2026-04-22T01:44:24.414Z] > refreshing access token with scopes: []
[debug] [2026-04-22T01:44:24.414Z] >>> [apiv2][query] POST https://www.googleapis.com/oauth2/v3/token [none]
[debug] [2026-04-22T01:44:24.414Z] >>> [apiv2][body] POST https://www.googleapis.com/oauth2/v3/token [omitted]
[debug] [2026-04-22T01:44:24.418Z] Checked if tokens are valid: false, expires at: 1776003429427
[debug] [2026-04-22T01:44:24.418Z] Checked if tokens are valid: false, expires at: 1776003429427
[debug] [2026-04-22T01:44:24.418Z] > refreshing access token with scopes: []
[debug] [2026-04-22T01:44:24.418Z] >>> [apiv2][query] POST https://www.googleapis.com/oauth2/v3/token [none]
[debug] [2026-04-22T01:44:24.418Z] >>> [apiv2][body] POST https://www.googleapis.com/oauth2/v3/token [omitted]
[debug] [2026-04-22T01:44:24.553Z] <<< [apiv2][status] POST https://www.googleapis.com/oauth2/v3/token 400
[debug] [2026-04-22T01:44:24.553Z] <<< [apiv2][body] POST https://www.googleapis.com/oauth2/v3/token [omitted]
[error] Authentication Error: Your credentials are no longer valid. Please run firebase login --reauth

For CI servers and headless environments, generate a new token with firebase login:ci
[error] Authentication Error: Your credentials are no longer valid. Please run firebase login --reauth

For CI servers and headless environments, generate a new token with firebase login:ci
[debug] [2026-04-22T01:44:24.560Z] <<< [apiv2][status] POST https://www.googleapis.com/oauth2/v3/token 400
[debug] [2026-04-22T01:44:24.560Z] <<< [apiv2][body] POST https://www.googleapis.com/oauth2/v3/token [omitted]
[error] Authentication Error: Your credentials are no longer valid. Please run firebase login --reauth

For CI servers and headless environments, generate a new token with firebase login:ci
[error] Authentication Error: Your credentials are no longer valid. Please run firebase login --reauth

For CI servers and headless environments, generate a new token with firebase login:ci
[debug] [2026-04-22T01:44:24.593Z] > command requires scopes: ["email","openid","https://www.googleapis.com/auth/cloudplatformprojects.readonly","https://www.googleapis.com/auth/firebase","https://www.googleapis.com/auth/cloud-platform"]
[debug] [2026-04-22T01:44:24.593Z] > authorizing via signed-in user (kthompson@socfoundry.com)
[debug] [2026-04-22T01:44:24.593Z] > command requires scopes: ["email","openid","https://www.googleapis.com/auth/cloudplatformprojects.readonly","https://www.googleapis.com/auth/firebase","https://www.googleapis.com/auth/cloud-platform"]
[debug] [2026-04-22T01:44:24.593Z] > authorizing via signed-in user (kthompson@socfoundry.com)
[debug] [2026-04-22T01:44:24.600Z] > command requires scopes: ["email","openid","https://www.googleapis.com/auth/cloudplatformprojects.readonly","https://www.googleapis.com/auth/firebase","https://www.googleapis.com/auth/cloud-platform"]
[debug] [2026-04-22T01:44:24.600Z] > authorizing via signed-in user (kthompson@socfoundry.com)
[debug] [2026-04-22T01:44:24.600Z] >>> [apiv2][query] POST https://developerknowledge.googleapis.com/mcp [none]
[debug] [2026-04-22T01:44:24.600Z] >>> [apiv2][body] POST https://developerknowledge.googleapis.com/mcp {"method":"tools/list","jsonrpc":"2.0","id":1}
[debug] [2026-04-22T01:44:24.688Z] <<< [apiv2][status] POST https://www.googleapis.com/oauth2/v3/token 400
[debug] [2026-04-22T01:44:24.689Z] <<< [apiv2][body] POST https://www.googleapis.com/oauth2/v3/token [omitted]
[error] Authentication Error: Your credentials are no longer valid. Please run firebase login --reauth

For CI servers and headless environments, generate a new token with firebase login:ci
[error] Authentication Error: Your credentials are no longer valid. Please run firebase login --reauth

For CI servers and headless environments, generate a new token with firebase login:ci
[debug] [2026-04-22T01:44:24.735Z] <<< [apiv2][status] POST https://developerknowledge.googleapis.com/mcp 200
[debug] [2026-04-22T01:44:24.736Z] <<< [apiv2][body] POST https://developerknowledge.googleapis.com/mcp {"id":1,"jsonrpc":"2.0","result":{"tools":[{"annotations":{"destructiveHint":false,"idempotentHint":true,"openWorldHint":false,"readOnlyHint":true},"description":"Use this tool to find documentation about Google developer products. The documents contain official APIs, code snippets, release notes, best practices, guides, debugging info, and more. It covers the following products and domains:\n\n\n* ADK: adk.dev\n\n* Android: developer.android.com\n\n* Apigee: docs.apigee.com\n\n* Chrome: developer.chrome.com\n\n* Firebase: firebase.google.com\n\n* Fuchsia: fuchsia.dev\n\n* Go: go.dev\n\n* Google AI: ai.google.dev\n\n* Google Cloud: docs.cloud.google.com\n\n* Google Developers, Ads, Search, Google Maps, Youtube: developers.google.com\n\n* Google Home: developers.home.google.com\n\n* TensorFlow: www.tensorflow.org\n\n* Web: web.dev\n\n\nThis tool returns chunks of text, names, and URLs for matching documents. If the returned chunks are not detailed enough to answer the user's question, use `get_documents` with the `parent` from this tool's output to retrieve the full document content.\n","inputSchema":{"description":"Request schema for search_documents. Use the query field to search for related Google developer documentation.","properties":{"query":{"description":"Required. The raw query string provided by the user, such as \"How to create a Cloud Storage bucket?\".","type":"string"}},"required":["query"],"type":"object"},"name":"search_documents","outputSchema":{"$defs":{"DocumentChunk":{"description":"A DocumentChunk represents a piece of content from a Document in the DeveloperKnowledge corpus. To fetch the entire document content, pass the `parent` to get_document or batch_get_documents.","properties":{"content":{"description":"Output only. The content of the document chunk.","readOnly":true,"type":"string"},"id":{"description":"Output only. The ID of this chunk within the document. The chunk ID is unique within a document, but not globally unique across documents. The chunk ID is not stable and may change over time.","readOnly":true,"type":"string"},"parent":{"description":"Output only. The resource name of the document this chunk is from. Format: `documents/{uri_without_scheme}` Example: `documents/docs.cloud.google.com/storage/docs/creating-buckets`","readOnly":true,"type":"string"}},"type":"object"}},"description":"Response schema for search_documents.","properties":{"results":{"description":"The search results for the given query. Each Document in this list contains a snippet of content relevant to the search query. Use the DocumentChunk.name field of each result with get_documents to retrieve the full document content.","items":{"$ref":"#/$defs/DocumentChunk"},"type":"array"}},"type":"object"}},{"annotations":{"destructiveHint":false,"idempotentHint":true,"openWorldHint":false,"readOnlyHint":true},"description":"Use answer_query to get a grounded answer to a query about Google developer products. This tool has limited quota. This tool will synthesize information from the corpus to generate an answer to the query. answer_query grounds answers using the same corpus as search_documents. If you get a 429 out of quota error, use search_documents instead.","inputSchema":{"description":"Request message for AnswerQuery.","properties":{"query":{"description":"Required. The query to answer.","type":"string"}},"required":["query"],"type":"object"},"name":"answer_query","outputSchema":{"description":"Response message for AnswerQuery.","properties":{"answerText":{"description":"The answer to the query.","type":"string"}},"type":"object"}},{"annotations":{"destructiveHint":false,"idempotentHint":true,"openWorldHint":false,"readOnlyHint":true},"description":"Use this tool to retrieve the full content of a single document or up to 20 documents in a single call. The document names should be obtained from the `parent` field of results from a call to the `search_documents` tool. Set the `names` parameter to a list of document names.","inputSchema":{"description":"Request schema for get_documents.","properties":{"names":{"description":"Required. The names of the documents to retrieve, as returned by search_documents. A maximum of 20 documents can be retrieved in one call. The documents are returned in the same order as the `names` in the request. Format: `documents/{uri_without_scheme}` Example: `documents/docs.cloud.google.com/storage/docs/creating-buckets`","items":{"type":"string"},"type":"array"}},"required":["names"],"type":"object"},"name":"get_documents","outputSchema":{"$defs":{"Document":{"description":"A Document represents a piece of content from the Developer Knowledge corpus.","properties":{"content":{"description":"Output only. The content of the document in Markdown format.","readOnly":true,"type":"string"},"description":{"description":"Output only. A description of the document.","readOnly":true,"type":"string"},"name":{"description":"Identifier. The resource name of the document. Format: `documents/{uri_without_scheme}` Example: `documents/docs.cloud.google.com/storage/docs/creating-buckets`","type":"string","x-google-identifier":true},"title":{"description":"Output only. The title of the document.","readOnly":true,"type":"string"},"uri":{"description":"Output only. The URI of the content, such as `https://cloud.google.com/storage/docs/creating-buckets`.","readOnly":true,"type":"string"}},"type":"object"}},"description":"Response schema for get_documents.","properties":{"documents":{"description":"Documents requested.","items":{"$ref":"#/$defs/Document"},"type":"array"}},"type":"object"}}]}}
[debug] [2026-04-22T01:44:24.737Z] > command requires scopes: ["email","openid","https://www.googleapis.com/auth/cloudplatformprojects.readonly","https://www.googleapis.com/auth/firebase","https://www.googleapis.com/auth/cloud-platform"]
[debug] [2026-04-22T01:44:24.737Z] > authorizing via signed-in user (kthompson@socfoundry.com)
[debug] [2026-04-22T11:51:37.834Z] > command requires scopes: ["email","openid","https://www.googleapis.com/auth/cloudplatformprojects.readonly","https://www.googleapis.com/auth/firebase","https://www.googleapis.com/auth/cloud-platform"]
[debug] [2026-04-22T11:51:37.835Z] > authorizing via signed-in user (kthompson@socfoundry.com)
[debug] [2026-04-22T11:51:37.835Z] > command requires scopes: ["email","openid","https://www.googleapis.com/auth/cloudplatformprojects.readonly","https://www.googleapis.com/auth/firebase","https://www.googleapis.com/auth/cloud-platform"]
[debug] [2026-04-22T11:51:37.835Z] > authorizing via signed-in user (kthompson@socfoundry.com)
[debug] [2026-04-22T11:51:37.846Z] > command requires scopes: ["email","openid","https://www.googleapis.com/auth/cloudplatformprojects.readonly","https://www.googleapis.com/auth/firebase","https://www.googleapis.com/auth/cloud-platform"]
[debug] [2026-04-22T11:51:37.846Z] > authorizing via signed-in user (kthompson@socfoundry.com)
[debug] [2026-04-22T11:51:37.951Z] Checked if tokens are valid: false, expires at: 1776003429427
[debug] [2026-04-22T11:51:37.951Z] Checked if tokens are valid: false, expires at: 1776003429427
[debug] [2026-04-22T11:51:37.951Z] > refreshing access token with scopes: []
[debug] [2026-04-22T11:51:37.952Z] >>> [apiv2][query] POST https://www.googleapis.com/oauth2/v3/token [none]
[debug] [2026-04-22T11:51:37.952Z] >>> [apiv2][body] POST https://www.googleapis.com/oauth2/v3/token [omitted]
[debug] [2026-04-22T11:51:37.955Z] Checked if tokens are valid: false, expires at: 1776003429427
[debug] [2026-04-22T11:51:37.955Z] Checked if tokens are valid: false, expires at: 1776003429427
[debug] [2026-04-22T11:51:37.955Z] > refreshing access token with scopes: []
[debug] [2026-04-22T11:51:37.956Z] >>> [apiv2][query] POST https://www.googleapis.com/oauth2/v3/token [none]
[debug] [2026-04-22T11:51:37.956Z] >>> [apiv2][body] POST https://www.googleapis.com/oauth2/v3/token [omitted]
[debug] [2026-04-22T11:51:37.958Z] Checked if tokens are valid: false, expires at: 1776003429427
[debug] [2026-04-22T11:51:37.958Z] Checked if tokens are valid: false, expires at: 1776003429427
[debug] [2026-04-22T11:51:37.958Z] > refreshing access token with scopes: []
[debug] [2026-04-22T11:51:37.958Z] >>> [apiv2][query] POST https://www.googleapis.com/oauth2/v3/token [none]
[debug] [2026-04-22T11:51:37.958Z] >>> [apiv2][body] POST https://www.googleapis.com/oauth2/v3/token [omitted]
[debug] [2026-04-22T11:51:38.080Z] <<< [apiv2][status] POST https://www.googleapis.com/oauth2/v3/token 400
[debug] [2026-04-22T11:51:38.080Z] <<< [apiv2][body] POST https://www.googleapis.com/oauth2/v3/token [omitted]
[error] Authentication Error: Your credentials are no longer valid. Please run firebase login --reauth

For CI servers and headless environments, generate a new token with firebase login:ci
[error] Authentication Error: Your credentials are no longer valid. Please run firebase login --reauth

For CI servers and headless environments, generate a new token with firebase login:ci
[debug] [2026-04-22T11:51:38.082Z] <<< [apiv2][status] POST https://www.googleapis.com/oauth2/v3/token 400
[debug] [2026-04-22T11:51:38.082Z] <<< [apiv2][body] POST https://www.googleapis.com/oauth2/v3/token [omitted]
[error] Authentication Error: Your credentials are no longer valid. Please run firebase login --reauth

For CI servers and headless environments, generate a new token with firebase login:ci
[error] Authentication Error: Your credentials are no longer valid. Please run firebase login --reauth

For CI servers and headless environments, generate a new token with firebase login:ci
[debug] [2026-04-22T11:51:38.096Z] <<< [apiv2][status] POST https://www.googleapis.com/oauth2/v3/token 400
[debug] [2026-04-22T11:51:38.096Z] <<< [apiv2][body] POST https://www.googleapis.com/oauth2/v3/token [omitted]
[error] Authentication Error: Your credentials are no longer valid. Please run firebase login --reauth

For CI servers and headless environments, generate a new token with firebase login:ci
[error] Authentication Error: Your credentials are no longer valid. Please run firebase login --reauth

For CI servers and headless environments, generate a new token with firebase login:ci
[debug] [2026-04-22T11:51:38.106Z] > command requires scopes: ["email","openid","https://www.googleapis.com/auth/cloudplatformprojects.readonly","https://www.googleapis.com/auth/firebase","https://www.googleapis.com/auth/cloud-platform"]
[debug] [2026-04-22T11:51:38.106Z] > authorizing via signed-in user (kthompson@socfoundry.com)
[debug] [2026-04-22T11:51:38.107Z] >>> [apiv2][query] POST https://developerknowledge.googleapis.com/mcp [none]
[debug] [2026-04-22T11:51:38.107Z] >>> [apiv2][body] POST https://developerknowledge.googleapis.com/mcp {"method":"tools/list","jsonrpc":"2.0","id":1}
[debug] [2026-04-22T11:51:38.113Z] > command requires scopes: ["email","openid","https://www.googleapis.com/auth/cloudplatformprojects.readonly","https://www.googleapis.com/auth/firebase","https://www.googleapis.com/auth/cloud-platform"]
[debug] [2026-04-22T11:51:38.113Z] > authorizing via signed-in user (kthompson@socfoundry.com)
[debug] [2026-04-22T11:51:38.114Z] > command requires scopes: ["email","openid","https://www.googleapis.com/auth/cloudplatformprojects.readonly","https://www.googleapis.com/auth/firebase","https://www.googleapis.com/auth/cloud-platform"]
[debug] [2026-04-22T11:51:38.114Z] > authorizing via signed-in user (kthompson@socfoundry.com)
[debug] [2026-04-22T11:51:38.270Z] <<< [apiv2][status] POST https://developerknowledge.googleapis.com/mcp 200
[debug] [2026-04-22T11:51:38.270Z] <<< [apiv2][body] POST https://developerknowledge.googleapis.com/mcp {"id":1,"jsonrpc":"2.0","result":{"tools":[{"annotations":{"destructiveHint":false,"idempotentHint":true,"openWorldHint":false,"readOnlyHint":true},"description":"Use this tool to find documentation about Google developer products. The documents contain official APIs, code snippets, release notes, best practices, guides, debugging info, and more. It covers the following products and domains:\n\n\n* ADK: adk.dev\n\n* Android: developer.android.com\n\n* Apigee: docs.apigee.com\n\n* Chrome: developer.chrome.com\n\n* Firebase: firebase.google.com\n\n* Fuchsia: fuchsia.dev\n\n* Go: go.dev\n\n* Google AI: ai.google.dev\n\n* Google Cloud: docs.cloud.google.com\n\n* Google Developers, Ads, Search, Google Maps, Youtube: developers.google.com\n\n* Google Home: developers.home.google.com\n\n* TensorFlow: www.tensorflow.org\n\n* Web: web.dev\n\n\nThis tool returns chunks of text, names, and URLs for matching documents. If the returned chunks are not detailed enough to answer the user's question, use `get_documents` with the `parent` from this tool's output to retrieve the full document content.\n","inputSchema":{"description":"Request schema for search_documents. Use the query field to search for related Google developer documentation.","properties":{"query":{"description":"Required. The raw query string provided by the user, such as \"How to create a Cloud Storage bucket?\".","type":"string"}},"required":["query"],"type":"object"},"name":"search_documents","outputSchema":{"$defs":{"DocumentChunk":{"description":"A DocumentChunk represents a piece of content from a Document in the DeveloperKnowledge corpus. To fetch the entire document content, pass the `parent` to get_document or batch_get_documents.","properties":{"content":{"description":"Output only. The content of the document chunk.","readOnly":true,"type":"string"},"id":{"description":"Output only. The ID of this chunk within the document. The chunk ID is unique within a document, but not globally unique across documents. The chunk ID is not stable and may change over time.","readOnly":true,"type":"string"},"parent":{"description":"Output only. The resource name of the document this chunk is from. Format: `documents/{uri_without_scheme}` Example: `documents/docs.cloud.google.com/storage/docs/creating-buckets`","readOnly":true,"type":"string"}},"type":"object"}},"description":"Response schema for search_documents.","properties":{"results":{"description":"The search results for the given query. Each Document in this list contains a snippet of content relevant to the search query. Use the DocumentChunk.name field of each result with get_documents to retrieve the full document content.","items":{"$ref":"#/$defs/DocumentChunk"},"type":"array"}},"type":"object"}},{"annotations":{"destructiveHint":false,"idempotentHint":true,"openWorldHint":false,"readOnlyHint":true},"description":"Use answer_query to get a grounded answer to a query about Google developer products. This tool has limited quota. This tool will synthesize information from the corpus to generate an answer to the query. answer_query grounds answers using the same corpus as search_documents. If you get a 429 out of quota error, use search_documents instead.","inputSchema":{"description":"Request message for AnswerQuery.","properties":{"query":{"description":"Required. The query to answer.","type":"string"}},"required":["query"],"type":"object"},"name":"answer_query","outputSchema":{"description":"Response message for AnswerQuery.","properties":{"answerText":{"description":"The answer to the query.","type":"string"}},"type":"object"}},{"annotations":{"destructiveHint":false,"idempotentHint":true,"openWorldHint":false,"readOnlyHint":true},"description":"Use this tool to retrieve the full content of a single document or up to 20 documents in a single call. The document names should be obtained from the `parent` field of results from a call to the `search_documents` tool. Set the `names` parameter to a list of document names.","inputSchema":{"description":"Request schema for get_documents.","properties":{"names":{"description":"Required. The names of the documents to retrieve, as returned by search_documents. A maximum of 20 documents can be retrieved in one call. The documents are returned in the same order as the `names` in the request. Format: `documents/{uri_without_scheme}` Example: `documents/docs.cloud.google.com/storage/docs/creating-buckets`","items":{"type":"string"},"type":"array"}},"required":["names"],"type":"object"},"name":"get_documents","outputSchema":{"$defs":{"Document":{"description":"A Document represents a piece of content from the Developer Knowledge corpus.","properties":{"content":{"description":"Output only. The content of the document in Markdown format.","readOnly":true,"type":"string"},"description":{"description":"Output only. A description of the document.","readOnly":true,"type":"string"},"name":{"description":"Identifier. The resource name of the document. Format: `documents/{uri_without_scheme}` Example: `documents/docs.cloud.google.com/storage/docs/creating-buckets`","type":"string","x-google-identifier":true},"title":{"description":"Output only. The title of the document.","readOnly":true,"type":"string"},"uri":{"description":"Output only. The URI of the content, such as `https://cloud.google.com/storage/docs/creating-buckets`.","readOnly":true,"type":"string"}},"type":"object"}},"description":"Response schema for get_documents.","properties":{"documents":{"description":"Documents requested.","items":{"$ref":"#/$defs/Document"},"type":"array"}},"type":"object"}}]}}
[debug] [2026-04-22T11:51:38.271Z] > command requires scopes: ["email","openid","https://www.googleapis.com/auth/cloudplatformprojects.readonly","https://www.googleapis.com/auth/firebase","https://www.googleapis.com/auth/cloud-platform"]
[debug] [2026-04-22T11:51:38.271Z] > authorizing via signed-in user (kthompson@socfoundry.com)
[debug] [2026-04-22T15:43:07.876Z] > command requires scopes: ["email","openid","https://www.googleapis.com/auth/cloudplatformprojects.readonly","https://www.googleapis.com/auth/firebase","https://www.googleapis.com/auth/cloud-platform"]
[debug] [2026-04-22T15:43:07.877Z] > authorizing via signed-in user (kthompson@socfoundry.com)
[debug] [2026-04-22T15:43:07.877Z] > command requires scopes: ["email","openid","https://www.googleapis.com/auth/cloudplatformprojects.readonly","https://www.googleapis.com/auth/firebase","https://www.googleapis.com/auth/cloud-platform"]
[debug] [2026-04-22T15:43:07.877Z] > authorizing via signed-in user (kthompson@socfoundry.com)
[debug] [2026-04-22T15:43:07.885Z] > command requires scopes: ["email","openid","https://www.googleapis.com/auth/cloudplatformprojects.readonly","https://www.googleapis.com/auth/firebase","https://www.googleapis.com/auth/cloud-platform"]
[debug] [2026-04-22T15:43:07.886Z] > authorizing via signed-in user (kthompson@socfoundry.com)
[debug] [2026-04-22T15:43:07.973Z] Checked if tokens are valid: false, expires at: 1776003429427
[debug] [2026-04-22T15:43:07.973Z] Checked if tokens are valid: false, expires at: 1776003429427
[debug] [2026-04-22T15:43:07.973Z] > refreshing access token with scopes: []
[debug] [2026-04-22T15:43:07.974Z] >>> [apiv2][query] POST https://www.googleapis.com/oauth2/v3/token [none]
[debug] [2026-04-22T15:43:07.974Z] >>> [apiv2][body] POST https://www.googleapis.com/oauth2/v3/token [omitted]
[debug] [2026-04-22T15:43:07.977Z] Checked if tokens are valid: false, expires at: 1776003429427
[debug] [2026-04-22T15:43:07.977Z] Checked if tokens are valid: false, expires at: 1776003429427
[debug] [2026-04-22T15:43:07.977Z] > refreshing access token with scopes: []
[debug] [2026-04-22T15:43:07.977Z] >>> [apiv2][query] POST https://www.googleapis.com/oauth2/v3/token [none]
[debug] [2026-04-22T15:43:07.977Z] >>> [apiv2][body] POST https://www.googleapis.com/oauth2/v3/token [omitted]
[debug] [2026-04-22T15:43:07.979Z] Checked if tokens are valid: false, expires at: 1776003429427
[debug] [2026-04-22T15:43:07.979Z] Checked if tokens are valid: false, expires at: 1776003429427
[debug] [2026-04-22T15:43:07.979Z] > refreshing access token with scopes: []
[debug] [2026-04-22T15:43:07.979Z] >>> [apiv2][query] POST https://www.googleapis.com/oauth2/v3/token [none]
[debug] [2026-04-22T15:43:07.979Z] >>> [apiv2][body] POST https://www.googleapis.com/oauth2/v3/token [omitted]
[debug] [2026-04-22T15:43:08.126Z] <<< [apiv2][status] POST https://www.googleapis.com/oauth2/v3/token 400
[debug] [2026-04-22T15:43:08.126Z] <<< [apiv2][body] POST https://www.googleapis.com/oauth2/v3/token [omitted]
[error] Authentication Error: Your credentials are no longer valid. Please run firebase login --reauth

For CI servers and headless environments, generate a new token with firebase login:ci
[error] Authentication Error: Your credentials are no longer valid. Please run firebase login --reauth

For CI servers and headless environments, generate a new token with firebase login:ci
[debug] [2026-04-22T15:43:08.133Z] <<< [apiv2][status] POST https://www.googleapis.com/oauth2/v3/token 400
[debug] [2026-04-22T15:43:08.134Z] <<< [apiv2][body] POST https://www.googleapis.com/oauth2/v3/token [omitted]
[error] Authentication Error: Your credentials are no longer valid. Please run firebase login --reauth

For CI servers and headless environments, generate a new token with firebase login:ci
[error] Authentication Error: Your credentials are no longer valid. Please run firebase login --reauth

For CI servers and headless environments, generate a new token with firebase login:ci
[debug] [2026-04-22T15:43:08.137Z] <<< [apiv2][status] POST https://www.googleapis.com/oauth2/v3/token 400
[debug] [2026-04-22T15:43:08.137Z] <<< [apiv2][body] POST https://www.googleapis.com/oauth2/v3/token [omitted]
[error] Authentication Error: Your credentials are no longer valid. Please run firebase login --reauth

For CI servers and headless environments, generate a new token with firebase login:ci
[error] Authentication Error: Your credentials are no longer valid. Please run firebase login --reauth

For CI servers and headless environments, generate a new token with firebase login:ci
[debug] [2026-04-22T15:43:08.179Z] > command requires scopes: ["email","openid","https://www.googleapis.com/auth/cloudplatformprojects.readonly","https://www.googleapis.com/auth/firebase","https://www.googleapis.com/auth/cloud-platform"]
[debug] [2026-04-22T15:43:08.179Z] > authorizing via signed-in user (kthompson@socfoundry.com)
[debug] [2026-04-22T15:43:08.179Z] >>> [apiv2][query] POST https://developerknowledge.googleapis.com/mcp [none]
[debug] [2026-04-22T15:43:08.179Z] >>> [apiv2][body] POST https://developerknowledge.googleapis.com/mcp {"method":"tools/list","jsonrpc":"2.0","id":1}
[debug] [2026-04-22T15:43:08.180Z] > command requires scopes: ["email","openid","https://www.googleapis.com/auth/cloudplatformprojects.readonly","https://www.googleapis.com/auth/firebase","https://www.googleapis.com/auth/cloud-platform"]
[debug] [2026-04-22T15:43:08.180Z] > authorizing via signed-in user (kthompson@socfoundry.com)
[debug] [2026-04-22T15:43:08.180Z] > command requires scopes: ["email","openid","https://www.googleapis.com/auth/cloudplatformprojects.readonly","https://www.googleapis.com/auth/firebase","https://www.googleapis.com/auth/cloud-platform"]
[debug] [2026-04-22T15:43:08.180Z] > authorizing via signed-in user (kthompson@socfoundry.com)
[debug] [2026-04-22T15:43:08.424Z] <<< [apiv2][status] POST https://developerknowledge.googleapis.com/mcp 200
[debug] [2026-04-22T15:43:08.424Z] <<< [apiv2][body] POST https://developerknowledge.googleapis.com/mcp {"id":1,"jsonrpc":"2.0","result":{"tools":[{"annotations":{"destructiveHint":false,"idempotentHint":true,"openWorldHint":false,"readOnlyHint":true},"description":"Use this tool to find documentation about Google developer products. The documents contain official APIs, code snippets, release notes, best practices, guides, debugging info, and more. It covers the following products and domains:\n\n\n* ADK: adk.dev\n\n* Android: developer.android.com\n\n* Apigee: docs.apigee.com\n\n* Chrome: developer.chrome.com\n\n* Firebase: firebase.google.com\n\n* Fuchsia: fuchsia.dev\n\n* Go: go.dev\n\n* Google AI: ai.google.dev\n\n* Google Cloud: docs.cloud.google.com\n\n* Google Developers, Ads, Search, Google Maps, Youtube: developers.google.com\n\n* Google Home: developers.home.google.com\n\n* TensorFlow: www.tensorflow.org\n\n* Web: web.dev\n\n\nThis tool returns chunks of text, names, and URLs for matching documents. If the returned chunks are not detailed enough to answer the user's question, use `get_documents` with the `parent` from this tool's output to retrieve the full document content.\n","inputSchema":{"description":"Request schema for search_documents. Use the query field to search for related Google developer documentation.","properties":{"query":{"description":"Required. The raw query string provided by the user, such as \"How to create a Cloud Storage bucket?\".","type":"string"}},"required":["query"],"type":"object"},"name":"search_documents","outputSchema":{"$defs":{"DocumentChunk":{"description":"A DocumentChunk represents a piece of content from a Document in the DeveloperKnowledge corpus. To fetch the entire document content, pass the `parent` to get_document or batch_get_documents.","properties":{"content":{"description":"Output only. The content of the document chunk.","readOnly":true,"type":"string"},"id":{"description":"Output only. The ID of this chunk within the document. The chunk ID is unique within a document, but not globally unique across documents. The chunk ID is not stable and may change over time.","readOnly":true,"type":"string"},"parent":{"description":"Output only. The resource name of the document this chunk is from. Format: `documents/{uri_without_scheme}` Example: `documents/docs.cloud.google.com/storage/docs/creating-buckets`","readOnly":true,"type":"string"}},"type":"object"}},"description":"Response schema for search_documents.","properties":{"results":{"description":"The search results for the given query. Each Document in this list contains a snippet of content relevant to the search query. Use the DocumentChunk.name field of each result with get_documents to retrieve the full document content.","items":{"$ref":"#/$defs/DocumentChunk"},"type":"array"}},"type":"object"}},{"annotations":{"destructiveHint":false,"idempotentHint":true,"openWorldHint":false,"readOnlyHint":true},"description":"Use answer_query to get a grounded answer to a query about Google developer products. This tool has limited quota. This tool will synthesize information from the corpus to generate an answer to the query. answer_query grounds answers using the same corpus as search_documents. If you get a 429 out of quota error, use search_documents instead.","inputSchema":{"description":"Request message for AnswerQuery.","properties":{"query":{"description":"Required. The query to answer.","type":"string"}},"required":["query"],"type":"object"},"name":"answer_query","outputSchema":{"description":"Response message for AnswerQuery.","properties":{"answerText":{"description":"The answer to the query.","type":"string"}},"type":"object"}},{"annotations":{"destructiveHint":false,"idempotentHint":true,"openWorldHint":false,"readOnlyHint":true},"description":"Use this tool to retrieve the full content of a single document or up to 20 documents in a single call. The document names should be obtained from the `parent` field of results from a call to the `search_documents` tool. Set the `names` parameter to a list of document names.","inputSchema":{"description":"Request schema for get_documents.","properties":{"names":{"description":"Required. The names of the documents to retrieve, as returned by search_documents. A maximum of 20 documents can be retrieved in one call. The documents are returned in the same order as the `names` in the request. Format: `documents/{uri_without_scheme}` Example: `documents/docs.cloud.google.com/storage/docs/creating-buckets`","items":{"type":"string"},"type":"array"}},"required":["names"],"type":"object"},"name":"get_documents","outputSchema":{"$defs":{"Document":{"description":"A Document represents a piece of content from the Developer Knowledge corpus.","properties":{"content":{"description":"Output only. The content of the document in Markdown format.","readOnly":true,"type":"string"},"description":{"description":"Output only. A description of the document.","readOnly":true,"type":"string"},"name":{"description":"Identifier. The resource name of the document. Format: `documents/{uri_without_scheme}` Example: `documents/docs.cloud.google.com/storage/docs/creating-buckets`","type":"string","x-google-identifier":true},"title":{"description":"Output only. The title of the document.","readOnly":true,"type":"string"},"uri":{"description":"Output only. The URI of the content, such as `https://cloud.google.com/storage/docs/creating-buckets`.","readOnly":true,"type":"string"}},"type":"object"}},"description":"Response schema for get_documents.","properties":{"documents":{"description":"Documents requested.","items":{"$ref":"#/$defs/Document"},"type":"array"}},"type":"object"}}]}}
[debug] [2026-04-22T15:43:08.425Z] > command requires scopes: ["email","openid","https://www.googleapis.com/auth/cloudplatformprojects.readonly","https://www.googleapis.com/auth/firebase","https://www.googleapis.com/auth/cloud-platform"]
[debug] [2026-04-22T15:43:08.425Z] > authorizing via signed-in user (kthompson@socfoundry.com)
[debug] [2026-04-22T16:19:44.738Z] > command requires scopes: ["email","openid","https://www.googleapis.com/auth/cloudplatformprojects.readonly","https://www.googleapis.com/auth/firebase","https://www.googleapis.com/auth/cloud-platform"]
[debug] [2026-04-22T16:19:44.739Z] > authorizing via signed-in user (kthompson@socfoundry.com)
[debug] [2026-04-22T16:19:44.739Z] > command requires scopes: ["email","openid","https://www.googleapis.com/auth/cloudplatformprojects.readonly","https://www.googleapis.com/auth/firebase","https://www.googleapis.com/auth/cloud-platform"]
[debug] [2026-04-22T16:19:44.739Z] > authorizing via signed-in user (kthompson@socfoundry.com)
[debug] [2026-04-22T16:19:44.747Z] > command requires scopes: ["email","openid","https://www.googleapis.com/auth/cloudplatformprojects.readonly","https://www.googleapis.com/auth/firebase","https://www.googleapis.com/auth/cloud-platform"]
[debug] [2026-04-22T16:19:44.747Z] > authorizing via signed-in user (kthompson@socfoundry.com)
[debug] [2026-04-22T16:19:44.822Z] Checked if tokens are valid: false, expires at: 1776003429427
[debug] [2026-04-22T16:19:44.823Z] Checked if tokens are valid: false, expires at: 1776003429427
[debug] [2026-04-22T16:19:44.823Z] > refreshing access token with scopes: []
[debug] [2026-04-22T16:19:44.823Z] >>> [apiv2][query] POST https://www.googleapis.com/oauth2/v3/token [none]
[debug] [2026-04-22T16:19:44.824Z] >>> [apiv2][body] POST https://www.googleapis.com/oauth2/v3/token [omitted]
[debug] [2026-04-22T16:19:44.828Z] Checked if tokens are valid: false, expires at: 1776003429427
[debug] [2026-04-22T16:19:44.828Z] Checked if tokens are valid: false, expires at: 1776003429427
[debug] [2026-04-22T16:19:44.828Z] > refreshing access token with scopes: []
[debug] [2026-04-22T16:19:44.828Z] >>> [apiv2][query] POST https://www.googleapis.com/oauth2/v3/token [none]
[debug] [2026-04-22T16:19:44.828Z] >>> [apiv2][body] POST https://www.googleapis.com/oauth2/v3/token [omitted]
[debug] [2026-04-22T16:19:44.835Z] Checked if tokens are valid: false, expires at: 1776003429427
[debug] [2026-04-22T16:19:44.835Z] Checked if tokens are valid: false, expires at: 1776003429427
[debug] [2026-04-22T16:19:44.835Z] > refreshing access token with scopes: []
[debug] [2026-04-22T16:19:44.836Z] >>> [apiv2][query] POST https://www.googleapis.com/oauth2/v3/token [none]
[debug] [2026-04-22T16:19:44.836Z] >>> [apiv2][body] POST https://www.googleapis.com/oauth2/v3/token [omitted]
[debug] [2026-04-22T16:19:45.008Z] <<< [apiv2][status] POST https://www.googleapis.com/oauth2/v3/token 400
[debug] [2026-04-22T16:19:45.008Z] <<< [apiv2][body] POST https://www.googleapis.com/oauth2/v3/token [omitted]
[error] Authentication Error: Your credentials are no longer valid. Please run firebase login --reauth

For CI servers and headless environments, generate a new token with firebase login:ci
[error] Authentication Error: Your credentials are no longer valid. Please run firebase login --reauth

For CI servers and headless environments, generate a new token with firebase login:ci
[debug] [2026-04-22T16:19:45.009Z] <<< [apiv2][status] POST https://www.googleapis.com/oauth2/v3/token 400
[debug] [2026-04-22T16:19:45.009Z] <<< [apiv2][body] POST https://www.googleapis.com/oauth2/v3/token [omitted]
[error] Authentication Error: Your credentials are no longer valid. Please run firebase login --reauth

For CI servers and headless environments, generate a new token with firebase login:ci
[error] Authentication Error: Your credentials are no longer valid. Please run firebase login --reauth

For CI servers and headless environments, generate a new token with firebase login:ci
[debug] [2026-04-22T16:19:45.018Z] <<< [apiv2][status] POST https://www.googleapis.com/oauth2/v3/token 400
[debug] [2026-04-22T16:19:45.018Z] <<< [apiv2][body] POST https://www.googleapis.com/oauth2/v3/token [omitted]
[error] Authentication Error: Your credentials are no longer valid. Please run firebase login --reauth

For CI servers and headless environments, generate a new token with firebase login:ci
[error] Authentication Error: Your credentials are no longer valid. Please run firebase login --reauth

For CI servers and headless environments, generate a new token with firebase login:ci
[debug] [2026-04-22T16:19:45.057Z] > command requires scopes: ["email","openid","https://www.googleapis.com/auth/cloudplatformprojects.readonly","https://www.googleapis.com/auth/firebase","https://www.googleapis.com/auth/cloud-platform"]
[debug] [2026-04-22T16:19:45.057Z] > authorizing via signed-in user (kthompson@socfoundry.com)
[debug] [2026-04-22T16:19:45.057Z] > command requires scopes: ["email","openid","https://www.googleapis.com/auth/cloudplatformprojects.readonly","https://www.googleapis.com/auth/firebase","https://www.googleapis.com/auth/cloud-platform"]
[debug] [2026-04-22T16:19:45.057Z] > authorizing via signed-in user (kthompson@socfoundry.com)
[debug] [2026-04-22T16:19:45.059Z] > command requires scopes: ["email","openid","https://www.googleapis.com/auth/cloudplatformprojects.readonly","https://www.googleapis.com/auth/firebase","https://www.googleapis.com/auth/cloud-platform"]
[debug] [2026-04-22T16:19:45.059Z] > authorizing via signed-in user (kthompson@socfoundry.com)
[debug] [2026-04-22T16:19:45.060Z] >>> [apiv2][query] POST https://developerknowledge.googleapis.com/mcp [none]
[debug] [2026-04-22T16:19:45.060Z] >>> [apiv2][body] POST https://developerknowledge.googleapis.com/mcp {"method":"tools/list","jsonrpc":"2.0","id":1}
[debug] [2026-04-22T16:19:45.216Z] <<< [apiv2][status] POST https://developerknowledge.googleapis.com/mcp 200
[debug] [2026-04-22T16:19:45.216Z] <<< [apiv2][body] POST https://developerknowledge.googleapis.com/mcp {"id":1,"jsonrpc":"2.0","result":{"tools":[{"annotations":{"destructiveHint":false,"idempotentHint":true,"openWorldHint":false,"readOnlyHint":true},"description":"Use this tool to find documentation about Google developer products. The documents contain official APIs, code snippets, release notes, best practices, guides, debugging info, and more. It covers the following products and domains:\n\n\n* ADK: adk.dev\n\n* Android: developer.android.com\n\n* Apigee: docs.apigee.com\n\n* Chrome: developer.chrome.com\n\n* Firebase: firebase.google.com\n\n* Fuchsia: fuchsia.dev\n\n* Go: go.dev\n\n* Google AI: ai.google.dev\n\n* Google Cloud: docs.cloud.google.com\n\n* Google Developers, Ads, Search, Google Maps, Youtube: developers.google.com\n\n* Google Home: developers.home.google.com\n\n* TensorFlow: www.tensorflow.org\n\n* Web: web.dev\n\n\nThis tool returns chunks of text, names, and URLs for matching documents. If the returned chunks are not detailed enough to answer the user's question, use `get_documents` with the `parent` from this tool's output to retrieve the full document content.\n","inputSchema":{"description":"Request schema for search_documents. Use the query field to search for related Google developer documentation.","properties":{"query":{"description":"Required. The raw query string provided by the user, such as \"How to create a Cloud Storage bucket?\".","type":"string"}},"required":["query"],"type":"object"},"name":"search_documents","outputSchema":{"$defs":{"DocumentChunk":{"description":"A DocumentChunk represents a piece of content from a Document in the DeveloperKnowledge corpus. To fetch the entire document content, pass the `parent` to get_document or batch_get_documents.","properties":{"content":{"description":"Output only. The content of the document chunk.","readOnly":true,"type":"string"},"id":{"description":"Output only. The ID of this chunk within the document. The chunk ID is unique within a document, but not globally unique across documents. The chunk ID is not stable and may change over time.","readOnly":true,"type":"string"},"parent":{"description":"Output only. The resource name of the document this chunk is from. Format: `documents/{uri_without_scheme}` Example: `documents/docs.cloud.google.com/storage/docs/creating-buckets`","readOnly":true,"type":"string"}},"type":"object"}},"description":"Response schema for search_documents.","properties":{"results":{"description":"The search results for the given query. Each Document in this list contains a snippet of content relevant to the search query. Use the DocumentChunk.name field of each result with get_documents to retrieve the full document content.","items":{"$ref":"#/$defs/DocumentChunk"},"type":"array"}},"type":"object"}},{"annotations":{"destructiveHint":false,"idempotentHint":true,"openWorldHint":false,"readOnlyHint":true},"description":"Use answer_query to get a grounded answer to a query about Google developer products. This tool has limited quota. This tool will synthesize information from the corpus to generate an answer to the query. answer_query grounds answers using the same corpus as search_documents. If you get a 429 out of quota error, use search_documents instead.","inputSchema":{"description":"Request message for AnswerQuery.","properties":{"query":{"description":"Required. The query to answer.","type":"string"}},"required":["query"],"type":"object"},"name":"answer_query","outputSchema":{"description":"Response message for AnswerQuery.","properties":{"answerText":{"description":"The answer to the query.","type":"string"}},"type":"object"}},{"annotations":{"destructiveHint":false,"idempotentHint":true,"openWorldHint":false,"readOnlyHint":true},"description":"Use this tool to retrieve the full content of a single document or up to 20 documents in a single call. The document names should be obtained from the `parent` field of results from a call to the `search_documents` tool. Set the `names` parameter to a list of document names.","inputSchema":{"description":"Request schema for get_documents.","properties":{"names":{"description":"Required. The names of the documents to retrieve, as returned by search_documents. A maximum of 20 documents can be retrieved in one call. The documents are returned in the same order as the `names` in the request. Format: `documents/{uri_without_scheme}` Example: `documents/docs.cloud.google.com/storage/docs/creating-buckets`","items":{"type":"string"},"type":"array"}},"required":["names"],"type":"object"},"name":"get_documents","outputSchema":{"$defs":{"Document":{"description":"A Document represents a piece of content from the Developer Knowledge corpus.","properties":{"content":{"description":"Output only. The content of the document in Markdown format.","readOnly":true,"type":"string"},"description":{"description":"Output only. A description of the document.","readOnly":true,"type":"string"},"name":{"description":"Identifier. The resource name of the document. Format: `documents/{uri_without_scheme}` Example: `documents/docs.cloud.google.com/storage/docs/creating-buckets`","type":"string","x-google-identifier":true},"title":{"description":"Output only. The title of the document.","readOnly":true,"type":"string"},"uri":{"description":"Output only. The URI of the content, such as `https://cloud.google.com/storage/docs/creating-buckets`.","readOnly":true,"type":"string"}},"type":"object"}},"description":"Response schema for get_documents.","properties":{"documents":{"description":"Documents requested.","items":{"$ref":"#/$defs/Document"},"type":"array"}},"type":"object"}}]}}
[debug] [2026-04-22T16:19:45.221Z] > command requires scopes: ["email","openid","https://www.googleapis.com/auth/cloudplatformprojects.readonly","https://www.googleapis.com/auth/firebase","https://www.googleapis.com/auth/cloud-platform"]
[debug] [2026-04-22T16:19:45.221Z] > authorizing via signed-in user (kthompson@socfoundry.com)
[debug] [2026-04-22T17:22:42.938Z] > command requires scopes: ["email","openid","https://www.googleapis.com/auth/cloudplatformprojects.readonly","https://www.googleapis.com/auth/firebase","https://www.googleapis.com/auth/cloud-platform"]
[debug] [2026-04-22T17:22:42.940Z] > authorizing via signed-in user (kthompson@socfoundry.com)
[debug] [2026-04-22T17:22:42.940Z] > command requires scopes: ["email","openid","https://www.googleapis.com/auth/cloudplatformprojects.readonly","https://www.googleapis.com/auth/firebase","https://www.googleapis.com/auth/cloud-platform"]
[debug] [2026-04-22T17:22:42.940Z] > authorizing via signed-in user (kthompson@socfoundry.com)
[debug] [2026-04-22T17:22:42.948Z] > command requires scopes: ["email","openid","https://www.googleapis.com/auth/cloudplatformprojects.readonly","https://www.googleapis.com/auth/firebase","https://www.googleapis.com/auth/cloud-platform"]
[debug] [2026-04-22T17:22:42.948Z] > authorizing via signed-in user (kthompson@socfoundry.com)
[debug] [2026-04-22T17:22:43.018Z] Checked if tokens are valid: false, expires at: 1776003429427
[debug] [2026-04-22T17:22:43.018Z] Checked if tokens are valid: false, expires at: 1776003429427
[debug] [2026-04-22T17:22:43.018Z] > refreshing access token with scopes: []
[debug] [2026-04-22T17:22:43.019Z] >>> [apiv2][query] POST https://www.googleapis.com/oauth2/v3/token [none]
[debug] [2026-04-22T17:22:43.019Z] >>> [apiv2][body] POST https://www.googleapis.com/oauth2/v3/token [omitted]
[debug] [2026-04-22T17:22:43.022Z] Checked if tokens are valid: false, expires at: 1776003429427
[debug] [2026-04-22T17:22:43.022Z] Checked if tokens are valid: false, expires at: 1776003429427
[debug] [2026-04-22T17:22:43.022Z] > refreshing access token with scopes: []
[debug] [2026-04-22T17:22:43.022Z] >>> [apiv2][query] POST https://www.googleapis.com/oauth2/v3/token [none]
[debug] [2026-04-22T17:22:43.022Z] >>> [apiv2][body] POST https://www.googleapis.com/oauth2/v3/token [omitted]
[debug] [2026-04-22T17:22:43.026Z] Checked if tokens are valid: false, expires at: 1776003429427
[debug] [2026-04-22T17:22:43.026Z] Checked if tokens are valid: false, expires at: 1776003429427
[debug] [2026-04-22T17:22:43.026Z] > refreshing access token with scopes: []
[debug] [2026-04-22T17:22:43.026Z] >>> [apiv2][query] POST https://www.googleapis.com/oauth2/v3/token [none]
[debug] [2026-04-22T17:22:43.026Z] >>> [apiv2][body] POST https://www.googleapis.com/oauth2/v3/token [omitted]
[debug] [2026-04-22T17:22:43.200Z] <<< [apiv2][status] POST https://www.googleapis.com/oauth2/v3/token 400
[debug] [2026-04-22T17:22:43.200Z] <<< [apiv2][body] POST https://www.googleapis.com/oauth2/v3/token [omitted]
[error] Authentication Error: Your credentials are no longer valid. Please run firebase login --reauth

For CI servers and headless environments, generate a new token with firebase login:ci
[error] Authentication Error: Your credentials are no longer valid. Please run firebase login --reauth

For CI servers and headless environments, generate a new token with firebase login:ci
[debug] [2026-04-22T17:22:43.207Z] <<< [apiv2][status] POST https://www.googleapis.com/oauth2/v3/token 400
[debug] [2026-04-22T17:22:43.208Z] <<< [apiv2][body] POST https://www.googleapis.com/oauth2/v3/token [omitted]
[error] Authentication Error: Your credentials are no longer valid. Please run firebase login --reauth

For CI servers and headless environments, generate a new token with firebase login:ci
[error] Authentication Error: Your credentials are no longer valid. Please run firebase login --reauth

For CI servers and headless environments, generate a new token with firebase login:ci
[debug] [2026-04-22T17:22:43.210Z] <<< [apiv2][status] POST https://www.googleapis.com/oauth2/v3/token 400
[debug] [2026-04-22T17:22:43.210Z] <<< [apiv2][body] POST https://www.googleapis.com/oauth2/v3/token [omitted]
[error] Authentication Error: Your credentials are no longer valid. Please run firebase login --reauth

For CI servers and headless environments, generate a new token with firebase login:ci
[error] Authentication Error: Your credentials are no longer valid. Please run firebase login --reauth

For CI servers and headless environments, generate a new token with firebase login:ci
[debug] [2026-04-22T17:22:43.243Z] > command requires scopes: ["email","openid","https://www.googleapis.com/auth/cloudplatformprojects.readonly","https://www.googleapis.com/auth/firebase","https://www.googleapis.com/auth/cloud-platform"]
[debug] [2026-04-22T17:22:43.243Z] > authorizing via signed-in user (kthompson@socfoundry.com)
[debug] [2026-04-22T17:22:43.243Z] >>> [apiv2][query] POST https://developerknowledge.googleapis.com/mcp [none]
[debug] [2026-04-22T17:22:43.244Z] >>> [apiv2][body] POST https://developerknowledge.googleapis.com/mcp {"method":"tools/list","jsonrpc":"2.0","id":1}
[debug] [2026-04-22T17:22:43.259Z] > command requires scopes: ["email","openid","https://www.googleapis.com/auth/cloudplatformprojects.readonly","https://www.googleapis.com/auth/firebase","https://www.googleapis.com/auth/cloud-platform"]
[debug] [2026-04-22T17:22:43.259Z] > authorizing via signed-in user (kthompson@socfoundry.com)
[debug] [2026-04-22T17:22:43.259Z] > command requires scopes: ["email","openid","https://www.googleapis.com/auth/cloudplatformprojects.readonly","https://www.googleapis.com/auth/firebase","https://www.googleapis.com/auth/cloud-platform"]
[debug] [2026-04-22T17:22:43.259Z] > authorizing via signed-in user (kthompson@socfoundry.com)
[debug] [2026-04-22T17:22:43.439Z] <<< [apiv2][status] POST https://developerknowledge.googleapis.com/mcp 200
[debug] [2026-04-22T17:22:43.439Z] <<< [apiv2][body] POST https://developerknowledge.googleapis.com/mcp {"id":1,"jsonrpc":"2.0","result":{"tools":[{"annotations":{"destructiveHint":false,"idempotentHint":true,"openWorldHint":false,"readOnlyHint":true},"description":"Use this tool to find documentation about Google developer products. The documents contain official APIs, code snippets, release notes, best practices, guides, debugging info, and more. It covers the following products and domains:\n\n\n* ADK: adk.dev\n\n* Android: developer.android.com\n\n* Apigee: docs.apigee.com\n\n* Chrome: developer.chrome.com\n\n* Firebase: firebase.google.com\n\n* Fuchsia: fuchsia.dev\n\n* Go: go.dev\n\n* Google AI: ai.google.dev\n\n* Google Cloud: docs.cloud.google.com\n\n* Google Developers, Ads, Search, Google Maps, Youtube: developers.google.com\n\n* Google Home: developers.home.google.com\n\n* TensorFlow: www.tensorflow.org\n\n* Web: web.dev\n\n\nThis tool returns chunks of text, names, and URLs for matching documents. If the returned chunks are not detailed enough to answer the user's question, use `get_documents` with the `parent` from this tool's output to retrieve the full document content.\n","inputSchema":{"description":"Request schema for search_documents. Use the query field to search for related Google developer documentation.","properties":{"query":{"description":"Required. The raw query string provided by the user, such as \"How to create a Cloud Storage bucket?\".","type":"string"}},"required":["query"],"type":"object"},"name":"search_documents","outputSchema":{"$defs":{"DocumentChunk":{"description":"A DocumentChunk represents a piece of content from a Document in the DeveloperKnowledge corpus. To fetch the entire document content, pass the `parent` to get_document or batch_get_documents.","properties":{"content":{"description":"Output only. The content of the document chunk.","readOnly":true,"type":"string"},"id":{"description":"Output only. The ID of this chunk within the document. The chunk ID is unique within a document, but not globally unique across documents. The chunk ID is not stable and may change over time.","readOnly":true,"type":"string"},"parent":{"description":"Output only. The resource name of the document this chunk is from. Format: `documents/{uri_without_scheme}` Example: `documents/docs.cloud.google.com/storage/docs/creating-buckets`","readOnly":true,"type":"string"}},"type":"object"}},"description":"Response schema for search_documents.","properties":{"results":{"description":"The search results for the given query. Each Document in this list contains a snippet of content relevant to the search query. Use the DocumentChunk.name field of each result with get_documents to retrieve the full document content.","items":{"$ref":"#/$defs/DocumentChunk"},"type":"array"}},"type":"object"}},{"annotations":{"destructiveHint":false,"idempotentHint":true,"openWorldHint":false,"readOnlyHint":true},"description":"Use answer_query to get a grounded answer to a query about Google developer products. This tool has limited quota. This tool will synthesize information from the corpus to generate an answer to the query. answer_query grounds answers using the same corpus as search_documents. If you get a 429 out of quota error, use search_documents instead.","inputSchema":{"description":"Request message for AnswerQuery.","properties":{"query":{"description":"Required. The query to answer.","type":"string"}},"required":["query"],"type":"object"},"name":"answer_query","outputSchema":{"description":"Response message for AnswerQuery.","properties":{"answerText":{"description":"The answer to the query.","type":"string"}},"type":"object"}},{"annotations":{"destructiveHint":false,"idempotentHint":true,"openWorldHint":false,"readOnlyHint":true},"description":"Use this tool to retrieve the full content of a single document or up to 20 documents in a single call. The document names should be obtained from the `parent` field of results from a call to the `search_documents` tool. Set the `names` parameter to a list of document names.","inputSchema":{"description":"Request schema for get_documents.","properties":{"names":{"description":"Required. The names of the documents to retrieve, as returned by search_documents. A maximum of 20 documents can be retrieved in one call. The documents are returned in the same order as the `names` in the request. Format: `documents/{uri_without_scheme}` Example: `documents/docs.cloud.google.com/storage/docs/creating-buckets`","items":{"type":"string"},"type":"array"}},"required":["names"],"type":"object"},"name":"get_documents","outputSchema":{"$defs":{"Document":{"description":"A Document represents a piece of content from the Developer Knowledge corpus.","properties":{"content":{"description":"Output only. The content of the document in Markdown format.","readOnly":true,"type":"string"},"description":{"description":"Output only. A description of the document.","readOnly":true,"type":"string"},"name":{"description":"Identifier. The resource name of the document. Format: `documents/{uri_without_scheme}` Example: `documents/docs.cloud.google.com/storage/docs/creating-buckets`","type":"string","x-google-identifier":true},"title":{"description":"Output only. The title of the document.","readOnly":true,"type":"string"},"uri":{"description":"Output only. The URI of the content, such as `https://cloud.google.com/storage/docs/creating-buckets`.","readOnly":true,"type":"string"}},"type":"object"}},"description":"Response schema for get_documents.","properties":{"documents":{"description":"Documents requested.","items":{"$ref":"#/$defs/Document"},"type":"array"}},"type":"object"}}]}}
[debug] [2026-04-22T17:22:43.444Z] > command requires scopes: ["email","openid","https://www.googleapis.com/auth/cloudplatformprojects.readonly","https://www.googleapis.com/auth/firebase","https://www.googleapis.com/auth/cloud-platform"]
[debug] [2026-04-22T17:22:43.444Z] > authorizing via signed-in user (kthompson@socfoundry.com)
[debug] [2026-04-22T19:28:30.047Z] > command requires scopes: ["email","openid","https://www.googleapis.com/auth/cloudplatformprojects.readonly","https://www.googleapis.com/auth/firebase","https://www.googleapis.com/auth/cloud-platform"]
[debug] [2026-04-22T19:28:30.048Z] > authorizing via signed-in user (kthompson@socfoundry.com)
[debug] [2026-04-22T19:28:30.048Z] > command requires scopes: ["email","openid","https://www.googleapis.com/auth/cloudplatformprojects.readonly","https://www.googleapis.com/auth/firebase","https://www.googleapis.com/auth/cloud-platform"]
[debug] [2026-04-22T19:28:30.049Z] > authorizing via signed-in user (kthompson@socfoundry.com)
[debug] [2026-04-22T19:28:30.059Z] > command requires scopes: ["email","openid","https://www.googleapis.com/auth/cloudplatformprojects.readonly","https://www.googleapis.com/auth/firebase","https://www.googleapis.com/auth/cloud-platform"]
[debug] [2026-04-22T19:28:30.060Z] > authorizing via signed-in user (kthompson@socfoundry.com)
[debug] [2026-04-22T19:28:30.152Z] Checked if tokens are valid: false, expires at: 1776003429427
[debug] [2026-04-22T19:28:30.152Z] Checked if tokens are valid: false, expires at: 1776003429427
[debug] [2026-04-22T19:28:30.152Z] > refreshing access token with scopes: []
[debug] [2026-04-22T19:28:30.153Z] >>> [apiv2][query] POST https://www.googleapis.com/oauth2/v3/token [none]
[debug] [2026-04-22T19:28:30.153Z] >>> [apiv2][body] POST https://www.googleapis.com/oauth2/v3/token [omitted]
[debug] [2026-04-22T19:28:30.156Z] Checked if tokens are valid: false, expires at: 1776003429427
[debug] [2026-04-22T19:28:30.156Z] Checked if tokens are valid: false, expires at: 1776003429427
[debug] [2026-04-22T19:28:30.156Z] > refreshing access token with scopes: []
[debug] [2026-04-22T19:28:30.156Z] >>> [apiv2][query] POST https://www.googleapis.com/oauth2/v3/token [none]
[debug] [2026-04-22T19:28:30.156Z] >>> [apiv2][body] POST https://www.googleapis.com/oauth2/v3/token [omitted]
[debug] [2026-04-22T19:28:30.159Z] Checked if tokens are valid: false, expires at: 1776003429427
[debug] [2026-04-22T19:28:30.159Z] Checked if tokens are valid: false, expires at: 1776003429427
[debug] [2026-04-22T19:28:30.159Z] > refreshing access token with scopes: []
[debug] [2026-04-22T19:28:30.159Z] >>> [apiv2][query] POST https://www.googleapis.com/oauth2/v3/token [none]
[debug] [2026-04-22T19:28:30.159Z] >>> [apiv2][body] POST https://www.googleapis.com/oauth2/v3/token [omitted]
[debug] [2026-04-22T19:28:30.281Z] <<< [apiv2][status] POST https://www.googleapis.com/oauth2/v3/token 400
[debug] [2026-04-22T19:28:30.281Z] <<< [apiv2][body] POST https://www.googleapis.com/oauth2/v3/token [omitted]
[error] Authentication Error: Your credentials are no longer valid. Please run firebase login --reauth

For CI servers and headless environments, generate a new token with firebase login:ci
[error] Authentication Error: Your credentials are no longer valid. Please run firebase login --reauth

For CI servers and headless environments, generate a new token with firebase login:ci
[debug] [2026-04-22T19:28:30.286Z] <<< [apiv2][status] POST https://www.googleapis.com/oauth2/v3/token 400
[debug] [2026-04-22T19:28:30.286Z] <<< [apiv2][body] POST https://www.googleapis.com/oauth2/v3/token [omitted]
[error] Authentication Error: Your credentials are no longer valid. Please run firebase login --reauth

For CI servers and headless environments, generate a new token with firebase login:ci
[error] Authentication Error: Your credentials are no longer valid. Please run firebase login --reauth

For CI servers and headless environments, generate a new token with firebase login:ci
[debug] [2026-04-22T19:28:30.300Z] <<< [apiv2][status] POST https://www.googleapis.com/oauth2/v3/token 400
[debug] [2026-04-22T19:28:30.300Z] <<< [apiv2][body] POST https://www.googleapis.com/oauth2/v3/token [omitted]
[error] Authentication Error: Your credentials are no longer valid. Please run firebase login --reauth

For CI servers and headless environments, generate a new token with firebase login:ci
[error] Authentication Error: Your credentials are no longer valid. Please run firebase login --reauth

For CI servers and headless environments, generate a new token with firebase login:ci
[debug] [2026-04-22T19:28:30.323Z] > command requires scopes: ["email","openid","https://www.googleapis.com/auth/cloudplatformprojects.readonly","https://www.googleapis.com/auth/firebase","https://www.googleapis.com/auth/cloud-platform"]
[debug] [2026-04-22T19:28:30.323Z] > authorizing via signed-in user (kthompson@socfoundry.com)
[debug] [2026-04-22T19:28:30.323Z] > command requires scopes: ["email","openid","https://www.googleapis.com/auth/cloudplatformprojects.readonly","https://www.googleapis.com/auth/firebase","https://www.googleapis.com/auth/cloud-platform"]
[debug] [2026-04-22T19:28:30.323Z] > authorizing via signed-in user (kthompson@socfoundry.com)
[debug] [2026-04-22T19:28:30.328Z] > command requires scopes: ["email","openid","https://www.googleapis.com/auth/cloudplatformprojects.readonly","https://www.googleapis.com/auth/firebase","https://www.googleapis.com/auth/cloud-platform"]
[debug] [2026-04-22T19:28:30.328Z] > authorizing via signed-in user (kthompson@socfoundry.com)
[debug] [2026-04-22T19:28:30.329Z] >>> [apiv2][query] POST https://developerknowledge.googleapis.com/mcp [none]
[debug] [2026-04-22T19:28:30.329Z] >>> [apiv2][body] POST https://developerknowledge.googleapis.com/mcp {"method":"tools/list","jsonrpc":"2.0","id":1}
[debug] [2026-04-22T19:28:30.472Z] <<< [apiv2][status] POST https://developerknowledge.googleapis.com/mcp 200
[debug] [2026-04-22T19:28:30.472Z] <<< [apiv2][body] POST https://developerknowledge.googleapis.com/mcp {"id":1,"jsonrpc":"2.0","result":{"tools":[{"annotations":{"destructiveHint":false,"idempotentHint":true,"openWorldHint":false,"readOnlyHint":true},"description":"Use this tool to find documentation about Google developer products. The documents contain official APIs, code snippets, release notes, best practices, guides, debugging info, and more. It covers the following products and domains:\n\n\n* ADK: adk.dev\n\n* Android: developer.android.com\n\n* Apigee: docs.apigee.com\n\n* Chrome: developer.chrome.com\n\n* Firebase: firebase.google.com\n\n* Fuchsia: fuchsia.dev\n\n* Go: go.dev\n\n* Google AI: ai.google.dev\n\n* Google Cloud: docs.cloud.google.com\n\n* Google Developers, Ads, Search, Google Maps, Youtube: developers.google.com\n\n* Google Home: developers.home.google.com\n\n* TensorFlow: www.tensorflow.org\n\n* Web: web.dev\n\n\nThis tool returns chunks of text, names, and URLs for matching documents. If the returned chunks are not detailed enough to answer the user's question, use `get_documents` with the `parent` from this tool's output to retrieve the full document content.\n","inputSchema":{"description":"Request schema for search_documents. Use the query field to search for related Google developer documentation.","properties":{"query":{"description":"Required. The raw query string provided by the user, such as \"How to create a Cloud Storage bucket?\".","type":"string"}},"required":["query"],"type":"object"},"name":"search_documents","outputSchema":{"$defs":{"DocumentChunk":{"description":"A DocumentChunk represents a piece of content from a Document in the DeveloperKnowledge corpus. To fetch the entire document content, pass the `parent` to get_document or batch_get_documents.","properties":{"content":{"description":"Output only. The content of the document chunk.","readOnly":true,"type":"string"},"id":{"description":"Output only. The ID of this chunk within the document. The chunk ID is unique within a document, but not globally unique across documents. The chunk ID is not stable and may change over time.","readOnly":true,"type":"string"},"parent":{"description":"Output only. The resource name of the document this chunk is from. Format: `documents/{uri_without_scheme}` Example: `documents/docs.cloud.google.com/storage/docs/creating-buckets`","readOnly":true,"type":"string"}},"type":"object"}},"description":"Response schema for search_documents.","properties":{"results":{"description":"The search results for the given query. Each Document in this list contains a snippet of content relevant to the search query. Use the DocumentChunk.name field of each result with get_documents to retrieve the full document content.","items":{"$ref":"#/$defs/DocumentChunk"},"type":"array"}},"type":"object"}},{"annotations":{"destructiveHint":false,"idempotentHint":true,"openWorldHint":false,"readOnlyHint":true},"description":"Use answer_query to get a grounded answer to a query about Google developer products. This tool has limited quota. This tool will synthesize information from the corpus to generate an answer to the query. answer_query grounds answers using the same corpus as search_documents. If you get a 429 out of quota error, use search_documents instead.","inputSchema":{"description":"Request message for AnswerQuery.","properties":{"query":{"description":"Required. The query to answer.","type":"string"}},"required":["query"],"type":"object"},"name":"answer_query","outputSchema":{"description":"Response message for AnswerQuery.","properties":{"answerText":{"description":"The answer to the query.","type":"string"}},"type":"object"}},{"annotations":{"destructiveHint":false,"idempotentHint":true,"openWorldHint":false,"readOnlyHint":true},"description":"Use this tool to retrieve the full content of a single document or up to 20 documents in a single call. The document names should be obtained from the `parent` field of results from a call to the `search_documents` tool. Set the `names` parameter to a list of document names.","inputSchema":{"description":"Request schema for get_documents.","properties":{"names":{"description":"Required. The names of the documents to retrieve, as returned by search_documents. A maximum of 20 documents can be retrieved in one call. The documents are returned in the same order as the `names` in the request. Format: `documents/{uri_without_scheme}` Example: `documents/docs.cloud.google.com/storage/docs/creating-buckets`","items":{"type":"string"},"type":"array"}},"required":["names"],"type":"object"},"name":"get_documents","outputSchema":{"$defs":{"Document":{"description":"A Document represents a piece of content from the Developer Knowledge corpus.","properties":{"content":{"description":"Output only. The content of the document in Markdown format.","readOnly":true,"type":"string"},"description":{"description":"Output only. A description of the document.","readOnly":true,"type":"string"},"name":{"description":"Identifier. The resource name of the document. Format: `documents/{uri_without_scheme}` Example: `documents/docs.cloud.google.com/storage/docs/creating-buckets`","type":"string","x-google-identifier":true},"title":{"description":"Output only. The title of the document.","readOnly":true,"type":"string"},"uri":{"description":"Output only. The URI of the content, such as `https://cloud.google.com/storage/docs/creating-buckets`.","readOnly":true,"type":"string"}},"type":"object"}},"description":"Response schema for get_documents.","properties":{"documents":{"description":"Documents requested.","items":{"$ref":"#/$defs/Document"},"type":"array"}},"type":"object"}}]}}
[debug] [2026-04-22T19:28:30.473Z] > command requires scopes: ["email","openid","https://www.googleapis.com/auth/cloudplatformprojects.readonly","https://www.googleapis.com/auth/firebase","https://www.googleapis.com/auth/cloud-platform"]
[debug] [2026-04-22T19:28:30.473Z] > authorizing via signed-in user (kthompson@socfoundry.com)
[debug] [2026-04-22T19:28:41.657Z] > command requires scopes: ["email","openid","https://www.googleapis.com/auth/cloudplatformprojects.readonly","https://www.googleapis.com/auth/firebase","https://www.googleapis.com/auth/cloud-platform"]
[debug] [2026-04-22T19:28:41.658Z] > authorizing via signed-in user (kthompson@socfoundry.com)
[debug] [2026-04-22T19:28:41.658Z] > command requires scopes: ["email","openid","https://www.googleapis.com/auth/cloudplatformprojects.readonly","https://www.googleapis.com/auth/firebase","https://www.googleapis.com/auth/cloud-platform"]
[debug] [2026-04-22T19:28:41.658Z] > authorizing via signed-in user (kthompson@socfoundry.com)
[debug] [2026-04-22T19:28:41.665Z] > command requires scopes: ["email","openid","https://www.googleapis.com/auth/cloudplatformprojects.readonly","https://www.googleapis.com/auth/firebase","https://www.googleapis.com/auth/cloud-platform"]
[debug] [2026-04-22T19:28:41.665Z] > authorizing via signed-in user (kthompson@socfoundry.com)
[debug] [2026-04-22T19:28:41.745Z] Checked if tokens are valid: false, expires at: 1776003429427
[debug] [2026-04-22T19:28:41.745Z] Checked if tokens are valid: false, expires at: 1776003429427
[debug] [2026-04-22T19:28:41.746Z] > refreshing access token with scopes: []
[debug] [2026-04-22T19:28:41.746Z] >>> [apiv2][query] POST https://www.googleapis.com/oauth2/v3/token [none]
[debug] [2026-04-22T19:28:41.746Z] >>> [apiv2][body] POST https://www.googleapis.com/oauth2/v3/token [omitted]
[debug] [2026-04-22T19:28:41.750Z] Checked if tokens are valid: false, expires at: 1776003429427
[debug] [2026-04-22T19:28:41.751Z] Checked if tokens are valid: false, expires at: 1776003429427
[debug] [2026-04-22T19:28:41.751Z] > refreshing access token with scopes: []
[debug] [2026-04-22T19:28:41.751Z] >>> [apiv2][query] POST https://www.googleapis.com/oauth2/v3/token [none]
[debug] [2026-04-22T19:28:41.751Z] >>> [apiv2][body] POST https://www.googleapis.com/oauth2/v3/token [omitted]
[debug] [2026-04-22T19:28:41.754Z] Checked if tokens are valid: false, expires at: 1776003429427
[debug] [2026-04-22T19:28:41.755Z] Checked if tokens are valid: false, expires at: 1776003429427
[debug] [2026-04-22T19:28:41.755Z] > refreshing access token with scopes: []
[debug] [2026-04-22T19:28:41.755Z] >>> [apiv2][query] POST https://www.googleapis.com/oauth2/v3/token [none]
[debug] [2026-04-22T19:28:41.755Z] >>> [apiv2][body] POST https://www.googleapis.com/oauth2/v3/token [omitted]
[debug] [2026-04-22T19:28:41.869Z] <<< [apiv2][status] POST https://www.googleapis.com/oauth2/v3/token 400
[debug] [2026-04-22T19:28:41.869Z] <<< [apiv2][body] POST https://www.googleapis.com/oauth2/v3/token [omitted]
[error] Authentication Error: Your credentials are no longer valid. Please run firebase login --reauth

For CI servers and headless environments, generate a new token with firebase login:ci
[error] Authentication Error: Your credentials are no longer valid. Please run firebase login --reauth

For CI servers and headless environments, generate a new token with firebase login:ci
[debug] [2026-04-22T19:28:41.872Z] <<< [apiv2][status] POST https://www.googleapis.com/oauth2/v3/token 400
[debug] [2026-04-22T19:28:41.873Z] <<< [apiv2][body] POST https://www.googleapis.com/oauth2/v3/token [omitted]
[error] Authentication Error: Your credentials are no longer valid. Please run firebase login --reauth

For CI servers and headless environments, generate a new token with firebase login:ci
[error] Authentication Error: Your credentials are no longer valid. Please run firebase login --reauth

For CI servers and headless environments, generate a new token with firebase login:ci
[debug] [2026-04-22T19:28:41.882Z] <<< [apiv2][status] POST https://www.googleapis.com/oauth2/v3/token 400
[debug] [2026-04-22T19:28:41.882Z] <<< [apiv2][body] POST https://www.googleapis.com/oauth2/v3/token [omitted]
[error] Authentication Error: Your credentials are no longer valid. Please run firebase login --reauth

For CI servers and headless environments, generate a new token with firebase login:ci
[error] Authentication Error: Your credentials are no longer valid. Please run firebase login --reauth

For CI servers and headless environments, generate a new token with firebase login:ci
[debug] [2026-04-22T19:28:41.913Z] > command requires scopes: ["email","openid","https://www.googleapis.com/auth/cloudplatformprojects.readonly","https://www.googleapis.com/auth/firebase","https://www.googleapis.com/auth/cloud-platform"]
[debug] [2026-04-22T19:28:41.913Z] > authorizing via signed-in user (kthompson@socfoundry.com)
[debug] [2026-04-22T19:28:41.914Z] >>> [apiv2][query] POST https://developerknowledge.googleapis.com/mcp [none]
[debug] [2026-04-22T19:28:41.914Z] >>> [apiv2][body] POST https://developerknowledge.googleapis.com/mcp {"method":"tools/list","jsonrpc":"2.0","id":1}
[debug] [2026-04-22T19:28:41.925Z] > command requires scopes: ["email","openid","https://www.googleapis.com/auth/cloudplatformprojects.readonly","https://www.googleapis.com/auth/firebase","https://www.googleapis.com/auth/cloud-platform"]
[debug] [2026-04-22T19:28:41.925Z] > authorizing via signed-in user (kthompson@socfoundry.com)
[debug] [2026-04-22T19:28:41.925Z] > command requires scopes: ["email","openid","https://www.googleapis.com/auth/cloudplatformprojects.readonly","https://www.googleapis.com/auth/firebase","https://www.googleapis.com/auth/cloud-platform"]
[debug] [2026-04-22T19:28:41.925Z] > authorizing via signed-in user (kthompson@socfoundry.com)
[debug] [2026-04-22T19:28:42.026Z] <<< [apiv2][status] POST https://developerknowledge.googleapis.com/mcp 200
[debug] [2026-04-22T19:28:42.026Z] <<< [apiv2][body] POST https://developerknowledge.googleapis.com/mcp {"id":1,"jsonrpc":"2.0","result":{"tools":[{"annotations":{"destructiveHint":false,"idempotentHint":true,"openWorldHint":false,"readOnlyHint":true},"description":"Use this tool to find documentation about Google developer products. The documents contain official APIs, code snippets, release notes, best practices, guides, debugging info, and more. It covers the following products and domains:\n\n\n* ADK: adk.dev\n\n* Android: developer.android.com\n\n* Apigee: docs.apigee.com\n\n* Chrome: developer.chrome.com\n\n* Firebase: firebase.google.com\n\n* Fuchsia: fuchsia.dev\n\n* Go: go.dev\n\n* Google AI: ai.google.dev\n\n* Google Cloud: docs.cloud.google.com\n\n* Google Developers, Ads, Search, Google Maps, Youtube: developers.google.com\n\n* Google Home: developers.home.google.com\n\n* TensorFlow: www.tensorflow.org\n\n* Web: web.dev\n\n\nThis tool returns chunks of text, names, and URLs for matching documents. If the returned chunks are not detailed enough to answer the user's question, use `get_documents` with the `parent` from this tool's output to retrieve the full document content.\n","inputSchema":{"description":"Request schema for search_documents. Use the query field to search for related Google developer documentation.","properties":{"query":{"description":"Required. The raw query string provided by the user, such as \"How to create a Cloud Storage bucket?\".","type":"string"}},"required":["query"],"type":"object"},"name":"search_documents","outputSchema":{"$defs":{"DocumentChunk":{"description":"A DocumentChunk represents a piece of content from a Document in the DeveloperKnowledge corpus. To fetch the entire document content, pass the `parent` to get_document or batch_get_documents.","properties":{"content":{"description":"Output only. The content of the document chunk.","readOnly":true,"type":"string"},"id":{"description":"Output only. The ID of this chunk within the document. The chunk ID is unique within a document, but not globally unique across documents. The chunk ID is not stable and may change over time.","readOnly":true,"type":"string"},"parent":{"description":"Output only. The resource name of the document this chunk is from. Format: `documents/{uri_without_scheme}` Example: `documents/docs.cloud.google.com/storage/docs/creating-buckets`","readOnly":true,"type":"string"}},"type":"object"}},"description":"Response schema for search_documents.","properties":{"results":{"description":"The search results for the given query. Each Document in this list contains a snippet of content relevant to the search query. Use the DocumentChunk.name field of each result with get_documents to retrieve the full document content.","items":{"$ref":"#/$defs/DocumentChunk"},"type":"array"}},"type":"object"}},{"annotations":{"destructiveHint":false,"idempotentHint":true,"openWorldHint":false,"readOnlyHint":true},"description":"Use answer_query to get a grounded answer to a query about Google developer products. This tool has limited quota. This tool will synthesize information from the corpus to generate an answer to the query. answer_query grounds answers using the same corpus as search_documents. If you get a 429 out of quota error, use search_documents instead.","inputSchema":{"description":"Request message for AnswerQuery.","properties":{"query":{"description":"Required. The query to answer.","type":"string"}},"required":["query"],"type":"object"},"name":"answer_query","outputSchema":{"description":"Response message for AnswerQuery.","properties":{"answerText":{"description":"The answer to the query.","type":"string"}},"type":"object"}},{"annotations":{"destructiveHint":false,"idempotentHint":true,"openWorldHint":false,"readOnlyHint":true},"description":"Use this tool to retrieve the full content of a single document or up to 20 documents in a single call. The document names should be obtained from the `parent` field of results from a call to the `search_documents` tool. Set the `names` parameter to a list of document names.","inputSchema":{"description":"Request schema for get_documents.","properties":{"names":{"description":"Required. The names of the documents to retrieve, as returned by search_documents. A maximum of 20 documents can be retrieved in one call. The documents are returned in the same order as the `names` in the request. Format: `documents/{uri_without_scheme}` Example: `documents/docs.cloud.google.com/storage/docs/creating-buckets`","items":{"type":"string"},"type":"array"}},"required":["names"],"type":"object"},"name":"get_documents","outputSchema":{"$defs":{"Document":{"description":"A Document represents a piece of content from the Developer Knowledge corpus.","properties":{"content":{"description":"Output only. The content of the document in Markdown format.","readOnly":true,"type":"string"},"description":{"description":"Output only. A description of the document.","readOnly":true,"type":"string"},"name":{"description":"Identifier. The resource name of the document. Format: `documents/{uri_without_scheme}` Example: `documents/docs.cloud.google.com/storage/docs/creating-buckets`","type":"string","x-google-identifier":true},"title":{"description":"Output only. The title of the document.","readOnly":true,"type":"string"},"uri":{"description":"Output only. The URI of the content, such as `https://cloud.google.com/storage/docs/creating-buckets`.","readOnly":true,"type":"string"}},"type":"object"}},"description":"Response schema for get_documents.","properties":{"documents":{"description":"Documents requested.","items":{"$ref":"#/$defs/Document"},"type":"array"}},"type":"object"}}]}}
[debug] [2026-04-22T19:28:42.027Z] > command requires scopes: ["email","openid","https://www.googleapis.com/auth/cloudplatformprojects.readonly","https://www.googleapis.com/auth/firebase","https://www.googleapis.com/auth/cloud-platform"]
[debug] [2026-04-22T19:28:42.027Z] > authorizing via signed-in user (kthompson@socfoundry.com)
[debug] [2026-04-22T19:29:00.604Z] > command requires scopes: ["email","openid","https://www.googleapis.com/auth/cloudplatformprojects.readonly","https://www.googleapis.com/auth/firebase","https://www.googleapis.com/auth/cloud-platform"]
[debug] [2026-04-22T19:29:00.605Z] > authorizing via signed-in user (kthompson@socfoundry.com)
[debug] [2026-04-22T19:29:00.605Z] > command requires scopes: ["email","openid","https://www.googleapis.com/auth/cloudplatformprojects.readonly","https://www.googleapis.com/auth/firebase","https://www.googleapis.com/auth/cloud-platform"]
[debug] [2026-04-22T19:29:00.606Z] > authorizing via signed-in user (kthompson@socfoundry.com)
[debug] [2026-04-22T19:29:00.613Z] > command requires scopes: ["email","openid","https://www.googleapis.com/auth/cloudplatformprojects.readonly","https://www.googleapis.com/auth/firebase","https://www.googleapis.com/auth/cloud-platform"]
[debug] [2026-04-22T19:29:00.613Z] > authorizing via signed-in user (kthompson@socfoundry.com)
[debug] [2026-04-22T19:29:00.713Z] Checked if tokens are valid: false, expires at: 1776003429427
[debug] [2026-04-22T19:29:00.713Z] Checked if tokens are valid: false, expires at: 1776003429427
[debug] [2026-04-22T19:29:00.714Z] > refreshing access token with scopes: []
[debug] [2026-04-22T19:29:00.715Z] >>> [apiv2][query] POST https://www.googleapis.com/oauth2/v3/token [none]
[debug] [2026-04-22T19:29:00.715Z] >>> [apiv2][body] POST https://www.googleapis.com/oauth2/v3/token [omitted]
[debug] [2026-04-22T19:29:00.719Z] Checked if tokens are valid: false, expires at: 1776003429427
[debug] [2026-04-22T19:29:00.719Z] Checked if tokens are valid: false, expires at: 1776003429427
[debug] [2026-04-22T19:29:00.719Z] > refreshing access token with scopes: []
[debug] [2026-04-22T19:29:00.719Z] >>> [apiv2][query] POST https://www.googleapis.com/oauth2/v3/token [none]
[debug] [2026-04-22T19:29:00.719Z] >>> [apiv2][body] POST https://www.googleapis.com/oauth2/v3/token [omitted]
[debug] [2026-04-22T19:29:00.723Z] Checked if tokens are valid: false, expires at: 1776003429427
[debug] [2026-04-22T19:29:00.723Z] Checked if tokens are valid: false, expires at: 1776003429427
[debug] [2026-04-22T19:29:00.723Z] > refreshing access token with scopes: []
[debug] [2026-04-22T19:29:00.723Z] >>> [apiv2][query] POST https://www.googleapis.com/oauth2/v3/token [none]
[debug] [2026-04-22T19:29:00.723Z] >>> [apiv2][body] POST https://www.googleapis.com/oauth2/v3/token [omitted]
[debug] [2026-04-22T19:29:00.845Z] <<< [apiv2][status] POST https://www.googleapis.com/oauth2/v3/token 400
[debug] [2026-04-22T19:29:00.845Z] <<< [apiv2][body] POST https://www.googleapis.com/oauth2/v3/token [omitted]
[error] Authentication Error: Your credentials are no longer valid. Please run firebase login --reauth

For CI servers and headless environments, generate a new token with firebase login:ci
[error] Authentication Error: Your credentials are no longer valid. Please run firebase login --reauth

For CI servers and headless environments, generate a new token with firebase login:ci
[debug] [2026-04-22T19:29:00.847Z] <<< [apiv2][status] POST https://www.googleapis.com/oauth2/v3/token 400
[debug] [2026-04-22T19:29:00.847Z] <<< [apiv2][body] POST https://www.googleapis.com/oauth2/v3/token [omitted]
[error] Authentication Error: Your credentials are no longer valid. Please run firebase login --reauth

For CI servers and headless environments, generate a new token with firebase login:ci
[error] Authentication Error: Your credentials are no longer valid. Please run firebase login --reauth

For CI servers and headless environments, generate a new token with firebase login:ci
[debug] [2026-04-22T19:29:00.847Z] <<< [apiv2][status] POST https://www.googleapis.com/oauth2/v3/token 400
[debug] [2026-04-22T19:29:00.848Z] <<< [apiv2][body] POST https://www.googleapis.com/oauth2/v3/token [omitted]
[error] Authentication Error: Your credentials are no longer valid. Please run firebase login --reauth

For CI servers and headless environments, generate a new token with firebase login:ci
[error] Authentication Error: Your credentials are no longer valid. Please run firebase login --reauth

For CI servers and headless environments, generate a new token with firebase login:ci
[debug] [2026-04-22T19:29:00.890Z] > command requires scopes: ["email","openid","https://www.googleapis.com/auth/cloudplatformprojects.readonly","https://www.googleapis.com/auth/firebase","https://www.googleapis.com/auth/cloud-platform"]
[debug] [2026-04-22T19:29:00.891Z] > authorizing via signed-in user (kthompson@socfoundry.com)
[debug] [2026-04-22T19:29:00.891Z] >>> [apiv2][query] POST https://developerknowledge.googleapis.com/mcp [none]
[debug] [2026-04-22T19:29:00.891Z] >>> [apiv2][body] POST https://developerknowledge.googleapis.com/mcp {"method":"tools/list","jsonrpc":"2.0","id":1}
[debug] [2026-04-22T19:29:00.895Z] > command requires scopes: ["email","openid","https://www.googleapis.com/auth/cloudplatformprojects.readonly","https://www.googleapis.com/auth/firebase","https://www.googleapis.com/auth/cloud-platform"]
[debug] [2026-04-22T19:29:00.895Z] > authorizing via signed-in user (kthompson@socfoundry.com)
[debug] [2026-04-22T19:29:00.895Z] > command requires scopes: ["email","openid","https://www.googleapis.com/auth/cloudplatformprojects.readonly","https://www.googleapis.com/auth/firebase","https://www.googleapis.com/auth/cloud-platform"]
[debug] [2026-04-22T19:29:00.895Z] > authorizing via signed-in user (kthompson@socfoundry.com)
[debug] [2026-04-22T19:29:01.030Z] <<< [apiv2][status] POST https://developerknowledge.googleapis.com/mcp 200
[debug] [2026-04-22T19:29:01.030Z] <<< [apiv2][body] POST https://developerknowledge.googleapis.com/mcp {"id":1,"jsonrpc":"2.0","result":{"tools":[{"annotations":{"destructiveHint":false,"idempotentHint":true,"openWorldHint":false,"readOnlyHint":true},"description":"Use this tool to find documentation about Google developer products. The documents contain official APIs, code snippets, release notes, best practices, guides, debugging info, and more. It covers the following products and domains:\n\n\n* ADK: adk.dev\n\n* Android: developer.android.com\n\n* Apigee: docs.apigee.com\n\n* Chrome: developer.chrome.com\n\n* Firebase: firebase.google.com\n\n* Fuchsia: fuchsia.dev\n\n* Go: go.dev\n\n* Google AI: ai.google.dev\n\n* Google Cloud: docs.cloud.google.com\n\n* Google Developers, Ads, Search, Google Maps, Youtube: developers.google.com\n\n* Google Home: developers.home.google.com\n\n* TensorFlow: www.tensorflow.org\n\n* Web: web.dev\n\n\nThis tool returns chunks of text, names, and URLs for matching documents. If the returned chunks are not detailed enough to answer the user's question, use `get_documents` with the `parent` from this tool's output to retrieve the full document content.\n","inputSchema":{"description":"Request schema for search_documents. Use the query field to search for related Google developer documentation.","properties":{"query":{"description":"Required. The raw query string provided by the user, such as \"How to create a Cloud Storage bucket?\".","type":"string"}},"required":["query"],"type":"object"},"name":"search_documents","outputSchema":{"$defs":{"DocumentChunk":{"description":"A DocumentChunk represents a piece of content from a Document in the DeveloperKnowledge corpus. To fetch the entire document content, pass the `parent` to get_document or batch_get_documents.","properties":{"content":{"description":"Output only. The content of the document chunk.","readOnly":true,"type":"string"},"id":{"description":"Output only. The ID of this chunk within the document. The chunk ID is unique within a document, but not globally unique across documents. The chunk ID is not stable and may change over time.","readOnly":true,"type":"string"},"parent":{"description":"Output only. The resource name of the document this chunk is from. Format: `documents/{uri_without_scheme}` Example: `documents/docs.cloud.google.com/storage/docs/creating-buckets`","readOnly":true,"type":"string"}},"type":"object"}},"description":"Response schema for search_documents.","properties":{"results":{"description":"The search results for the given query. Each Document in this list contains a snippet of content relevant to the search query. Use the DocumentChunk.name field of each result with get_documents to retrieve the full document content.","items":{"$ref":"#/$defs/DocumentChunk"},"type":"array"}},"type":"object"}},{"annotations":{"destructiveHint":false,"idempotentHint":true,"openWorldHint":false,"readOnlyHint":true},"description":"Use answer_query to get a grounded answer to a query about Google developer products. This tool has limited quota. This tool will synthesize information from the corpus to generate an answer to the query. answer_query grounds answers using the same corpus as search_documents. If you get a 429 out of quota error, use search_documents instead.","inputSchema":{"description":"Request message for AnswerQuery.","properties":{"query":{"description":"Required. The query to answer.","type":"string"}},"required":["query"],"type":"object"},"name":"answer_query","outputSchema":{"description":"Response message for AnswerQuery.","properties":{"answerText":{"description":"The answer to the query.","type":"string"}},"type":"object"}},{"annotations":{"destructiveHint":false,"idempotentHint":true,"openWorldHint":false,"readOnlyHint":true},"description":"Use this tool to retrieve the full content of a single document or up to 20 documents in a single call. The document names should be obtained from the `parent` field of results from a call to the `search_documents` tool. Set the `names` parameter to a list of document names.","inputSchema":{"description":"Request schema for get_documents.","properties":{"names":{"description":"Required. The names of the documents to retrieve, as returned by search_documents. A maximum of 20 documents can be retrieved in one call. The documents are returned in the same order as the `names` in the request. Format: `documents/{uri_without_scheme}` Example: `documents/docs.cloud.google.com/storage/docs/creating-buckets`","items":{"type":"string"},"type":"array"}},"required":["names"],"type":"object"},"name":"get_documents","outputSchema":{"$defs":{"Document":{"description":"A Document represents a piece of content from the Developer Knowledge corpus.","properties":{"content":{"description":"Output only. The content of the document in Markdown format.","readOnly":true,"type":"string"},"description":{"description":"Output only. A description of the document.","readOnly":true,"type":"string"},"name":{"description":"Identifier. The resource name of the document. Format: `documents/{uri_without_scheme}` Example: `documents/docs.cloud.google.com/storage/docs/creating-buckets`","type":"string","x-google-identifier":true},"title":{"description":"Output only. The title of the document.","readOnly":true,"type":"string"},"uri":{"description":"Output only. The URI of the content, such as `https://cloud.google.com/storage/docs/creating-buckets`.","readOnly":true,"type":"string"}},"type":"object"}},"description":"Response schema for get_documents.","properties":{"documents":{"description":"Documents requested.","items":{"$ref":"#/$defs/Document"},"type":"array"}},"type":"object"}}]}}
[debug] [2026-04-22T19:29:01.032Z] > command requires scopes: ["email","openid","https://www.googleapis.com/auth/cloudplatformprojects.readonly","https://www.googleapis.com/auth/firebase","https://www.googleapis.com/auth/cloud-platform"]
[debug] [2026-04-22T19:29:01.032Z] > authorizing via signed-in user (kthompson@socfoundry.com)
[debug] [2026-04-22T19:29:21.859Z] > command requires scopes: ["email","openid","https://www.googleapis.com/auth/cloudplatformprojects.readonly","https://www.googleapis.com/auth/firebase","https://www.googleapis.com/auth/cloud-platform"]
[debug] [2026-04-22T19:29:21.860Z] > authorizing via signed-in user (kthompson@socfoundry.com)
[debug] [2026-04-22T19:29:21.860Z] > command requires scopes: ["email","openid","https://www.googleapis.com/auth/cloudplatformprojects.readonly","https://www.googleapis.com/auth/firebase","https://www.googleapis.com/auth/cloud-platform"]
[debug] [2026-04-22T19:29:21.860Z] > authorizing via signed-in user (kthompson@socfoundry.com)
[debug] [2026-04-22T19:29:21.867Z] > command requires scopes: ["email","openid","https://www.googleapis.com/auth/cloudplatformprojects.readonly","https://www.googleapis.com/auth/firebase","https://www.googleapis.com/auth/cloud-platform"]
[debug] [2026-04-22T19:29:21.867Z] > authorizing via signed-in user (kthompson@socfoundry.com)
[debug] [2026-04-22T19:29:21.940Z] Checked if tokens are valid: false, expires at: 1776003429427
[debug] [2026-04-22T19:29:21.940Z] Checked if tokens are valid: false, expires at: 1776003429427
[debug] [2026-04-22T19:29:21.940Z] > refreshing access token with scopes: []
[debug] [2026-04-22T19:29:21.941Z] >>> [apiv2][query] POST https://www.googleapis.com/oauth2/v3/token [none]
[debug] [2026-04-22T19:29:21.941Z] >>> [apiv2][body] POST https://www.googleapis.com/oauth2/v3/token [omitted]
[debug] [2026-04-22T19:29:21.944Z] Checked if tokens are valid: false, expires at: 1776003429427
[debug] [2026-04-22T19:29:21.944Z] Checked if tokens are valid: false, expires at: 1776003429427
[debug] [2026-04-22T19:29:21.944Z] > refreshing access token with scopes: []
[debug] [2026-04-22T19:29:21.944Z] >>> [apiv2][query] POST https://www.googleapis.com/oauth2/v3/token [none]
[debug] [2026-04-22T19:29:21.944Z] >>> [apiv2][body] POST https://www.googleapis.com/oauth2/v3/token [omitted]
[debug] [2026-04-22T19:29:21.947Z] Checked if tokens are valid: false, expires at: 1776003429427
[debug] [2026-04-22T19:29:21.947Z] Checked if tokens are valid: false, expires at: 1776003429427
[debug] [2026-04-22T19:29:21.947Z] > refreshing access token with scopes: []
[debug] [2026-04-22T19:29:21.947Z] >>> [apiv2][query] POST https://www.googleapis.com/oauth2/v3/token [none]
[debug] [2026-04-22T19:29:21.947Z] >>> [apiv2][body] POST https://www.googleapis.com/oauth2/v3/token [omitted]
[debug] [2026-04-22T19:29:22.133Z] <<< [apiv2][status] POST https://www.googleapis.com/oauth2/v3/token 400
[debug] [2026-04-22T19:29:22.133Z] <<< [apiv2][body] POST https://www.googleapis.com/oauth2/v3/token [omitted]
[error] Authentication Error: Your credentials are no longer valid. Please run firebase login --reauth

For CI servers and headless environments, generate a new token with firebase login:ci
[error] Authentication Error: Your credentials are no longer valid. Please run firebase login --reauth

For CI servers and headless environments, generate a new token with firebase login:ci
[debug] [2026-04-22T19:29:22.139Z] <<< [apiv2][status] POST https://www.googleapis.com/oauth2/v3/token 400
[debug] [2026-04-22T19:29:22.139Z] <<< [apiv2][body] POST https://www.googleapis.com/oauth2/v3/token [omitted]
[error] Authentication Error: Your credentials are no longer valid. Please run firebase login --reauth

For CI servers and headless environments, generate a new token with firebase login:ci
[error] Authentication Error: Your credentials are no longer valid. Please run firebase login --reauth

For CI servers and headless environments, generate a new token with firebase login:ci
[debug] [2026-04-22T19:29:22.156Z] <<< [apiv2][status] POST https://www.googleapis.com/oauth2/v3/token 400
[debug] [2026-04-22T19:29:22.156Z] <<< [apiv2][body] POST https://www.googleapis.com/oauth2/v3/token [omitted]
[error] Authentication Error: Your credentials are no longer valid. Please run firebase login --reauth

For CI servers and headless environments, generate a new token with firebase login:ci
[error] Authentication Error: Your credentials are no longer valid. Please run firebase login --reauth

For CI servers and headless environments, generate a new token with firebase login:ci
[debug] [2026-04-22T19:29:22.184Z] > command requires scopes: ["email","openid","https://www.googleapis.com/auth/cloudplatformprojects.readonly","https://www.googleapis.com/auth/firebase","https://www.googleapis.com/auth/cloud-platform"]
[debug] [2026-04-22T19:29:22.185Z] > authorizing via signed-in user (kthompson@socfoundry.com)
[debug] [2026-04-22T19:29:22.185Z] >>> [apiv2][query] POST https://developerknowledge.googleapis.com/mcp [none]
[debug] [2026-04-22T19:29:22.185Z] >>> [apiv2][body] POST https://developerknowledge.googleapis.com/mcp {"method":"tools/list","jsonrpc":"2.0","id":1}
[debug] [2026-04-22T19:29:22.197Z] > command requires scopes: ["email","openid","https://www.googleapis.com/auth/cloudplatformprojects.readonly","https://www.googleapis.com/auth/firebase","https://www.googleapis.com/auth/cloud-platform"]
[debug] [2026-04-22T19:29:22.197Z] > authorizing via signed-in user (kthompson@socfoundry.com)
[debug] [2026-04-22T19:29:22.197Z] > command requires scopes: ["email","openid","https://www.googleapis.com/auth/cloudplatformprojects.readonly","https://www.googleapis.com/auth/firebase","https://www.googleapis.com/auth/cloud-platform"]
[debug] [2026-04-22T19:29:22.197Z] > authorizing via signed-in user (kthompson@socfoundry.com)
[debug] [2026-04-22T19:29:22.296Z] <<< [apiv2][status] POST https://developerknowledge.googleapis.com/mcp 200
[debug] [2026-04-22T19:29:22.296Z] <<< [apiv2][body] POST https://developerknowledge.googleapis.com/mcp {"id":1,"jsonrpc":"2.0","result":{"tools":[{"annotations":{"destructiveHint":false,"idempotentHint":true,"openWorldHint":false,"readOnlyHint":true},"description":"Use this tool to find documentation about Google developer products. The documents contain official APIs, code snippets, release notes, best practices, guides, debugging info, and more. It covers the following products and domains:\n\n\n* ADK: adk.dev\n\n* Android: developer.android.com\n\n* Apigee: docs.apigee.com\n\n* Chrome: developer.chrome.com\n\n* Firebase: firebase.google.com\n\n* Fuchsia: fuchsia.dev\n\n* Go: go.dev\n\n* Google AI: ai.google.dev\n\n* Google Cloud: docs.cloud.google.com\n\n* Google Developers, Ads, Search, Google Maps, Youtube: developers.google.com\n\n* Google Home: developers.home.google.com\n\n* TensorFlow: www.tensorflow.org\n\n* Web: web.dev\n\n\nThis tool returns chunks of text, names, and URLs for matching documents. If the returned chunks are not detailed enough to answer the user's question, use `get_documents` with the `parent` from this tool's output to retrieve the full document content.\n","inputSchema":{"description":"Request schema for search_documents. Use the query field to search for related Google developer documentation.","properties":{"query":{"description":"Required. The raw query string provided by the user, such as \"How to create a Cloud Storage bucket?\".","type":"string"}},"required":["query"],"type":"object"},"name":"search_documents","outputSchema":{"$defs":{"DocumentChunk":{"description":"A DocumentChunk represents a piece of content from a Document in the DeveloperKnowledge corpus. To fetch the entire document content, pass the `parent` to get_document or batch_get_documents.","properties":{"content":{"description":"Output only. The content of the document chunk.","readOnly":true,"type":"string"},"id":{"description":"Output only. The ID of this chunk within the document. The chunk ID is unique within a document, but not globally unique across documents. The chunk ID is not stable and may change over time.","readOnly":true,"type":"string"},"parent":{"description":"Output only. The resource name of the document this chunk is from. Format: `documents/{uri_without_scheme}` Example: `documents/docs.cloud.google.com/storage/docs/creating-buckets`","readOnly":true,"type":"string"}},"type":"object"}},"description":"Response schema for search_documents.","properties":{"results":{"description":"The search results for the given query. Each Document in this list contains a snippet of content relevant to the search query. Use the DocumentChunk.name field of each result with get_documents to retrieve the full document content.","items":{"$ref":"#/$defs/DocumentChunk"},"type":"array"}},"type":"object"}},{"annotations":{"destructiveHint":false,"idempotentHint":true,"openWorldHint":false,"readOnlyHint":true},"description":"Use answer_query to get a grounded answer to a query about Google developer products. This tool has limited quota. This tool will synthesize information from the corpus to generate an answer to the query. answer_query grounds answers using the same corpus as search_documents. If you get a 429 out of quota error, use search_documents instead.","inputSchema":{"description":"Request message for AnswerQuery.","properties":{"query":{"description":"Required. The query to answer.","type":"string"}},"required":["query"],"type":"object"},"name":"answer_query","outputSchema":{"description":"Response message for AnswerQuery.","properties":{"answerText":{"description":"The answer to the query.","type":"string"}},"type":"object"}},{"annotations":{"destructiveHint":false,"idempotentHint":true,"openWorldHint":false,"readOnlyHint":true},"description":"Use this tool to retrieve the full content of a single document or up to 20 documents in a single call. The document names should be obtained from the `parent` field of results from a call to the `search_documents` tool. Set the `names` parameter to a list of document names.","inputSchema":{"description":"Request schema for get_documents.","properties":{"names":{"description":"Required. The names of the documents to retrieve, as returned by search_documents. A maximum of 20 documents can be retrieved in one call. The documents are returned in the same order as the `names` in the request. Format: `documents/{uri_without_scheme}` Example: `documents/docs.cloud.google.com/storage/docs/creating-buckets`","items":{"type":"string"},"type":"array"}},"required":["names"],"type":"object"},"name":"get_documents","outputSchema":{"$defs":{"Document":{"description":"A Document represents a piece of content from the Developer Knowledge corpus.","properties":{"content":{"description":"Output only. The content of the document in Markdown format.","readOnly":true,"type":"string"},"description":{"description":"Output only. A description of the document.","readOnly":true,"type":"string"},"name":{"description":"Identifier. The resource name of the document. Format: `documents/{uri_without_scheme}` Example: `documents/docs.cloud.google.com/storage/docs/creating-buckets`","type":"string","x-google-identifier":true},"title":{"description":"Output only. The title of the document.","readOnly":true,"type":"string"},"uri":{"description":"Output only. The URI of the content, such as `https://cloud.google.com/storage/docs/creating-buckets`.","readOnly":true,"type":"string"}},"type":"object"}},"description":"Response schema for get_documents.","properties":{"documents":{"description":"Documents requested.","items":{"$ref":"#/$defs/Document"},"type":"array"}},"type":"object"}}]}}
[debug] [2026-04-22T19:29:22.301Z] > command requires scopes: ["email","openid","https://www.googleapis.com/auth/cloudplatformprojects.readonly","https://www.googleapis.com/auth/firebase","https://www.googleapis.com/auth/cloud-platform"]
[debug] [2026-04-22T19:29:22.301Z] > authorizing via signed-in user (kthompson@socfoundry.com)
[debug] [2026-04-23T17:09:06.196Z] > command requires scopes: ["email","openid","https://www.googleapis.com/auth/cloudplatformprojects.readonly","https://www.googleapis.com/auth/firebase","https://www.googleapis.com/auth/cloud-platform"]
[debug] [2026-04-23T17:09:06.197Z] > authorizing via signed-in user (kthompson@socfoundry.com)
[debug] [2026-04-23T17:09:06.197Z] > command requires scopes: ["email","openid","https://www.googleapis.com/auth/cloudplatformprojects.readonly","https://www.googleapis.com/auth/firebase","https://www.googleapis.com/auth/cloud-platform"]
[debug] [2026-04-23T17:09:06.197Z] > authorizing via signed-in user (kthompson@socfoundry.com)
[debug] [2026-04-23T17:09:06.205Z] > command requires scopes: ["email","openid","https://www.googleapis.com/auth/cloudplatformprojects.readonly","https://www.googleapis.com/auth/firebase","https://www.googleapis.com/auth/cloud-platform"]
[debug] [2026-04-23T17:09:06.205Z] > authorizing via signed-in user (kthompson@socfoundry.com)
[debug] [2026-04-23T17:09:06.283Z] Checked if tokens are valid: false, expires at: 1776003429427
[debug] [2026-04-23T17:09:06.283Z] Checked if tokens are valid: false, expires at: 1776003429427
[debug] [2026-04-23T17:09:06.283Z] > refreshing access token with scopes: []
[debug] [2026-04-23T17:09:06.284Z] >>> [apiv2][query] POST https://www.googleapis.com/oauth2/v3/token [none]
[debug] [2026-04-23T17:09:06.284Z] >>> [apiv2][body] POST https://www.googleapis.com/oauth2/v3/token [omitted]
[debug] [2026-04-23T17:09:06.287Z] Checked if tokens are valid: false, expires at: 1776003429427
[debug] [2026-04-23T17:09:06.287Z] Checked if tokens are valid: false, expires at: 1776003429427
[debug] [2026-04-23T17:09:06.287Z] > refreshing access token with scopes: []
[debug] [2026-04-23T17:09:06.288Z] >>> [apiv2][query] POST https://www.googleapis.com/oauth2/v3/token [none]
[debug] [2026-04-23T17:09:06.288Z] >>> [apiv2][body] POST https://www.googleapis.com/oauth2/v3/token [omitted]
[debug] [2026-04-23T17:09:06.292Z] Checked if tokens are valid: false, expires at: 1776003429427
[debug] [2026-04-23T17:09:06.292Z] Checked if tokens are valid: false, expires at: 1776003429427
[debug] [2026-04-23T17:09:06.292Z] > refreshing access token with scopes: []
[debug] [2026-04-23T17:09:06.292Z] >>> [apiv2][query] POST https://www.googleapis.com/oauth2/v3/token [none]
[debug] [2026-04-23T17:09:06.292Z] >>> [apiv2][body] POST https://www.googleapis.com/oauth2/v3/token [omitted]
[debug] [2026-04-23T17:09:06.450Z] <<< [apiv2][status] POST https://www.googleapis.com/oauth2/v3/token 400
[debug] [2026-04-23T17:09:06.450Z] <<< [apiv2][body] POST https://www.googleapis.com/oauth2/v3/token [omitted]
[error] Authentication Error: Your credentials are no longer valid. Please run firebase login --reauth

For CI servers and headless environments, generate a new token with firebase login:ci
[error] Authentication Error: Your credentials are no longer valid. Please run firebase login --reauth

For CI servers and headless environments, generate a new token with firebase login:ci
[debug] [2026-04-23T17:09:06.450Z] <<< [apiv2][status] POST https://www.googleapis.com/oauth2/v3/token 400
[debug] [2026-04-23T17:09:06.450Z] <<< [apiv2][body] POST https://www.googleapis.com/oauth2/v3/token [omitted]
[error] Authentication Error: Your credentials are no longer valid. Please run firebase login --reauth

For CI servers and headless environments, generate a new token with firebase login:ci
[error] Authentication Error: Your credentials are no longer valid. Please run firebase login --reauth

For CI servers and headless environments, generate a new token with firebase login:ci
[debug] [2026-04-23T17:09:06.452Z] <<< [apiv2][status] POST https://www.googleapis.com/oauth2/v3/token 400
[debug] [2026-04-23T17:09:06.452Z] <<< [apiv2][body] POST https://www.googleapis.com/oauth2/v3/token [omitted]
[error] Authentication Error: Your credentials are no longer valid. Please run firebase login --reauth

For CI servers and headless environments, generate a new token with firebase login:ci
[error] Authentication Error: Your credentials are no longer valid. Please run firebase login --reauth

For CI servers and headless environments, generate a new token with firebase login:ci
[debug] [2026-04-23T17:09:06.494Z] > command requires scopes: ["email","openid","https://www.googleapis.com/auth/cloudplatformprojects.readonly","https://www.googleapis.com/auth/firebase","https://www.googleapis.com/auth/cloud-platform"]
[debug] [2026-04-23T17:09:06.494Z] > authorizing via signed-in user (kthompson@socfoundry.com)
[debug] [2026-04-23T17:09:06.494Z] >>> [apiv2][query] POST https://developerknowledge.googleapis.com/mcp [none]
[debug] [2026-04-23T17:09:06.495Z] >>> [apiv2][body] POST https://developerknowledge.googleapis.com/mcp {"method":"tools/list","jsonrpc":"2.0","id":1}
[debug] [2026-04-23T17:09:06.505Z] > command requires scopes: ["email","openid","https://www.googleapis.com/auth/cloudplatformprojects.readonly","https://www.googleapis.com/auth/firebase","https://www.googleapis.com/auth/cloud-platform"]
[debug] [2026-04-23T17:09:06.505Z] > authorizing via signed-in user (kthompson@socfoundry.com)
[debug] [2026-04-23T17:09:06.505Z] > command requires scopes: ["email","openid","https://www.googleapis.com/auth/cloudplatformprojects.readonly","https://www.googleapis.com/auth/firebase","https://www.googleapis.com/auth/cloud-platform"]
[debug] [2026-04-23T17:09:06.505Z] > authorizing via signed-in user (kthompson@socfoundry.com)
[debug] [2026-04-23T17:09:06.671Z] <<< [apiv2][status] POST https://developerknowledge.googleapis.com/mcp 200
[debug] [2026-04-23T17:09:06.671Z] <<< [apiv2][body] POST https://developerknowledge.googleapis.com/mcp {"id":1,"jsonrpc":"2.0","result":{"tools":[{"annotations":{"destructiveHint":false,"idempotentHint":true,"openWorldHint":false,"readOnlyHint":true},"description":"Use this tool to find documentation about Google developer products. The documents contain official APIs, code snippets, release notes, best practices, guides, debugging info, and more. It covers the following products and domains:\n\n\n* ADK: adk.dev\n\n* Android: developer.android.com\n\n* Apigee: docs.apigee.com\n\n* Chrome: developer.chrome.com\n\n* Firebase: firebase.google.com\n\n* Fuchsia: fuchsia.dev\n\n* Go: go.dev\n\n* Google AI: ai.google.dev\n\n* Google Cloud: docs.cloud.google.com\n\n* Google Developers, Ads, Search, Google Maps, Youtube: developers.google.com\n\n* Google Home: developers.home.google.com\n\n* TensorFlow: www.tensorflow.org\n\n* Web: web.dev\n\n\nThis tool returns chunks of text, names, and URLs for matching documents. If the returned chunks are not detailed enough to answer the user's question, use `get_documents` with the `parent` from this tool's output to retrieve the full document content.\n","inputSchema":{"description":"Request schema for search_documents. Use the query field to search for related Google developer documentation.","properties":{"query":{"description":"Required. The raw query string provided by the user, such as \"How to create a Cloud Storage bucket?\".","type":"string"}},"required":["query"],"type":"object"},"name":"search_documents","outputSchema":{"$defs":{"DocumentChunk":{"description":"A DocumentChunk represents a piece of content from a Document in the DeveloperKnowledge corpus. To fetch the entire document content, pass the `parent` to get_document or batch_get_documents.","properties":{"content":{"description":"Output only. The content of the document chunk.","readOnly":true,"type":"string"},"id":{"description":"Output only. The ID of this chunk within the document. The chunk ID is unique within a document, but not globally unique across documents. The chunk ID is not stable and may change over time.","readOnly":true,"type":"string"},"parent":{"description":"Output only. The resource name of the document this chunk is from. Format: `documents/{uri_without_scheme}` Example: `documents/docs.cloud.google.com/storage/docs/creating-buckets`","readOnly":true,"type":"string"}},"type":"object"}},"description":"Response schema for search_documents.","properties":{"results":{"description":"The search results for the given query. Each Document in this list contains a snippet of content relevant to the search query. Use the DocumentChunk.name field of each result with get_documents to retrieve the full document content.","items":{"$ref":"#/$defs/DocumentChunk"},"type":"array"}},"type":"object"}},{"annotations":{"destructiveHint":false,"idempotentHint":true,"openWorldHint":false,"readOnlyHint":true},"description":"Use answer_query to get a grounded answer to a query about Google developer products. This tool has limited quota. This tool will synthesize information from the corpus to generate an answer to the query. answer_query grounds answers using the same corpus as search_documents. If you get a 429 out of quota error, use search_documents instead.","inputSchema":{"description":"Request message for AnswerQuery.","properties":{"query":{"description":"Required. The query to answer.","type":"string"}},"required":["query"],"type":"object"},"name":"answer_query","outputSchema":{"description":"Response message for AnswerQuery.","properties":{"answerText":{"description":"The answer to the query.","type":"string"}},"type":"object"}},{"annotations":{"destructiveHint":false,"idempotentHint":true,"openWorldHint":false,"readOnlyHint":true},"description":"Use this tool to retrieve the full content of a single document or up to 20 documents in a single call. The document names should be obtained from the `parent` field of results from a call to the `search_documents` tool. Set the `names` parameter to a list of document names.","inputSchema":{"description":"Request schema for get_documents.","properties":{"names":{"description":"Required. The names of the documents to retrieve, as returned by search_documents. A maximum of 20 documents can be retrieved in one call. The documents are returned in the same order as the `names` in the request. Format: `documents/{uri_without_scheme}` Example: `documents/docs.cloud.google.com/storage/docs/creating-buckets`","items":{"type":"string"},"type":"array"}},"required":["names"],"type":"object"},"name":"get_documents","outputSchema":{"$defs":{"Document":{"description":"A Document represents a piece of content from the Developer Knowledge corpus.","properties":{"content":{"description":"Output only. The content of the document in Markdown format.","readOnly":true,"type":"string"},"description":{"description":"Output only. A description of the document.","readOnly":true,"type":"string"},"name":{"description":"Identifier. The resource name of the document. Format: `documents/{uri_without_scheme}` Example: `documents/docs.cloud.google.com/storage/docs/creating-buckets`","type":"string","x-google-identifier":true},"title":{"description":"Output only. The title of the document.","readOnly":true,"type":"string"},"uri":{"description":"Output only. The URI of the content, such as `https://cloud.google.com/storage/docs/creating-buckets`.","readOnly":true,"type":"string"}},"type":"object"}},"description":"Response schema for get_documents.","properties":{"documents":{"description":"Documents requested.","items":{"$ref":"#/$defs/Document"},"type":"array"}},"type":"object"}}]}}
[debug] [2026-04-23T17:09:06.672Z] > command requires scopes: ["email","openid","https://www.googleapis.com/auth/cloudplatformprojects.readonly","https://www.googleapis.com/auth/firebase","https://www.googleapis.com/auth/cloud-platform"]
[debug] [2026-04-23T17:09:06.672Z] > authorizing via signed-in user (kthompson@socfoundry.com)
[debug] [2026-04-23T17:26:17.567Z] > command requires scopes: ["email","openid","https://www.googleapis.com/auth/cloudplatformprojects.readonly","https://www.googleapis.com/auth/firebase","https://www.googleapis.com/auth/cloud-platform"]
[debug] [2026-04-23T17:26:17.568Z] > authorizing via signed-in user (kthompson@socfoundry.com)
[debug] [2026-04-23T17:26:17.568Z] > command requires scopes: ["email","openid","https://www.googleapis.com/auth/cloudplatformprojects.readonly","https://www.googleapis.com/auth/firebase","https://www.googleapis.com/auth/cloud-platform"]
[debug] [2026-04-23T17:26:17.568Z] > authorizing via signed-in user (kthompson@socfoundry.com)
[debug] [2026-04-23T17:26:17.576Z] > command requires scopes: ["email","openid","https://www.googleapis.com/auth/cloudplatformprojects.readonly","https://www.googleapis.com/auth/firebase","https://www.googleapis.com/auth/cloud-platform"]
[debug] [2026-04-23T17:26:17.576Z] > authorizing via signed-in user (kthompson@socfoundry.com)
[debug] [2026-04-23T17:26:17.684Z] Checked if tokens are valid: false, expires at: 1776003429427
[debug] [2026-04-23T17:26:17.684Z] Checked if tokens are valid: false, expires at: 1776003429427
[debug] [2026-04-23T17:26:17.684Z] > refreshing access token with scopes: []
[debug] [2026-04-23T17:26:17.685Z] >>> [apiv2][query] POST https://www.googleapis.com/oauth2/v3/token [none]
[debug] [2026-04-23T17:26:17.685Z] >>> [apiv2][body] POST https://www.googleapis.com/oauth2/v3/token [omitted]
[debug] [2026-04-23T17:26:17.689Z] Checked if tokens are valid: false, expires at: 1776003429427
[debug] [2026-04-23T17:26:17.689Z] Checked if tokens are valid: false, expires at: 1776003429427
[debug] [2026-04-23T17:26:17.689Z] > refreshing access token with scopes: []
[debug] [2026-04-23T17:26:17.689Z] >>> [apiv2][query] POST https://www.googleapis.com/oauth2/v3/token [none]
[debug] [2026-04-23T17:26:17.689Z] >>> [apiv2][body] POST https://www.googleapis.com/oauth2/v3/token [omitted]
[debug] [2026-04-23T17:26:17.693Z] Checked if tokens are valid: false, expires at: 1776003429427
[debug] [2026-04-23T17:26:17.693Z] Checked if tokens are valid: false, expires at: 1776003429427
[debug] [2026-04-23T17:26:17.693Z] > refreshing access token with scopes: []
[debug] [2026-04-23T17:26:17.693Z] >>> [apiv2][query] POST https://www.googleapis.com/oauth2/v3/token [none]
[debug] [2026-04-23T17:26:17.693Z] >>> [apiv2][body] POST https://www.googleapis.com/oauth2/v3/token [omitted]
[debug] [2026-04-23T17:26:17.830Z] <<< [apiv2][status] POST https://www.googleapis.com/oauth2/v3/token 400
[debug] [2026-04-23T17:26:17.830Z] <<< [apiv2][body] POST https://www.googleapis.com/oauth2/v3/token [omitted]
[error] Authentication Error: Your credentials are no longer valid. Please run firebase login --reauth

For CI servers and headless environments, generate a new token with firebase login:ci
[error] Authentication Error: Your credentials are no longer valid. Please run firebase login --reauth

For CI servers and headless environments, generate a new token with firebase login:ci
[debug] [2026-04-23T17:26:17.832Z] <<< [apiv2][status] POST https://www.googleapis.com/oauth2/v3/token 400
[debug] [2026-04-23T17:26:17.832Z] <<< [apiv2][body] POST https://www.googleapis.com/oauth2/v3/token [omitted]
[error] Authentication Error: Your credentials are no longer valid. Please run firebase login --reauth

For CI servers and headless environments, generate a new token with firebase login:ci
[error] Authentication Error: Your credentials are no longer valid. Please run firebase login --reauth

For CI servers and headless environments, generate a new token with firebase login:ci
[debug] [2026-04-23T17:26:17.872Z] <<< [apiv2][status] POST https://www.googleapis.com/oauth2/v3/token 400
[debug] [2026-04-23T17:26:17.872Z] <<< [apiv2][body] POST https://www.googleapis.com/oauth2/v3/token [omitted]
[error] Authentication Error: Your credentials are no longer valid. Please run firebase login --reauth

For CI servers and headless environments, generate a new token with firebase login:ci
[error] Authentication Error: Your credentials are no longer valid. Please run firebase login --reauth

For CI servers and headless environments, generate a new token with firebase login:ci
[debug] [2026-04-23T17:26:17.874Z] > command requires scopes: ["email","openid","https://www.googleapis.com/auth/cloudplatformprojects.readonly","https://www.googleapis.com/auth/firebase","https://www.googleapis.com/auth/cloud-platform"]
[debug] [2026-04-23T17:26:17.874Z] > authorizing via signed-in user (kthompson@socfoundry.com)
[debug] [2026-04-23T17:26:17.874Z] > command requires scopes: ["email","openid","https://www.googleapis.com/auth/cloudplatformprojects.readonly","https://www.googleapis.com/auth/firebase","https://www.googleapis.com/auth/cloud-platform"]
[debug] [2026-04-23T17:26:17.874Z] > authorizing via signed-in user (kthompson@socfoundry.com)
[debug] [2026-04-23T17:26:17.875Z] > command requires scopes: ["email","openid","https://www.googleapis.com/auth/cloudplatformprojects.readonly","https://www.googleapis.com/auth/firebase","https://www.googleapis.com/auth/cloud-platform"]
[debug] [2026-04-23T17:26:17.875Z] > authorizing via signed-in user (kthompson@socfoundry.com)
[debug] [2026-04-23T17:26:17.875Z] >>> [apiv2][query] POST https://developerknowledge.googleapis.com/mcp [none]
[debug] [2026-04-23T17:26:17.875Z] >>> [apiv2][body] POST https://developerknowledge.googleapis.com/mcp {"method":"tools/list","jsonrpc":"2.0","id":1}
[debug] [2026-04-23T17:26:18.025Z] <<< [apiv2][status] POST https://developerknowledge.googleapis.com/mcp 200
[debug] [2026-04-23T17:26:18.025Z] <<< [apiv2][body] POST https://developerknowledge.googleapis.com/mcp {"id":1,"jsonrpc":"2.0","result":{"tools":[{"annotations":{"destructiveHint":false,"idempotentHint":true,"openWorldHint":false,"readOnlyHint":true},"description":"Use this tool to find documentation about Google developer products. The documents contain official APIs, code snippets, release notes, best practices, guides, debugging info, and more. It covers the following products and domains:\n\n\n* ADK: adk.dev\n\n* Android: developer.android.com\n\n* Apigee: docs.apigee.com\n\n* Chrome: developer.chrome.com\n\n* Firebase: firebase.google.com\n\n* Fuchsia: fuchsia.dev\n\n* Go: go.dev\n\n* Google AI: ai.google.dev\n\n* Google Cloud: docs.cloud.google.com\n\n* Google Developers, Ads, Search, Google Maps, Youtube: developers.google.com\n\n* Google Home: developers.home.google.com\n\n* TensorFlow: www.tensorflow.org\n\n* Web: web.dev\n\n\nThis tool returns chunks of text, names, and URLs for matching documents. If the returned chunks are not detailed enough to answer the user's question, use `get_documents` with the `parent` from this tool's output to retrieve the full document content.\n","inputSchema":{"description":"Request schema for search_documents. Use the query field to search for related Google developer documentation.","properties":{"query":{"description":"Required. The raw query string provided by the user, such as \"How to create a Cloud Storage bucket?\".","type":"string"}},"required":["query"],"type":"object"},"name":"search_documents","outputSchema":{"$defs":{"DocumentChunk":{"description":"A DocumentChunk represents a piece of content from a Document in the DeveloperKnowledge corpus. To fetch the entire document content, pass the `parent` to get_document or batch_get_documents.","properties":{"content":{"description":"Output only. The content of the document chunk.","readOnly":true,"type":"string"},"id":{"description":"Output only. The ID of this chunk within the document. The chunk ID is unique within a document, but not globally unique across documents. The chunk ID is not stable and may change over time.","readOnly":true,"type":"string"},"parent":{"description":"Output only. The resource name of the document this chunk is from. Format: `documents/{uri_without_scheme}` Example: `documents/docs.cloud.google.com/storage/docs/creating-buckets`","readOnly":true,"type":"string"}},"type":"object"}},"description":"Response schema for search_documents.","properties":{"results":{"description":"The search results for the given query. Each Document in this list contains a snippet of content relevant to the search query. Use the DocumentChunk.name field of each result with get_documents to retrieve the full document content.","items":{"$ref":"#/$defs/DocumentChunk"},"type":"array"}},"type":"object"}},{"annotations":{"destructiveHint":false,"idempotentHint":true,"openWorldHint":false,"readOnlyHint":true},"description":"Use answer_query to get a grounded answer to a query about Google developer products. This tool has limited quota. This tool will synthesize information from the corpus to generate an answer to the query. answer_query grounds answers using the same corpus as search_documents. If you get a 429 out of quota error, use search_documents instead.","inputSchema":{"description":"Request message for AnswerQuery.","properties":{"query":{"description":"Required. The query to answer.","type":"string"}},"required":["query"],"type":"object"},"name":"answer_query","outputSchema":{"description":"Response message for AnswerQuery.","properties":{"answerText":{"description":"The answer to the query.","type":"string"}},"type":"object"}},{"annotations":{"destructiveHint":false,"idempotentHint":true,"openWorldHint":false,"readOnlyHint":true},"description":"Use this tool to retrieve the full content of a single document or up to 20 documents in a single call. The document names should be obtained from the `parent` field of results from a call to the `search_documents` tool. Set the `names` parameter to a list of document names.","inputSchema":{"description":"Request schema for get_documents.","properties":{"names":{"description":"Required. The names of the documents to retrieve, as returned by search_documents. A maximum of 20 documents can be retrieved in one call. The documents are returned in the same order as the `names` in the request. Format: `documents/{uri_without_scheme}` Example: `documents/docs.cloud.google.com/storage/docs/creating-buckets`","items":{"type":"string"},"type":"array"}},"required":["names"],"type":"object"},"name":"get_documents","outputSchema":{"$defs":{"Document":{"description":"A Document represents a piece of content from the Developer Knowledge corpus.","properties":{"content":{"description":"Output only. The content of the document in Markdown format.","readOnly":true,"type":"string"},"description":{"description":"Output only. A description of the document.","readOnly":true,"type":"string"},"name":{"description":"Identifier. The resource name of the document. Format: `documents/{uri_without_scheme}` Example: `documents/docs.cloud.google.com/storage/docs/creating-buckets`","type":"string","x-google-identifier":true},"title":{"description":"Output only. The title of the document.","readOnly":true,"type":"string"},"uri":{"description":"Output only. The URI of the content, such as `https://cloud.google.com/storage/docs/creating-buckets`.","readOnly":true,"type":"string"}},"type":"object"}},"description":"Response schema for get_documents.","properties":{"documents":{"description":"Documents requested.","items":{"$ref":"#/$defs/Document"},"type":"array"}},"type":"object"}}]}}
[debug] [2026-04-23T17:26:18.026Z] > command requires scopes: ["email","openid","https://www.googleapis.com/auth/cloudplatformprojects.readonly","https://www.googleapis.com/auth/firebase","https://www.googleapis.com/auth/cloud-platform"]
[debug] [2026-04-23T17:26:18.026Z] > authorizing via signed-in user (kthompson@socfoundry.com)
[debug] [2026-04-23T17:51:30.369Z] > command requires scopes: ["email","openid","https://www.googleapis.com/auth/cloudplatformprojects.readonly","https://www.googleapis.com/auth/firebase","https://www.googleapis.com/auth/cloud-platform"]
[debug] [2026-04-23T17:51:30.370Z] > authorizing via signed-in user (kthompson@socfoundry.com)
[debug] [2026-04-23T17:51:30.370Z] > command requires scopes: ["email","openid","https://www.googleapis.com/auth/cloudplatformprojects.readonly","https://www.googleapis.com/auth/firebase","https://www.googleapis.com/auth/cloud-platform"]
[debug] [2026-04-23T17:51:30.370Z] > authorizing via signed-in user (kthompson@socfoundry.com)
[debug] [2026-04-23T17:51:30.377Z] > command requires scopes: ["email","openid","https://www.googleapis.com/auth/cloudplatformprojects.readonly","https://www.googleapis.com/auth/firebase","https://www.googleapis.com/auth/cloud-platform"]
[debug] [2026-04-23T17:51:30.377Z] > authorizing via signed-in user (kthompson@socfoundry.com)
[debug] [2026-04-23T17:51:30.449Z] Checked if tokens are valid: false, expires at: 1776003429427
[debug] [2026-04-23T17:51:30.449Z] Checked if tokens are valid: false, expires at: 1776003429427
[debug] [2026-04-23T17:51:30.450Z] > refreshing access token with scopes: []
[debug] [2026-04-23T17:51:30.450Z] >>> [apiv2][query] POST https://www.googleapis.com/oauth2/v3/token [none]
[debug] [2026-04-23T17:51:30.450Z] >>> [apiv2][body] POST https://www.googleapis.com/oauth2/v3/token [omitted]
[debug] [2026-04-23T17:51:30.453Z] Checked if tokens are valid: false, expires at: 1776003429427
[debug] [2026-04-23T17:51:30.453Z] Checked if tokens are valid: false, expires at: 1776003429427
[debug] [2026-04-23T17:51:30.453Z] > refreshing access token with scopes: []
[debug] [2026-04-23T17:51:30.453Z] >>> [apiv2][query] POST https://www.googleapis.com/oauth2/v3/token [none]
[debug] [2026-04-23T17:51:30.453Z] >>> [apiv2][body] POST https://www.googleapis.com/oauth2/v3/token [omitted]
[debug] [2026-04-23T17:51:30.457Z] Checked if tokens are valid: false, expires at: 1776003429427
[debug] [2026-04-23T17:51:30.457Z] Checked if tokens are valid: false, expires at: 1776003429427
[debug] [2026-04-23T17:51:30.457Z] > refreshing access token with scopes: []
[debug] [2026-04-23T17:51:30.457Z] >>> [apiv2][query] POST https://www.googleapis.com/oauth2/v3/token [none]
[debug] [2026-04-23T17:51:30.457Z] >>> [apiv2][body] POST https://www.googleapis.com/oauth2/v3/token [omitted]
[debug] [2026-04-23T17:51:30.593Z] <<< [apiv2][status] POST https://www.googleapis.com/oauth2/v3/token 400
[debug] [2026-04-23T17:51:30.593Z] <<< [apiv2][body] POST https://www.googleapis.com/oauth2/v3/token [omitted]
[error] Authentication Error: Your credentials are no longer valid. Please run firebase login --reauth

For CI servers and headless environments, generate a new token with firebase login:ci
[error] Authentication Error: Your credentials are no longer valid. Please run firebase login --reauth

For CI servers and headless environments, generate a new token with firebase login:ci
[debug] [2026-04-23T17:51:30.594Z] <<< [apiv2][status] POST https://www.googleapis.com/oauth2/v3/token 400
[debug] [2026-04-23T17:51:30.594Z] <<< [apiv2][body] POST https://www.googleapis.com/oauth2/v3/token [omitted]
[error] Authentication Error: Your credentials are no longer valid. Please run firebase login --reauth

For CI servers and headless environments, generate a new token with firebase login:ci
[error] Authentication Error: Your credentials are no longer valid. Please run firebase login --reauth

For CI servers and headless environments, generate a new token with firebase login:ci
[debug] [2026-04-23T17:51:30.595Z] <<< [apiv2][status] POST https://www.googleapis.com/oauth2/v3/token 400
[debug] [2026-04-23T17:51:30.595Z] <<< [apiv2][body] POST https://www.googleapis.com/oauth2/v3/token [omitted]
[error] Authentication Error: Your credentials are no longer valid. Please run firebase login --reauth

For CI servers and headless environments, generate a new token with firebase login:ci
[error] Authentication Error: Your credentials are no longer valid. Please run firebase login --reauth

For CI servers and headless environments, generate a new token with firebase login:ci
[debug] [2026-04-23T17:51:30.633Z] > command requires scopes: ["email","openid","https://www.googleapis.com/auth/cloudplatformprojects.readonly","https://www.googleapis.com/auth/firebase","https://www.googleapis.com/auth/cloud-platform"]
[debug] [2026-04-23T17:51:30.634Z] > authorizing via signed-in user (kthompson@socfoundry.com)
[debug] [2026-04-23T17:51:30.634Z] > command requires scopes: ["email","openid","https://www.googleapis.com/auth/cloudplatformprojects.readonly","https://www.googleapis.com/auth/firebase","https://www.googleapis.com/auth/cloud-platform"]
[debug] [2026-04-23T17:51:30.634Z] > authorizing via signed-in user (kthompson@socfoundry.com)
[debug] [2026-04-23T17:51:30.635Z] > command requires scopes: ["email","openid","https://www.googleapis.com/auth/cloudplatformprojects.readonly","https://www.googleapis.com/auth/firebase","https://www.googleapis.com/auth/cloud-platform"]
[debug] [2026-04-23T17:51:30.635Z] > authorizing via signed-in user (kthompson@socfoundry.com)
[debug] [2026-04-23T17:51:30.635Z] >>> [apiv2][query] POST https://developerknowledge.googleapis.com/mcp [none]
[debug] [2026-04-23T17:51:30.635Z] >>> [apiv2][body] POST https://developerknowledge.googleapis.com/mcp {"method":"tools/list","jsonrpc":"2.0","id":1}
[debug] [2026-04-23T17:51:30.772Z] <<< [apiv2][status] POST https://developerknowledge.googleapis.com/mcp 200
[debug] [2026-04-23T17:51:30.772Z] <<< [apiv2][body] POST https://developerknowledge.googleapis.com/mcp {"id":1,"jsonrpc":"2.0","result":{"tools":[{"annotations":{"destructiveHint":false,"idempotentHint":true,"openWorldHint":false,"readOnlyHint":true},"description":"Use this tool to find documentation about Google developer products. The documents contain official APIs, code snippets, release notes, best practices, guides, debugging info, and more. It covers the following products and domains:\n\n\n* ADK: adk.dev\n\n* Android: developer.android.com\n\n* Apigee: docs.apigee.com\n\n* Chrome: developer.chrome.com\n\n* Firebase: firebase.google.com\n\n* Fuchsia: fuchsia.dev\n\n* Go: go.dev\n\n* Google AI: ai.google.dev\n\n* Google Cloud: docs.cloud.google.com\n\n* Google Developers, Ads, Search, Google Maps, Youtube: developers.google.com\n\n* Google Home: developers.home.google.com\n\n* TensorFlow: www.tensorflow.org\n\n* Web: web.dev\n\n\nThis tool returns chunks of text, names, and URLs for matching documents. If the returned chunks are not detailed enough to answer the user's question, use `get_documents` with the `parent` from this tool's output to retrieve the full document content.\n","inputSchema":{"description":"Request schema for search_documents. Use the query field to search for related Google developer documentation.","properties":{"query":{"description":"Required. The raw query string provided by the user, such as \"How to create a Cloud Storage bucket?\".","type":"string"}},"required":["query"],"type":"object"},"name":"search_documents","outputSchema":{"$defs":{"DocumentChunk":{"description":"A DocumentChunk represents a piece of content from a Document in the DeveloperKnowledge corpus. To fetch the entire document content, pass the `parent` to get_document or batch_get_documents.","properties":{"content":{"description":"Output only. The content of the document chunk.","readOnly":true,"type":"string"},"id":{"description":"Output only. The ID of this chunk within the document. The chunk ID is unique within a document, but not globally unique across documents. The chunk ID is not stable and may change over time.","readOnly":true,"type":"string"},"parent":{"description":"Output only. The resource name of the document this chunk is from. Format: `documents/{uri_without_scheme}` Example: `documents/docs.cloud.google.com/storage/docs/creating-buckets`","readOnly":true,"type":"string"}},"type":"object"}},"description":"Response schema for search_documents.","properties":{"results":{"description":"The search results for the given query. Each Document in this list contains a snippet of content relevant to the search query. Use the DocumentChunk.name field of each result with get_documents to retrieve the full document content.","items":{"$ref":"#/$defs/DocumentChunk"},"type":"array"}},"type":"object"}},{"annotations":{"destructiveHint":false,"idempotentHint":true,"openWorldHint":false,"readOnlyHint":true},"description":"Use answer_query to get a grounded answer to a query about Google developer products. This tool has limited quota. This tool will synthesize information from the corpus to generate an answer to the query. answer_query grounds answers using the same corpus as search_documents. If you get a 429 out of quota error, use search_documents instead.","inputSchema":{"description":"Request message for AnswerQuery.","properties":{"query":{"description":"Required. The query to answer.","type":"string"}},"required":["query"],"type":"object"},"name":"answer_query","outputSchema":{"description":"Response message for AnswerQuery.","properties":{"answerText":{"description":"The answer to the query.","type":"string"}},"type":"object"}},{"annotations":{"destructiveHint":false,"idempotentHint":true,"openWorldHint":false,"readOnlyHint":true},"description":"Use this tool to retrieve the full content of a single document or up to 20 documents in a single call. The document names should be obtained from the `parent` field of results from a call to the `search_documents` tool. Set the `names` parameter to a list of document names.","inputSchema":{"description":"Request schema for get_documents.","properties":{"names":{"description":"Required. The names of the documents to retrieve, as returned by search_documents. A maximum of 20 documents can be retrieved in one call. The documents are returned in the same order as the `names` in the request. Format: `documents/{uri_without_scheme}` Example: `documents/docs.cloud.google.com/storage/docs/creating-buckets`","items":{"type":"string"},"type":"array"}},"required":["names"],"type":"object"},"name":"get_documents","outputSchema":{"$defs":{"Document":{"description":"A Document represents a piece of content from the Developer Knowledge corpus.","properties":{"content":{"description":"Output only. The content of the document in Markdown format.","readOnly":true,"type":"string"},"description":{"description":"Output only. A description of the document.","readOnly":true,"type":"string"},"name":{"description":"Identifier. The resource name of the document. Format: `documents/{uri_without_scheme}` Example: `documents/docs.cloud.google.com/storage/docs/creating-buckets`","type":"string","x-google-identifier":true},"title":{"description":"Output only. The title of the document.","readOnly":true,"type":"string"},"uri":{"description":"Output only. The URI of the content, such as `https://cloud.google.com/storage/docs/creating-buckets`.","readOnly":true,"type":"string"}},"type":"object"}},"description":"Response schema for get_documents.","properties":{"documents":{"description":"Documents requested.","items":{"$ref":"#/$defs/Document"},"type":"array"}},"type":"object"}}]}}
[debug] [2026-04-23T17:51:30.773Z] > command requires scopes: ["email","openid","https://www.googleapis.com/auth/cloudplatformprojects.readonly","https://www.googleapis.com/auth/firebase","https://www.googleapis.com/auth/cloud-platform"]
[debug] [2026-04-23T17:51:30.773Z] > authorizing via signed-in user (kthompson@socfoundry.com)
[debug] [2026-04-23T20:14:38.770Z] > command requires scopes: ["email","openid","https://www.googleapis.com/auth/cloudplatformprojects.readonly","https://www.googleapis.com/auth/firebase","https://www.googleapis.com/auth/cloud-platform"]
[debug] [2026-04-23T20:14:38.771Z] > authorizing via signed-in user (kthompson@socfoundry.com)
[debug] [2026-04-23T20:14:38.771Z] > command requires scopes: ["email","openid","https://www.googleapis.com/auth/cloudplatformprojects.readonly","https://www.googleapis.com/auth/firebase","https://www.googleapis.com/auth/cloud-platform"]
[debug] [2026-04-23T20:14:38.771Z] > authorizing via signed-in user (kthompson@socfoundry.com)
[debug] [2026-04-23T20:14:38.781Z] > command requires scopes: ["email","openid","https://www.googleapis.com/auth/cloudplatformprojects.readonly","https://www.googleapis.com/auth/firebase","https://www.googleapis.com/auth/cloud-platform"]
[debug] [2026-04-23T20:14:38.781Z] > authorizing via signed-in user (kthompson@socfoundry.com)
[debug] [2026-04-23T20:14:38.880Z] Checked if tokens are valid: false, expires at: 1776003429427
[debug] [2026-04-23T20:14:38.880Z] Checked if tokens are valid: false, expires at: 1776003429427
[debug] [2026-04-23T20:14:38.880Z] > refreshing access token with scopes: []
[debug] [2026-04-23T20:14:38.881Z] >>> [apiv2][query] POST https://www.googleapis.com/oauth2/v3/token [none]
[debug] [2026-04-23T20:14:38.881Z] >>> [apiv2][body] POST https://www.googleapis.com/oauth2/v3/token [omitted]
[debug] [2026-04-23T20:14:38.886Z] Checked if tokens are valid: false, expires at: 1776003429427
[debug] [2026-04-23T20:14:38.886Z] Checked if tokens are valid: false, expires at: 1776003429427
[debug] [2026-04-23T20:14:38.886Z] > refreshing access token with scopes: []
[debug] [2026-04-23T20:14:38.886Z] >>> [apiv2][query] POST https://www.googleapis.com/oauth2/v3/token [none]
[debug] [2026-04-23T20:14:38.886Z] >>> [apiv2][body] POST https://www.googleapis.com/oauth2/v3/token [omitted]
[debug] [2026-04-23T20:14:38.890Z] Checked if tokens are valid: false, expires at: 1776003429427
[debug] [2026-04-23T20:14:38.890Z] Checked if tokens are valid: false, expires at: 1776003429427
[debug] [2026-04-23T20:14:38.891Z] > refreshing access token with scopes: []
[debug] [2026-04-23T20:14:38.891Z] >>> [apiv2][query] POST https://www.googleapis.com/oauth2/v3/token [none]
[debug] [2026-04-23T20:14:38.891Z] >>> [apiv2][body] POST https://www.googleapis.com/oauth2/v3/token [omitted]
[debug] [2026-04-23T20:14:39.010Z] <<< [apiv2][status] POST https://www.googleapis.com/oauth2/v3/token 400
[debug] [2026-04-23T20:14:39.010Z] <<< [apiv2][body] POST https://www.googleapis.com/oauth2/v3/token [omitted]
[error] Authentication Error: Your credentials are no longer valid. Please run firebase login --reauth

For CI servers and headless environments, generate a new token with firebase login:ci
[error] Authentication Error: Your credentials are no longer valid. Please run firebase login --reauth

For CI servers and headless environments, generate a new token with firebase login:ci
[debug] [2026-04-23T20:14:39.014Z] <<< [apiv2][status] POST https://www.googleapis.com/oauth2/v3/token 400
[debug] [2026-04-23T20:14:39.014Z] <<< [apiv2][body] POST https://www.googleapis.com/oauth2/v3/token [omitted]
[error] Authentication Error: Your credentials are no longer valid. Please run firebase login --reauth

For CI servers and headless environments, generate a new token with firebase login:ci
[error] Authentication Error: Your credentials are no longer valid. Please run firebase login --reauth

For CI servers and headless environments, generate a new token with firebase login:ci
[debug] [2026-04-23T20:14:39.018Z] <<< [apiv2][status] POST https://www.googleapis.com/oauth2/v3/token 400
[debug] [2026-04-23T20:14:39.018Z] <<< [apiv2][body] POST https://www.googleapis.com/oauth2/v3/token [omitted]
[error] Authentication Error: Your credentials are no longer valid. Please run firebase login --reauth

For CI servers and headless environments, generate a new token with firebase login:ci
[error] Authentication Error: Your credentials are no longer valid. Please run firebase login --reauth

For CI servers and headless environments, generate a new token with firebase login:ci
[debug] [2026-04-23T20:14:39.050Z] > command requires scopes: ["email","openid","https://www.googleapis.com/auth/cloudplatformprojects.readonly","https://www.googleapis.com/auth/firebase","https://www.googleapis.com/auth/cloud-platform"]
[debug] [2026-04-23T20:14:39.050Z] > authorizing via signed-in user (kthompson@socfoundry.com)
[debug] [2026-04-23T20:14:39.050Z] > command requires scopes: ["email","openid","https://www.googleapis.com/auth/cloudplatformprojects.readonly","https://www.googleapis.com/auth/firebase","https://www.googleapis.com/auth/cloud-platform"]
[debug] [2026-04-23T20:14:39.050Z] > authorizing via signed-in user (kthompson@socfoundry.com)
[debug] [2026-04-23T20:14:39.057Z] > command requires scopes: ["email","openid","https://www.googleapis.com/auth/cloudplatformprojects.readonly","https://www.googleapis.com/auth/firebase","https://www.googleapis.com/auth/cloud-platform"]
[debug] [2026-04-23T20:14:39.057Z] > authorizing via signed-in user (kthompson@socfoundry.com)
[debug] [2026-04-23T20:14:39.058Z] >>> [apiv2][query] POST https://developerknowledge.googleapis.com/mcp [none]
[debug] [2026-04-23T20:14:39.058Z] >>> [apiv2][body] POST https://developerknowledge.googleapis.com/mcp {"method":"tools/list","jsonrpc":"2.0","id":1}
[debug] [2026-04-23T20:14:39.208Z] <<< [apiv2][status] POST https://developerknowledge.googleapis.com/mcp 200
[debug] [2026-04-23T20:14:39.208Z] <<< [apiv2][body] POST https://developerknowledge.googleapis.com/mcp {"id":1,"jsonrpc":"2.0","result":{"tools":[{"annotations":{"destructiveHint":false,"idempotentHint":true,"openWorldHint":false,"readOnlyHint":true},"description":"Use this tool to find documentation about Google developer products. The documents contain official APIs, code snippets, release notes, best practices, guides, debugging info, and more. It covers the following products and domains:\n\n\n* ADK: adk.dev\n\n* Android: developer.android.com\n\n* Apigee: docs.apigee.com\n\n* Chrome: developer.chrome.com\n\n* Firebase: firebase.google.com\n\n* Fuchsia: fuchsia.dev\n\n* Go: go.dev\n\n* Google AI: ai.google.dev\n\n* Google Cloud: docs.cloud.google.com\n\n* Google Developers, Ads, Search, Google Maps, Youtube: developers.google.com\n\n* Google Home: developers.home.google.com\n\n* TensorFlow: www.tensorflow.org\n\n* Web: web.dev\n\n\nThis tool returns chunks of text, names, and URLs for matching documents. If the returned chunks are not detailed enough to answer the user's question, use `get_documents` with the `parent` from this tool's output to retrieve the full document content.\n","inputSchema":{"description":"Request schema for search_documents. Use the query field to search for related Google developer documentation.","properties":{"query":{"description":"Required. The raw query string provided by the user, such as \"How to create a Cloud Storage bucket?\".","type":"string"}},"required":["query"],"type":"object"},"name":"search_documents","outputSchema":{"$defs":{"DocumentChunk":{"description":"A DocumentChunk represents a piece of content from a Document in the DeveloperKnowledge corpus. To fetch the entire document content, pass the `parent` to get_document or batch_get_documents.","properties":{"content":{"description":"Output only. The content of the document chunk.","readOnly":true,"type":"string"},"id":{"description":"Output only. The ID of this chunk within the document. The chunk ID is unique within a document, but not globally unique across documents. The chunk ID is not stable and may change over time.","readOnly":true,"type":"string"},"parent":{"description":"Output only. The resource name of the document this chunk is from. Format: `documents/{uri_without_scheme}` Example: `documents/docs.cloud.google.com/storage/docs/creating-buckets`","readOnly":true,"type":"string"}},"type":"object"}},"description":"Response schema for search_documents.","properties":{"results":{"description":"The search results for the given query. Each Document in this list contains a snippet of content relevant to the search query. Use the DocumentChunk.name field of each result with get_documents to retrieve the full document content.","items":{"$ref":"#/$defs/DocumentChunk"},"type":"array"}},"type":"object"}},{"annotations":{"destructiveHint":false,"idempotentHint":true,"openWorldHint":false,"readOnlyHint":true},"description":"Use answer_query to get a grounded answer to a query about Google developer products. This tool has limited quota. This tool will synthesize information from the corpus to generate an answer to the query. answer_query grounds answers using the same corpus as search_documents. If you get a 429 out of quota error, use search_documents instead.","inputSchema":{"description":"Request message for AnswerQuery.","properties":{"query":{"description":"Required. The query to answer.","type":"string"}},"required":["query"],"type":"object"},"name":"answer_query","outputSchema":{"description":"Response message for AnswerQuery.","properties":{"answerText":{"description":"The answer to the query.","type":"string"}},"type":"object"}},{"annotations":{"destructiveHint":false,"idempotentHint":true,"openWorldHint":false,"readOnlyHint":true},"description":"Use this tool to retrieve the full content of a single document or up to 20 documents in a single call. The document names should be obtained from the `parent` field of results from a call to the `search_documents` tool. Set the `names` parameter to a list of document names.","inputSchema":{"description":"Request schema for get_documents.","properties":{"names":{"description":"Required. The names of the documents to retrieve, as returned by search_documents. A maximum of 20 documents can be retrieved in one call. The documents are returned in the same order as the `names` in the request. Format: `documents/{uri_without_scheme}` Example: `documents/docs.cloud.google.com/storage/docs/creating-buckets`","items":{"type":"string"},"type":"array"}},"required":["names"],"type":"object"},"name":"get_documents","outputSchema":{"$defs":{"Document":{"description":"A Document represents a piece of content from the Developer Knowledge corpus.","properties":{"content":{"description":"Output only. The content of the document in Markdown format.","readOnly":true,"type":"string"},"description":{"description":"Output only. A description of the document.","readOnly":true,"type":"string"},"name":{"description":"Identifier. The resource name of the document. Format: `documents/{uri_without_scheme}` Example: `documents/docs.cloud.google.com/storage/docs/creating-buckets`","type":"string","x-google-identifier":true},"title":{"description":"Output only. The title of the document.","readOnly":true,"type":"string"},"uri":{"description":"Output only. The URI of the content, such as `https://cloud.google.com/storage/docs/creating-buckets`.","readOnly":true,"type":"string"}},"type":"object"}},"description":"Response schema for get_documents.","properties":{"documents":{"description":"Documents requested.","items":{"$ref":"#/$defs/Document"},"type":"array"}},"type":"object"}}]}}
[debug] [2026-04-23T20:14:39.209Z] > command requires scopes: ["email","openid","https://www.googleapis.com/auth/cloudplatformprojects.readonly","https://www.googleapis.com/auth/firebase","https://www.googleapis.com/auth/cloud-platform"]
[debug] [2026-04-23T20:14:39.210Z] > authorizing via signed-in user (kthompson@socfoundry.com)
[debug] [2026-04-23T21:55:51.709Z] > command requires scopes: ["email","openid","https://www.googleapis.com/auth/cloudplatformprojects.readonly","https://www.googleapis.com/auth/firebase","https://www.googleapis.com/auth/cloud-platform"]
[debug] [2026-04-23T21:55:51.710Z] > authorizing via signed-in user (kthompson@socfoundry.com)
[debug] [2026-04-23T21:55:51.710Z] > command requires scopes: ["email","openid","https://www.googleapis.com/auth/cloudplatformprojects.readonly","https://www.googleapis.com/auth/firebase","https://www.googleapis.com/auth/cloud-platform"]
[debug] [2026-04-23T21:55:51.710Z] > authorizing via signed-in user (kthompson@socfoundry.com)
[debug] [2026-04-23T21:55:51.717Z] > command requires scopes: ["email","openid","https://www.googleapis.com/auth/cloudplatformprojects.readonly","https://www.googleapis.com/auth/firebase","https://www.googleapis.com/auth/cloud-platform"]
[debug] [2026-04-23T21:55:51.717Z] > authorizing via signed-in user (kthompson@socfoundry.com)
[debug] [2026-04-23T21:55:51.800Z] Checked if tokens are valid: false, expires at: 1776003429427
[debug] [2026-04-23T21:55:51.800Z] Checked if tokens are valid: false, expires at: 1776003429427
[debug] [2026-04-23T21:55:51.800Z] > refreshing access token with scopes: []
[debug] [2026-04-23T21:55:51.801Z] >>> [apiv2][query] POST https://www.googleapis.com/oauth2/v3/token [none]
[debug] [2026-04-23T21:55:51.802Z] >>> [apiv2][body] POST https://www.googleapis.com/oauth2/v3/token [omitted]
[debug] [2026-04-23T21:55:51.805Z] Checked if tokens are valid: false, expires at: 1776003429427
[debug] [2026-04-23T21:55:51.806Z] Checked if tokens are valid: false, expires at: 1776003429427
[debug] [2026-04-23T21:55:51.806Z] > refreshing access token with scopes: []
[debug] [2026-04-23T21:55:51.806Z] >>> [apiv2][query] POST https://www.googleapis.com/oauth2/v3/token [none]
[debug] [2026-04-23T21:55:51.806Z] >>> [apiv2][body] POST https://www.googleapis.com/oauth2/v3/token [omitted]
[debug] [2026-04-23T21:55:51.809Z] Checked if tokens are valid: false, expires at: 1776003429427
[debug] [2026-04-23T21:55:51.809Z] Checked if tokens are valid: false, expires at: 1776003429427
[debug] [2026-04-23T21:55:51.809Z] > refreshing access token with scopes: []
[debug] [2026-04-23T21:55:51.809Z] >>> [apiv2][query] POST https://www.googleapis.com/oauth2/v3/token [none]
[debug] [2026-04-23T21:55:51.809Z] >>> [apiv2][body] POST https://www.googleapis.com/oauth2/v3/token [omitted]
[debug] [2026-04-23T21:55:51.948Z] <<< [apiv2][status] POST https://www.googleapis.com/oauth2/v3/token 400
[debug] [2026-04-23T21:55:51.948Z] <<< [apiv2][body] POST https://www.googleapis.com/oauth2/v3/token [omitted]
[error] Authentication Error: Your credentials are no longer valid. Please run firebase login --reauth

For CI servers and headless environments, generate a new token with firebase login:ci
[error] Authentication Error: Your credentials are no longer valid. Please run firebase login --reauth

For CI servers and headless environments, generate a new token with firebase login:ci
[debug] [2026-04-23T21:55:51.952Z] <<< [apiv2][status] POST https://www.googleapis.com/oauth2/v3/token 400
[debug] [2026-04-23T21:55:51.952Z] <<< [apiv2][body] POST https://www.googleapis.com/oauth2/v3/token [omitted]
[error] Authentication Error: Your credentials are no longer valid. Please run firebase login --reauth

For CI servers and headless environments, generate a new token with firebase login:ci
[error] Authentication Error: Your credentials are no longer valid. Please run firebase login --reauth

For CI servers and headless environments, generate a new token with firebase login:ci
[debug] [2026-04-23T21:55:51.964Z] <<< [apiv2][status] POST https://www.googleapis.com/oauth2/v3/token 400
[debug] [2026-04-23T21:55:51.964Z] <<< [apiv2][body] POST https://www.googleapis.com/oauth2/v3/token [omitted]
[error] Authentication Error: Your credentials are no longer valid. Please run firebase login --reauth

For CI servers and headless environments, generate a new token with firebase login:ci
[error] Authentication Error: Your credentials are no longer valid. Please run firebase login --reauth

For CI servers and headless environments, generate a new token with firebase login:ci
[debug] [2026-04-23T21:55:51.989Z] > command requires scopes: ["email","openid","https://www.googleapis.com/auth/cloudplatformprojects.readonly","https://www.googleapis.com/auth/firebase","https://www.googleapis.com/auth/cloud-platform"]
[debug] [2026-04-23T21:55:51.989Z] > authorizing via signed-in user (kthompson@socfoundry.com)
[debug] [2026-04-23T21:55:51.989Z] >>> [apiv2][query] POST https://developerknowledge.googleapis.com/mcp [none]
[debug] [2026-04-23T21:55:51.990Z] >>> [apiv2][body] POST https://developerknowledge.googleapis.com/mcp {"method":"tools/list","jsonrpc":"2.0","id":1}
[debug] [2026-04-23T21:55:52.006Z] > command requires scopes: ["email","openid","https://www.googleapis.com/auth/cloudplatformprojects.readonly","https://www.googleapis.com/auth/firebase","https://www.googleapis.com/auth/cloud-platform"]
[debug] [2026-04-23T21:55:52.007Z] > authorizing via signed-in user (kthompson@socfoundry.com)
[debug] [2026-04-23T21:55:52.007Z] > command requires scopes: ["email","openid","https://www.googleapis.com/auth/cloudplatformprojects.readonly","https://www.googleapis.com/auth/firebase","https://www.googleapis.com/auth/cloud-platform"]
[debug] [2026-04-23T21:55:52.007Z] > authorizing via signed-in user (kthompson@socfoundry.com)
[debug] [2026-04-23T21:55:52.136Z] <<< [apiv2][status] POST https://developerknowledge.googleapis.com/mcp 200
[debug] [2026-04-23T21:55:52.136Z] <<< [apiv2][body] POST https://developerknowledge.googleapis.com/mcp {"id":1,"jsonrpc":"2.0","result":{"tools":[{"annotations":{"destructiveHint":false,"idempotentHint":true,"openWorldHint":false,"readOnlyHint":true},"description":"Use this tool to find documentation about Google developer products. The documents contain official APIs, code snippets, release notes, best practices, guides, debugging info, and more. It covers the following products and domains:\n\n\n* ADK: adk.dev\n\n* Android: developer.android.com\n\n* Apigee: docs.apigee.com\n\n* Chrome: developer.chrome.com\n\n* Firebase: firebase.google.com\n\n* Fuchsia: fuchsia.dev\n\n* Go: go.dev\n\n* Google AI: ai.google.dev\n\n* Google Cloud: docs.cloud.google.com\n\n* Google Developers, Ads, Search, Google Maps, Youtube: developers.google.com\n\n* Google Home: developers.home.google.com\n\n* TensorFlow: www.tensorflow.org\n\n* Web: web.dev\n\n\nThis tool returns chunks of text, names, and URLs for matching documents. If the returned chunks are not detailed enough to answer the user's question, use `get_documents` with the `parent` from this tool's output to retrieve the full document content.\n","inputSchema":{"description":"Request schema for search_documents. Use the query field to search for related Google developer documentation.","properties":{"query":{"description":"Required. The raw query string provided by the user, such as \"How to create a Cloud Storage bucket?\".","type":"string"}},"required":["query"],"type":"object"},"name":"search_documents","outputSchema":{"$defs":{"DocumentChunk":{"description":"A DocumentChunk represents a piece of content from a Document in the DeveloperKnowledge corpus. To fetch the entire document content, pass the `parent` to get_document or batch_get_documents.","properties":{"content":{"description":"Output only. The content of the document chunk.","readOnly":true,"type":"string"},"id":{"description":"Output only. The ID of this chunk within the document. The chunk ID is unique within a document, but not globally unique across documents. The chunk ID is not stable and may change over time.","readOnly":true,"type":"string"},"parent":{"description":"Output only. The resource name of the document this chunk is from. Format: `documents/{uri_without_scheme}` Example: `documents/docs.cloud.google.com/storage/docs/creating-buckets`","readOnly":true,"type":"string"}},"type":"object"}},"description":"Response schema for search_documents.","properties":{"results":{"description":"The search results for the given query. Each Document in this list contains a snippet of content relevant to the search query. Use the DocumentChunk.name field of each result with get_documents to retrieve the full document content.","items":{"$ref":"#/$defs/DocumentChunk"},"type":"array"}},"type":"object"}},{"annotations":{"destructiveHint":false,"idempotentHint":true,"openWorldHint":false,"readOnlyHint":true},"description":"Use answer_query to get a grounded answer to a query about Google developer products. This tool has limited quota. This tool will synthesize information from the corpus to generate an answer to the query. answer_query grounds answers using the same corpus as search_documents. If you get a 429 out of quota error, use search_documents instead.","inputSchema":{"description":"Request message for AnswerQuery.","properties":{"query":{"description":"Required. The query to answer.","type":"string"}},"required":["query"],"type":"object"},"name":"answer_query","outputSchema":{"description":"Response message for AnswerQuery.","properties":{"answerText":{"description":"The answer to the query.","type":"string"}},"type":"object"}},{"annotations":{"destructiveHint":false,"idempotentHint":true,"openWorldHint":false,"readOnlyHint":true},"description":"Use this tool to retrieve the full content of a single document or up to 20 documents in a single call. The document names should be obtained from the `parent` field of results from a call to the `search_documents` tool. Set the `names` parameter to a list of document names.","inputSchema":{"description":"Request schema for get_documents.","properties":{"names":{"description":"Required. The names of the documents to retrieve, as returned by search_documents. A maximum of 20 documents can be retrieved in one call. The documents are returned in the same order as the `names` in the request. Format: `documents/{uri_without_scheme}` Example: `documents/docs.cloud.google.com/storage/docs/creating-buckets`","items":{"type":"string"},"type":"array"}},"required":["names"],"type":"object"},"name":"get_documents","outputSchema":{"$defs":{"Document":{"description":"A Document represents a piece of content from the Developer Knowledge corpus.","properties":{"content":{"description":"Output only. The content of the document in Markdown format.","readOnly":true,"type":"string"},"description":{"description":"Output only. A description of the document.","readOnly":true,"type":"string"},"name":{"description":"Identifier. The resource name of the document. Format: `documents/{uri_without_scheme}` Example: `documents/docs.cloud.google.com/storage/docs/creating-buckets`","type":"string","x-google-identifier":true},"title":{"description":"Output only. The title of the document.","readOnly":true,"type":"string"},"uri":{"description":"Output only. The URI of the content, such as `https://cloud.google.com/storage/docs/creating-buckets`.","readOnly":true,"type":"string"}},"type":"object"}},"description":"Response schema for get_documents.","properties":{"documents":{"description":"Documents requested.","items":{"$ref":"#/$defs/Document"},"type":"array"}},"type":"object"}}]}}
[debug] [2026-04-23T21:55:52.137Z] > command requires scopes: ["email","openid","https://www.googleapis.com/auth/cloudplatformprojects.readonly","https://www.googleapis.com/auth/firebase","https://www.googleapis.com/auth/cloud-platform"]
[debug] [2026-04-23T21:55:52.137Z] > authorizing via signed-in user (kthompson@socfoundry.com)
[debug] [2026-04-23T23:22:54.626Z] > command requires scopes: ["email","openid","https://www.googleapis.com/auth/cloudplatformprojects.readonly","https://www.googleapis.com/auth/firebase","https://www.googleapis.com/auth/cloud-platform"]
[debug] [2026-04-23T23:22:54.627Z] > authorizing via signed-in user (kthompson@socfoundry.com)
[debug] [2026-04-23T23:22:54.627Z] > command requires scopes: ["email","openid","https://www.googleapis.com/auth/cloudplatformprojects.readonly","https://www.googleapis.com/auth/firebase","https://www.googleapis.com/auth/cloud-platform"]
[debug] [2026-04-23T23:22:54.627Z] > authorizing via signed-in user (kthompson@socfoundry.com)
[debug] [2026-04-23T23:22:54.634Z] > command requires scopes: ["email","openid","https://www.googleapis.com/auth/cloudplatformprojects.readonly","https://www.googleapis.com/auth/firebase","https://www.googleapis.com/auth/cloud-platform"]
[debug] [2026-04-23T23:22:54.635Z] > authorizing via signed-in user (kthompson@socfoundry.com)
[debug] [2026-04-23T23:22:54.729Z] Checked if tokens are valid: false, expires at: 1776003429427
[debug] [2026-04-23T23:22:54.729Z] Checked if tokens are valid: false, expires at: 1776003429427
[debug] [2026-04-23T23:22:54.729Z] > refreshing access token with scopes: []
[debug] [2026-04-23T23:22:54.730Z] >>> [apiv2][query] POST https://www.googleapis.com/oauth2/v3/token [none]
[debug] [2026-04-23T23:22:54.730Z] >>> [apiv2][body] POST https://www.googleapis.com/oauth2/v3/token [omitted]
[debug] [2026-04-23T23:22:54.734Z] Checked if tokens are valid: false, expires at: 1776003429427
[debug] [2026-04-23T23:22:54.734Z] Checked if tokens are valid: false, expires at: 1776003429427
[debug] [2026-04-23T23:22:54.734Z] > refreshing access token with scopes: []
[debug] [2026-04-23T23:22:54.734Z] >>> [apiv2][query] POST https://www.googleapis.com/oauth2/v3/token [none]
[debug] [2026-04-23T23:22:54.734Z] >>> [apiv2][body] POST https://www.googleapis.com/oauth2/v3/token [omitted]
[debug] [2026-04-23T23:22:54.737Z] Checked if tokens are valid: false, expires at: 1776003429427
[debug] [2026-04-23T23:22:54.737Z] Checked if tokens are valid: false, expires at: 1776003429427
[debug] [2026-04-23T23:22:54.737Z] > refreshing access token with scopes: []
[debug] [2026-04-23T23:22:54.738Z] >>> [apiv2][query] POST https://www.googleapis.com/oauth2/v3/token [none]
[debug] [2026-04-23T23:22:54.738Z] >>> [apiv2][body] POST https://www.googleapis.com/oauth2/v3/token [omitted]
[debug] [2026-04-23T23:22:54.903Z] <<< [apiv2][status] POST https://www.googleapis.com/oauth2/v3/token 400
[debug] [2026-04-23T23:22:54.903Z] <<< [apiv2][body] POST https://www.googleapis.com/oauth2/v3/token [omitted]
[error] Authentication Error: Your credentials are no longer valid. Please run firebase login --reauth

For CI servers and headless environments, generate a new token with firebase login:ci
[error] Authentication Error: Your credentials are no longer valid. Please run firebase login --reauth

For CI servers and headless environments, generate a new token with firebase login:ci
[debug] [2026-04-23T23:22:54.909Z] <<< [apiv2][status] POST https://www.googleapis.com/oauth2/v3/token 400
[debug] [2026-04-23T23:22:54.909Z] <<< [apiv2][body] POST https://www.googleapis.com/oauth2/v3/token [omitted]
[error] Authentication Error: Your credentials are no longer valid. Please run firebase login --reauth

For CI servers and headless environments, generate a new token with firebase login:ci
[error] Authentication Error: Your credentials are no longer valid. Please run firebase login --reauth

For CI servers and headless environments, generate a new token with firebase login:ci
[debug] [2026-04-23T23:22:54.915Z] <<< [apiv2][status] POST https://www.googleapis.com/oauth2/v3/token 400
[debug] [2026-04-23T23:22:54.915Z] <<< [apiv2][body] POST https://www.googleapis.com/oauth2/v3/token [omitted]
[error] Authentication Error: Your credentials are no longer valid. Please run firebase login --reauth

For CI servers and headless environments, generate a new token with firebase login:ci
[error] Authentication Error: Your credentials are no longer valid. Please run firebase login --reauth

For CI servers and headless environments, generate a new token with firebase login:ci
[debug] [2026-04-23T23:22:54.949Z] > command requires scopes: ["email","openid","https://www.googleapis.com/auth/cloudplatformprojects.readonly","https://www.googleapis.com/auth/firebase","https://www.googleapis.com/auth/cloud-platform"]
[debug] [2026-04-23T23:22:54.949Z] > authorizing via signed-in user (kthompson@socfoundry.com)
[debug] [2026-04-23T23:22:54.950Z] > command requires scopes: ["email","openid","https://www.googleapis.com/auth/cloudplatformprojects.readonly","https://www.googleapis.com/auth/firebase","https://www.googleapis.com/auth/cloud-platform"]
[debug] [2026-04-23T23:22:54.950Z] > authorizing via signed-in user (kthompson@socfoundry.com)
[debug] [2026-04-23T23:22:54.958Z] > command requires scopes: ["email","openid","https://www.googleapis.com/auth/cloudplatformprojects.readonly","https://www.googleapis.com/auth/firebase","https://www.googleapis.com/auth/cloud-platform"]
[debug] [2026-04-23T23:22:54.958Z] > authorizing via signed-in user (kthompson@socfoundry.com)
[debug] [2026-04-23T23:22:54.958Z] >>> [apiv2][query] POST https://developerknowledge.googleapis.com/mcp [none]
[debug] [2026-04-23T23:22:54.958Z] >>> [apiv2][body] POST https://developerknowledge.googleapis.com/mcp {"method":"tools/list","jsonrpc":"2.0","id":1}
[debug] [2026-04-23T23:22:55.215Z] <<< [apiv2][status] POST https://developerknowledge.googleapis.com/mcp 200
[debug] [2026-04-23T23:22:55.216Z] <<< [apiv2][body] POST https://developerknowledge.googleapis.com/mcp {"id":1,"jsonrpc":"2.0","result":{"tools":[{"annotations":{"destructiveHint":false,"idempotentHint":true,"openWorldHint":false,"readOnlyHint":true},"description":"Use this tool to find documentation about Google developer products. The documents contain official APIs, code snippets, release notes, best practices, guides, debugging info, and more. It covers the following products and domains:\n\n\n* ADK: adk.dev\n\n* Android: developer.android.com\n\n* Apigee: docs.apigee.com\n\n* Chrome: developer.chrome.com\n\n* Firebase: firebase.google.com\n\n* Fuchsia: fuchsia.dev\n\n* Go: go.dev\n\n* Google AI: ai.google.dev\n\n* Google Cloud: docs.cloud.google.com\n\n* Google Developers, Ads, Search, Google Maps, Youtube: developers.google.com\n\n* Google Home: developers.home.google.com\n\n* TensorFlow: www.tensorflow.org\n\n* Web: web.dev\n\n\nThis tool returns chunks of text, names, and URLs for matching documents. If the returned chunks are not detailed enough to answer the user's question, use `get_documents` with the `parent` from this tool's output to retrieve the full document content.\n","inputSchema":{"description":"Request schema for search_documents. Use the query field to search for related Google developer documentation.","properties":{"query":{"description":"Required. The raw query string provided by the user, such as \"How to create a Cloud Storage bucket?\".","type":"string"}},"required":["query"],"type":"object"},"name":"search_documents","outputSchema":{"$defs":{"DocumentChunk":{"description":"A DocumentChunk represents a piece of content from a Document in the DeveloperKnowledge corpus. To fetch the entire document content, pass the `parent` to get_document or batch_get_documents.","properties":{"content":{"description":"Output only. The content of the document chunk.","readOnly":true,"type":"string"},"id":{"description":"Output only. The ID of this chunk within the document. The chunk ID is unique within a document, but not globally unique across documents. The chunk ID is not stable and may change over time.","readOnly":true,"type":"string"},"parent":{"description":"Output only. The resource name of the document this chunk is from. Format: `documents/{uri_without_scheme}` Example: `documents/docs.cloud.google.com/storage/docs/creating-buckets`","readOnly":true,"type":"string"}},"type":"object"}},"description":"Response schema for search_documents.","properties":{"results":{"description":"The search results for the given query. Each Document in this list contains a snippet of content relevant to the search query. Use the DocumentChunk.name field of each result with get_documents to retrieve the full document content.","items":{"$ref":"#/$defs/DocumentChunk"},"type":"array"}},"type":"object"}},{"annotations":{"destructiveHint":false,"idempotentHint":true,"openWorldHint":false,"readOnlyHint":true},"description":"Use answer_query to get a grounded answer to a query about Google developer products. This tool has limited quota. This tool will synthesize information from the corpus to generate an answer to the query. answer_query grounds answers using the same corpus as search_documents. If you get a 429 out of quota error, use search_documents instead.","inputSchema":{"description":"Request message for AnswerQuery.","properties":{"query":{"description":"Required. The query to answer.","type":"string"}},"required":["query"],"type":"object"},"name":"answer_query","outputSchema":{"description":"Response message for AnswerQuery.","properties":{"answerText":{"description":"The answer to the query.","type":"string"}},"type":"object"}},{"annotations":{"destructiveHint":false,"idempotentHint":true,"openWorldHint":false,"readOnlyHint":true},"description":"Use this tool to retrieve the full content of a single document or up to 20 documents in a single call. The document names should be obtained from the `parent` field of results from a call to the `search_documents` tool. Set the `names` parameter to a list of document names.","inputSchema":{"description":"Request schema for get_documents.","properties":{"names":{"description":"Required. The names of the documents to retrieve, as returned by search_documents. A maximum of 20 documents can be retrieved in one call. The documents are returned in the same order as the `names` in the request. Format: `documents/{uri_without_scheme}` Example: `documents/docs.cloud.google.com/storage/docs/creating-buckets`","items":{"type":"string"},"type":"array"}},"required":["names"],"type":"object"},"name":"get_documents","outputSchema":{"$defs":{"Document":{"description":"A Document represents a piece of content from the Developer Knowledge corpus.","properties":{"content":{"description":"Output only. The content of the document in Markdown format.","readOnly":true,"type":"string"},"description":{"description":"Output only. A description of the document.","readOnly":true,"type":"string"},"name":{"description":"Identifier. The resource name of the document. Format: `documents/{uri_without_scheme}` Example: `documents/docs.cloud.google.com/storage/docs/creating-buckets`","type":"string","x-google-identifier":true},"title":{"description":"Output only. The title of the document.","readOnly":true,"type":"string"},"uri":{"description":"Output only. The URI of the content, such as `https://cloud.google.com/storage/docs/creating-buckets`.","readOnly":true,"type":"string"}},"type":"object"}},"description":"Response schema for get_documents.","properties":{"documents":{"description":"Documents requested.","items":{"$ref":"#/$defs/Document"},"type":"array"}},"type":"object"}}]}}
[debug] [2026-04-23T23:22:55.221Z] > command requires scopes: ["email","openid","https://www.googleapis.com/auth/cloudplatformprojects.readonly","https://www.googleapis.com/auth/firebase","https://www.googleapis.com/auth/cloud-platform"]
[debug] [2026-04-23T23:22:55.221Z] > authorizing via signed-in user (kthompson@socfoundry.com)
[debug] [2026-04-23T23:44:20.803Z] > command requires scopes: ["email","openid","https://www.googleapis.com/auth/cloudplatformprojects.readonly","https://www.googleapis.com/auth/firebase","https://www.googleapis.com/auth/cloud-platform"]
[debug] [2026-04-23T23:44:20.804Z] > authorizing via signed-in user (kthompson@socfoundry.com)
[debug] [2026-04-23T23:44:20.804Z] > command requires scopes: ["email","openid","https://www.googleapis.com/auth/cloudplatformprojects.readonly","https://www.googleapis.com/auth/firebase","https://www.googleapis.com/auth/cloud-platform"]
[debug] [2026-04-23T23:44:20.804Z] > authorizing via signed-in user (kthompson@socfoundry.com)
[debug] [2026-04-23T23:44:20.815Z] > command requires scopes: ["email","openid","https://www.googleapis.com/auth/cloudplatformprojects.readonly","https://www.googleapis.com/auth/firebase","https://www.googleapis.com/auth/cloud-platform"]
[debug] [2026-04-23T23:44:20.815Z] > authorizing via signed-in user (kthompson@socfoundry.com)
[debug] [2026-04-23T23:44:20.899Z] Checked if tokens are valid: false, expires at: 1776003429427
[debug] [2026-04-23T23:44:20.899Z] Checked if tokens are valid: false, expires at: 1776003429427
[debug] [2026-04-23T23:44:20.900Z] > refreshing access token with scopes: []
[debug] [2026-04-23T23:44:20.900Z] >>> [apiv2][query] POST https://www.googleapis.com/oauth2/v3/token [none]
[debug] [2026-04-23T23:44:20.900Z] >>> [apiv2][body] POST https://www.googleapis.com/oauth2/v3/token [omitted]
[debug] [2026-04-23T23:44:20.904Z] Checked if tokens are valid: false, expires at: 1776003429427
[debug] [2026-04-23T23:44:20.904Z] Checked if tokens are valid: false, expires at: 1776003429427
[debug] [2026-04-23T23:44:20.904Z] > refreshing access token with scopes: []
[debug] [2026-04-23T23:44:20.904Z] >>> [apiv2][query] POST https://www.googleapis.com/oauth2/v3/token [none]
[debug] [2026-04-23T23:44:20.904Z] >>> [apiv2][body] POST https://www.googleapis.com/oauth2/v3/token [omitted]
[debug] [2026-04-23T23:44:20.908Z] Checked if tokens are valid: false, expires at: 1776003429427
[debug] [2026-04-23T23:44:20.908Z] Checked if tokens are valid: false, expires at: 1776003429427
[debug] [2026-04-23T23:44:20.908Z] > refreshing access token with scopes: []
[debug] [2026-04-23T23:44:20.908Z] >>> [apiv2][query] POST https://www.googleapis.com/oauth2/v3/token [none]
[debug] [2026-04-23T23:44:20.908Z] >>> [apiv2][body] POST https://www.googleapis.com/oauth2/v3/token [omitted]
[debug] [2026-04-23T23:44:21.040Z] <<< [apiv2][status] POST https://www.googleapis.com/oauth2/v3/token 400
[debug] [2026-04-23T23:44:21.040Z] <<< [apiv2][body] POST https://www.googleapis.com/oauth2/v3/token [omitted]
[error] Authentication Error: Your credentials are no longer valid. Please run firebase login --reauth

For CI servers and headless environments, generate a new token with firebase login:ci
[error] Authentication Error: Your credentials are no longer valid. Please run firebase login --reauth

For CI servers and headless environments, generate a new token with firebase login:ci
[debug] [2026-04-23T23:44:21.051Z] <<< [apiv2][status] POST https://www.googleapis.com/oauth2/v3/token 400
[debug] [2026-04-23T23:44:21.051Z] <<< [apiv2][body] POST https://www.googleapis.com/oauth2/v3/token [omitted]
[error] Authentication Error: Your credentials are no longer valid. Please run firebase login --reauth

For CI servers and headless environments, generate a new token with firebase login:ci
[error] Authentication Error: Your credentials are no longer valid. Please run firebase login --reauth

For CI servers and headless environments, generate a new token with firebase login:ci
[debug] [2026-04-23T23:44:21.051Z] <<< [apiv2][status] POST https://www.googleapis.com/oauth2/v3/token 400
[debug] [2026-04-23T23:44:21.051Z] <<< [apiv2][body] POST https://www.googleapis.com/oauth2/v3/token [omitted]
[error] Authentication Error: Your credentials are no longer valid. Please run firebase login --reauth

For CI servers and headless environments, generate a new token with firebase login:ci
[error] Authentication Error: Your credentials are no longer valid. Please run firebase login --reauth

For CI servers and headless environments, generate a new token with firebase login:ci
[debug] [2026-04-23T23:44:21.087Z] > command requires scopes: ["email","openid","https://www.googleapis.com/auth/cloudplatformprojects.readonly","https://www.googleapis.com/auth/firebase","https://www.googleapis.com/auth/cloud-platform"]
[debug] [2026-04-23T23:44:21.087Z] > authorizing via signed-in user (kthompson@socfoundry.com)
[debug] [2026-04-23T23:44:21.087Z] > command requires scopes: ["email","openid","https://www.googleapis.com/auth/cloudplatformprojects.readonly","https://www.googleapis.com/auth/firebase","https://www.googleapis.com/auth/cloud-platform"]
[debug] [2026-04-23T23:44:21.087Z] > authorizing via signed-in user (kthompson@socfoundry.com)
[debug] [2026-04-23T23:44:21.091Z] > command requires scopes: ["email","openid","https://www.googleapis.com/auth/cloudplatformprojects.readonly","https://www.googleapis.com/auth/firebase","https://www.googleapis.com/auth/cloud-platform"]
[debug] [2026-04-23T23:44:21.091Z] > authorizing via signed-in user (kthompson@socfoundry.com)
[debug] [2026-04-23T23:44:21.091Z] >>> [apiv2][query] POST https://developerknowledge.googleapis.com/mcp [none]
[debug] [2026-04-23T23:44:21.091Z] >>> [apiv2][body] POST https://developerknowledge.googleapis.com/mcp {"method":"tools/list","jsonrpc":"2.0","id":1}
[debug] [2026-04-23T23:44:21.236Z] <<< [apiv2][status] POST https://developerknowledge.googleapis.com/mcp 200
[debug] [2026-04-23T23:44:21.236Z] <<< [apiv2][body] POST https://developerknowledge.googleapis.com/mcp {"id":1,"jsonrpc":"2.0","result":{"tools":[{"annotations":{"destructiveHint":false,"idempotentHint":true,"openWorldHint":false,"readOnlyHint":true},"description":"Use this tool to find documentation about Google developer products. The documents contain official APIs, code snippets, release notes, best practices, guides, debugging info, and more. It covers the following products and domains:\n\n\n* ADK: adk.dev\n\n* Android: developer.android.com\n\n* Apigee: docs.apigee.com\n\n* Chrome: developer.chrome.com\n\n* Firebase: firebase.google.com\n\n* Fuchsia: fuchsia.dev\n\n* Go: go.dev\n\n* Google AI: ai.google.dev\n\n* Google Cloud: docs.cloud.google.com\n\n* Google Developers, Ads, Search, Google Maps, Youtube: developers.google.com\n\n* Google Home: developers.home.google.com\n\n* TensorFlow: www.tensorflow.org\n\n* Web: web.dev\n\n\nThis tool returns chunks of text, names, and URLs for matching documents. If the returned chunks are not detailed enough to answer the user's question, use `get_documents` with the `parent` from this tool's output to retrieve the full document content.\n","inputSchema":{"description":"Request schema for search_documents. Use the query field to search for related Google developer documentation.","properties":{"query":{"description":"Required. The raw query string provided by the user, such as \"How to create a Cloud Storage bucket?\".","type":"string"}},"required":["query"],"type":"object"},"name":"search_documents","outputSchema":{"$defs":{"DocumentChunk":{"description":"A DocumentChunk represents a piece of content from a Document in the DeveloperKnowledge corpus. To fetch the entire document content, pass the `parent` to get_document or batch_get_documents.","properties":{"content":{"description":"Output only. The content of the document chunk.","readOnly":true,"type":"string"},"id":{"description":"Output only. The ID of this chunk within the document. The chunk ID is unique within a document, but not globally unique across documents. The chunk ID is not stable and may change over time.","readOnly":true,"type":"string"},"parent":{"description":"Output only. The resource name of the document this chunk is from. Format: `documents/{uri_without_scheme}` Example: `documents/docs.cloud.google.com/storage/docs/creating-buckets`","readOnly":true,"type":"string"}},"type":"object"}},"description":"Response schema for search_documents.","properties":{"results":{"description":"The search results for the given query. Each Document in this list contains a snippet of content relevant to the search query. Use the DocumentChunk.name field of each result with get_documents to retrieve the full document content.","items":{"$ref":"#/$defs/DocumentChunk"},"type":"array"}},"type":"object"}},{"annotations":{"destructiveHint":false,"idempotentHint":true,"openWorldHint":false,"readOnlyHint":true},"description":"Use answer_query to get a grounded answer to a query about Google developer products. This tool has limited quota. This tool will synthesize information from the corpus to generate an answer to the query. answer_query grounds answers using the same corpus as search_documents. If you get a 429 out of quota error, use search_documents instead.","inputSchema":{"description":"Request message for AnswerQuery.","properties":{"query":{"description":"Required. The query to answer.","type":"string"}},"required":["query"],"type":"object"},"name":"answer_query","outputSchema":{"description":"Response message for AnswerQuery.","properties":{"answerText":{"description":"The answer to the query.","type":"string"}},"type":"object"}},{"annotations":{"destructiveHint":false,"idempotentHint":true,"openWorldHint":false,"readOnlyHint":true},"description":"Use this tool to retrieve the full content of a single document or up to 20 documents in a single call. The document names should be obtained from the `parent` field of results from a call to the `search_documents` tool. Set the `names` parameter to a list of document names.","inputSchema":{"description":"Request schema for get_documents.","properties":{"names":{"description":"Required. The names of the documents to retrieve, as returned by search_documents. A maximum of 20 documents can be retrieved in one call. The documents are returned in the same order as the `names` in the request. Format: `documents/{uri_without_scheme}` Example: `documents/docs.cloud.google.com/storage/docs/creating-buckets`","items":{"type":"string"},"type":"array"}},"required":["names"],"type":"object"},"name":"get_documents","outputSchema":{"$defs":{"Document":{"description":"A Document represents a piece of content from the Developer Knowledge corpus.","properties":{"content":{"description":"Output only. The content of the document in Markdown format.","readOnly":true,"type":"string"},"description":{"description":"Output only. A description of the document.","readOnly":true,"type":"string"},"name":{"description":"Identifier. The resource name of the document. Format: `documents/{uri_without_scheme}` Example: `documents/docs.cloud.google.com/storage/docs/creating-buckets`","type":"string","x-google-identifier":true},"title":{"description":"Output only. The title of the document.","readOnly":true,"type":"string"},"uri":{"description":"Output only. The URI of the content, such as `https://cloud.google.com/storage/docs/creating-buckets`.","readOnly":true,"type":"string"}},"type":"object"}},"description":"Response schema for get_documents.","properties":{"documents":{"description":"Documents requested.","items":{"$ref":"#/$defs/Document"},"type":"array"}},"type":"object"}}]}}
[debug] [2026-04-23T23:44:21.238Z] > command requires scopes: ["email","openid","https://www.googleapis.com/auth/cloudplatformprojects.readonly","https://www.googleapis.com/auth/firebase","https://www.googleapis.com/auth/cloud-platform"]
[debug] [2026-04-23T23:44:21.238Z] > authorizing via signed-in user (kthompson@socfoundry.com)
[debug] [2026-04-24T01:13:12.977Z] > command requires scopes: ["email","openid","https://www.googleapis.com/auth/cloudplatformprojects.readonly","https://www.googleapis.com/auth/firebase","https://www.googleapis.com/auth/cloud-platform"]
[debug] [2026-04-24T01:13:12.978Z] > authorizing via signed-in user (kthompson@socfoundry.com)
[debug] [2026-04-24T01:13:12.978Z] > command requires scopes: ["email","openid","https://www.googleapis.com/auth/cloudplatformprojects.readonly","https://www.googleapis.com/auth/firebase","https://www.googleapis.com/auth/cloud-platform"]
[debug] [2026-04-24T01:13:12.978Z] > authorizing via signed-in user (kthompson@socfoundry.com)
[debug] [2026-04-24T01:13:12.986Z] > command requires scopes: ["email","openid","https://www.googleapis.com/auth/cloudplatformprojects.readonly","https://www.googleapis.com/auth/firebase","https://www.googleapis.com/auth/cloud-platform"]
[debug] [2026-04-24T01:13:12.986Z] > authorizing via signed-in user (kthompson@socfoundry.com)
[debug] [2026-04-24T01:13:13.062Z] Checked if tokens are valid: false, expires at: 1776003429427
[debug] [2026-04-24T01:13:13.062Z] Checked if tokens are valid: false, expires at: 1776003429427
[debug] [2026-04-24T01:13:13.062Z] > refreshing access token with scopes: []
[debug] [2026-04-24T01:13:13.063Z] >>> [apiv2][query] POST https://www.googleapis.com/oauth2/v3/token [none]
[debug] [2026-04-24T01:13:13.063Z] >>> [apiv2][body] POST https://www.googleapis.com/oauth2/v3/token [omitted]
[debug] [2026-04-24T01:13:13.066Z] Checked if tokens are valid: false, expires at: 1776003429427
[debug] [2026-04-24T01:13:13.066Z] Checked if tokens are valid: false, expires at: 1776003429427
[debug] [2026-04-24T01:13:13.066Z] > refreshing access token with scopes: []
[debug] [2026-04-24T01:13:13.066Z] >>> [apiv2][query] POST https://www.googleapis.com/oauth2/v3/token [none]
[debug] [2026-04-24T01:13:13.067Z] >>> [apiv2][body] POST https://www.googleapis.com/oauth2/v3/token [omitted]
[debug] [2026-04-24T01:13:13.069Z] Checked if tokens are valid: false, expires at: 1776003429427
[debug] [2026-04-24T01:13:13.069Z] Checked if tokens are valid: false, expires at: 1776003429427
[debug] [2026-04-24T01:13:13.069Z] > refreshing access token with scopes: []
[debug] [2026-04-24T01:13:13.070Z] >>> [apiv2][query] POST https://www.googleapis.com/oauth2/v3/token [none]
[debug] [2026-04-24T01:13:13.070Z] >>> [apiv2][body] POST https://www.googleapis.com/oauth2/v3/token [omitted]
[debug] [2026-04-24T01:13:13.188Z] <<< [apiv2][status] POST https://www.googleapis.com/oauth2/v3/token 400
[debug] [2026-04-24T01:13:13.188Z] <<< [apiv2][body] POST https://www.googleapis.com/oauth2/v3/token [omitted]
[error] Authentication Error: Your credentials are no longer valid. Please run firebase login --reauth

For CI servers and headless environments, generate a new token with firebase login:ci
[error] Authentication Error: Your credentials are no longer valid. Please run firebase login --reauth

For CI servers and headless environments, generate a new token with firebase login:ci
[debug] [2026-04-24T01:13:13.192Z] <<< [apiv2][status] POST https://www.googleapis.com/oauth2/v3/token 400
[debug] [2026-04-24T01:13:13.192Z] <<< [apiv2][body] POST https://www.googleapis.com/oauth2/v3/token [omitted]
[error] Authentication Error: Your credentials are no longer valid. Please run firebase login --reauth

For CI servers and headless environments, generate a new token with firebase login:ci
[error] Authentication Error: Your credentials are no longer valid. Please run firebase login --reauth

For CI servers and headless environments, generate a new token with firebase login:ci
[debug] [2026-04-24T01:13:13.194Z] <<< [apiv2][status] POST https://www.googleapis.com/oauth2/v3/token 400
[debug] [2026-04-24T01:13:13.194Z] <<< [apiv2][body] POST https://www.googleapis.com/oauth2/v3/token [omitted]
[error] Authentication Error: Your credentials are no longer valid. Please run firebase login --reauth

For CI servers and headless environments, generate a new token with firebase login:ci
[error] Authentication Error: Your credentials are no longer valid. Please run firebase login --reauth

For CI servers and headless environments, generate a new token with firebase login:ci
[debug] [2026-04-24T01:13:13.230Z] > command requires scopes: ["email","openid","https://www.googleapis.com/auth/cloudplatformprojects.readonly","https://www.googleapis.com/auth/firebase","https://www.googleapis.com/auth/cloud-platform"]
[debug] [2026-04-24T01:13:13.231Z] > authorizing via signed-in user (kthompson@socfoundry.com)
[debug] [2026-04-24T01:13:13.231Z] >>> [apiv2][query] POST https://developerknowledge.googleapis.com/mcp [none]
[debug] [2026-04-24T01:13:13.231Z] >>> [apiv2][body] POST https://developerknowledge.googleapis.com/mcp {"method":"tools/list","jsonrpc":"2.0","id":1}
[debug] [2026-04-24T01:13:13.232Z] > command requires scopes: ["email","openid","https://www.googleapis.com/auth/cloudplatformprojects.readonly","https://www.googleapis.com/auth/firebase","https://www.googleapis.com/auth/cloud-platform"]
[debug] [2026-04-24T01:13:13.232Z] > authorizing via signed-in user (kthompson@socfoundry.com)
[debug] [2026-04-24T01:13:13.232Z] > command requires scopes: ["email","openid","https://www.googleapis.com/auth/cloudplatformprojects.readonly","https://www.googleapis.com/auth/firebase","https://www.googleapis.com/auth/cloud-platform"]
[debug] [2026-04-24T01:13:13.232Z] > authorizing via signed-in user (kthompson@socfoundry.com)
[debug] [2026-04-24T01:13:13.384Z] <<< [apiv2][status] POST https://developerknowledge.googleapis.com/mcp 200
[debug] [2026-04-24T01:13:13.384Z] <<< [apiv2][body] POST https://developerknowledge.googleapis.com/mcp {"id":1,"jsonrpc":"2.0","result":{"tools":[{"annotations":{"destructiveHint":false,"idempotentHint":true,"openWorldHint":false,"readOnlyHint":true},"description":"Use this tool to find documentation about Google developer products. The documents contain official APIs, code snippets, release notes, best practices, guides, debugging info, and more. It covers the following products and domains:\n\n\n* ADK: adk.dev\n\n* Android: developer.android.com\n\n* Apigee: docs.apigee.com\n\n* Chrome: developer.chrome.com\n\n* Firebase: firebase.google.com\n\n* Fuchsia: fuchsia.dev\n\n* Go: go.dev\n\n* Google AI: ai.google.dev\n\n* Google Cloud: docs.cloud.google.com\n\n* Google Developers, Ads, Search, Google Maps, Youtube: developers.google.com\n\n* Google Home: developers.home.google.com\n\n* TensorFlow: www.tensorflow.org\n\n* Web: web.dev\n\n\nThis tool returns chunks of text, names, and URLs for matching documents. If the returned chunks are not detailed enough to answer the user's question, use `get_documents` with the `parent` from this tool's output to retrieve the full document content.\n","inputSchema":{"description":"Request schema for search_documents. Use the query field to search for related Google developer documentation.","properties":{"query":{"description":"Required. The raw query string provided by the user, such as \"How to create a Cloud Storage bucket?\".","type":"string"}},"required":["query"],"type":"object"},"name":"search_documents","outputSchema":{"$defs":{"DocumentChunk":{"description":"A DocumentChunk represents a piece of content from a Document in the DeveloperKnowledge corpus. To fetch the entire document content, pass the `parent` to get_document or batch_get_documents.","properties":{"content":{"description":"Output only. The content of the document chunk.","readOnly":true,"type":"string"},"id":{"description":"Output only. The ID of this chunk within the document. The chunk ID is unique within a document, but not globally unique across documents. The chunk ID is not stable and may change over time.","readOnly":true,"type":"string"},"parent":{"description":"Output only. The resource name of the document this chunk is from. Format: `documents/{uri_without_scheme}` Example: `documents/docs.cloud.google.com/storage/docs/creating-buckets`","readOnly":true,"type":"string"}},"type":"object"}},"description":"Response schema for search_documents.","properties":{"results":{"description":"The search results for the given query. Each Document in this list contains a snippet of content relevant to the search query. Use the DocumentChunk.name field of each result with get_documents to retrieve the full document content.","items":{"$ref":"#/$defs/DocumentChunk"},"type":"array"}},"type":"object"}},{"annotations":{"destructiveHint":false,"idempotentHint":true,"openWorldHint":false,"readOnlyHint":true},"description":"Use answer_query to get a grounded answer to a query about Google developer products. This tool has limited quota. This tool will synthesize information from the corpus to generate an answer to the query. answer_query grounds answers using the same corpus as search_documents. If you get a 429 out of quota error, use search_documents instead.","inputSchema":{"description":"Request message for AnswerQuery.","properties":{"query":{"description":"Required. The query to answer.","type":"string"}},"required":["query"],"type":"object"},"name":"answer_query","outputSchema":{"description":"Response message for AnswerQuery.","properties":{"answerText":{"description":"The answer to the query.","type":"string"}},"type":"object"}},{"annotations":{"destructiveHint":false,"idempotentHint":true,"openWorldHint":false,"readOnlyHint":true},"description":"Use this tool to retrieve the full content of a single document or up to 20 documents in a single call. The document names should be obtained from the `parent` field of results from a call to the `search_documents` tool. Set the `names` parameter to a list of document names.","inputSchema":{"description":"Request schema for get_documents.","properties":{"names":{"description":"Required. The names of the documents to retrieve, as returned by search_documents. A maximum of 20 documents can be retrieved in one call. The documents are returned in the same order as the `names` in the request. Format: `documents/{uri_without_scheme}` Example: `documents/docs.cloud.google.com/storage/docs/creating-buckets`","items":{"type":"string"},"type":"array"}},"required":["names"],"type":"object"},"name":"get_documents","outputSchema":{"$defs":{"Document":{"description":"A Document represents a piece of content from the Developer Knowledge corpus.","properties":{"content":{"description":"Output only. The content of the document in Markdown format.","readOnly":true,"type":"string"},"description":{"description":"Output only. A description of the document.","readOnly":true,"type":"string"},"name":{"description":"Identifier. The resource name of the document. Format: `documents/{uri_without_scheme}` Example: `documents/docs.cloud.google.com/storage/docs/creating-buckets`","type":"string","x-google-identifier":true},"title":{"description":"Output only. The title of the document.","readOnly":true,"type":"string"},"uri":{"description":"Output only. The URI of the content, such as `https://cloud.google.com/storage/docs/creating-buckets`.","readOnly":true,"type":"string"}},"type":"object"}},"description":"Response schema for get_documents.","properties":{"documents":{"description":"Documents requested.","items":{"$ref":"#/$defs/Document"},"type":"array"}},"type":"object"}}]}}
[debug] [2026-04-24T01:13:13.385Z] > command requires scopes: ["email","openid","https://www.googleapis.com/auth/cloudplatformprojects.readonly","https://www.googleapis.com/auth/firebase","https://www.googleapis.com/auth/cloud-platform"]
[debug] [2026-04-24T01:13:13.385Z] > authorizing via signed-in user (kthompson@socfoundry.com)
[debug] [2026-04-30T16:43:31.606Z] > command requires scopes: ["email","openid","https://www.googleapis.com/auth/cloudplatformprojects.readonly","https://www.googleapis.com/auth/firebase","https://www.googleapis.com/auth/cloud-platform"]
[debug] [2026-04-30T16:43:31.607Z] > authorizing via signed-in user (kthompson@socfoundry.com)
[debug] [2026-04-30T16:43:31.607Z] > command requires scopes: ["email","openid","https://www.googleapis.com/auth/cloudplatformprojects.readonly","https://www.googleapis.com/auth/firebase","https://www.googleapis.com/auth/cloud-platform"]
[debug] [2026-04-30T16:43:31.607Z] > authorizing via signed-in user (kthompson@socfoundry.com)
[debug] [2026-04-30T16:43:31.616Z] > command requires scopes: ["email","openid","https://www.googleapis.com/auth/cloudplatformprojects.readonly","https://www.googleapis.com/auth/firebase","https://www.googleapis.com/auth/cloud-platform"]
[debug] [2026-04-30T16:43:31.616Z] > authorizing via signed-in user (kthompson@socfoundry.com)
[debug] [2026-04-30T16:43:31.687Z] Checked if tokens are valid: false, expires at: 1776003429427
[debug] [2026-04-30T16:43:31.688Z] Checked if tokens are valid: false, expires at: 1776003429427
[debug] [2026-04-30T16:43:31.688Z] > refreshing access token with scopes: []
[debug] [2026-04-30T16:43:31.688Z] >>> [apiv2][query] POST https://www.googleapis.com/oauth2/v3/token [none]
[debug] [2026-04-30T16:43:31.688Z] >>> [apiv2][body] POST https://www.googleapis.com/oauth2/v3/token [omitted]
[debug] [2026-04-30T16:43:31.691Z] Checked if tokens are valid: false, expires at: 1776003429427
[debug] [2026-04-30T16:43:31.691Z] Checked if tokens are valid: false, expires at: 1776003429427
[debug] [2026-04-30T16:43:31.691Z] > refreshing access token with scopes: []
[debug] [2026-04-30T16:43:31.692Z] >>> [apiv2][query] POST https://www.googleapis.com/oauth2/v3/token [none]
[debug] [2026-04-30T16:43:31.692Z] >>> [apiv2][body] POST https://www.googleapis.com/oauth2/v3/token [omitted]
[debug] [2026-04-30T16:43:31.695Z] Checked if tokens are valid: false, expires at: 1776003429427
[debug] [2026-04-30T16:43:31.695Z] Checked if tokens are valid: false, expires at: 1776003429427
[debug] [2026-04-30T16:43:31.695Z] > refreshing access token with scopes: []
[debug] [2026-04-30T16:43:31.695Z] >>> [apiv2][query] POST https://www.googleapis.com/oauth2/v3/token [none]
[debug] [2026-04-30T16:43:31.695Z] >>> [apiv2][body] POST https://www.googleapis.com/oauth2/v3/token [omitted]
[debug] [2026-04-30T16:43:31.835Z] <<< [apiv2][status] POST https://www.googleapis.com/oauth2/v3/token 400
[debug] [2026-04-30T16:43:31.835Z] <<< [apiv2][body] POST https://www.googleapis.com/oauth2/v3/token [omitted]
[error] Authentication Error: Your credentials are no longer valid. Please run firebase login --reauth

For CI servers and headless environments, generate a new token with firebase login:ci
[error] Authentication Error: Your credentials are no longer valid. Please run firebase login --reauth

For CI servers and headless environments, generate a new token with firebase login:ci
[debug] [2026-04-30T16:43:31.840Z] <<< [apiv2][status] POST https://www.googleapis.com/oauth2/v3/token 400
[debug] [2026-04-30T16:43:31.840Z] <<< [apiv2][body] POST https://www.googleapis.com/oauth2/v3/token [omitted]
[error] Authentication Error: Your credentials are no longer valid. Please run firebase login --reauth

For CI servers and headless environments, generate a new token with firebase login:ci
[error] Authentication Error: Your credentials are no longer valid. Please run firebase login --reauth

For CI servers and headless environments, generate a new token with firebase login:ci
[debug] [2026-04-30T16:43:31.875Z] > command requires scopes: ["email","openid","https://www.googleapis.com/auth/cloudplatformprojects.readonly","https://www.googleapis.com/auth/firebase","https://www.googleapis.com/auth/cloud-platform"]
[debug] [2026-04-30T16:43:31.875Z] > authorizing via signed-in user (kthompson@socfoundry.com)
[debug] [2026-04-30T16:43:31.876Z] > command requires scopes: ["email","openid","https://www.googleapis.com/auth/cloudplatformprojects.readonly","https://www.googleapis.com/auth/firebase","https://www.googleapis.com/auth/cloud-platform"]
[debug] [2026-04-30T16:43:31.876Z] > authorizing via signed-in user (kthompson@socfoundry.com)
[debug] [2026-04-30T16:43:31.881Z] > command requires scopes: ["email","openid","https://www.googleapis.com/auth/cloudplatformprojects.readonly","https://www.googleapis.com/auth/firebase","https://www.googleapis.com/auth/cloud-platform"]
[debug] [2026-04-30T16:43:31.881Z] > authorizing via signed-in user (kthompson@socfoundry.com)
[debug] [2026-04-30T16:43:31.881Z] >>> [apiv2][query] POST https://developerknowledge.googleapis.com/mcp [none]
[debug] [2026-04-30T16:43:31.881Z] >>> [apiv2][body] POST https://developerknowledge.googleapis.com/mcp {"method":"tools/list","jsonrpc":"2.0","id":1}
[debug] [2026-04-30T16:43:31.886Z] <<< [apiv2][status] POST https://www.googleapis.com/oauth2/v3/token 400
[debug] [2026-04-30T16:43:31.886Z] <<< [apiv2][body] POST https://www.googleapis.com/oauth2/v3/token [omitted]
[error] Authentication Error: Your credentials are no longer valid. Please run firebase login --reauth

For CI servers and headless environments, generate a new token with firebase login:ci
[error] Authentication Error: Your credentials are no longer valid. Please run firebase login --reauth

For CI servers and headless environments, generate a new token with firebase login:ci
[debug] [2026-04-30T16:43:32.052Z] <<< [apiv2][status] POST https://developerknowledge.googleapis.com/mcp 200
[debug] [2026-04-30T16:43:32.052Z] <<< [apiv2][body] POST https://developerknowledge.googleapis.com/mcp {"id":1,"jsonrpc":"2.0","result":{"tools":[{"annotations":{"destructiveHint":false,"idempotentHint":true,"openWorldHint":false,"readOnlyHint":true},"description":"Use this tool to find documentation about Google developer products. The documents contain official APIs, code snippets, release notes, best practices, guides, debugging info, and more. It covers the following products and domains:\n\n\n* ADK: adk.dev\n\n* Android: developer.android.com\n\n* Apigee: docs.apigee.com\n\n* Chrome: developer.chrome.com\n\n* Firebase: firebase.google.com\n\n* Fuchsia: fuchsia.dev\n\n* Go: go.dev\n\n* Google AI: ai.google.dev\n\n* Google Cloud: docs.cloud.google.com\n\n* Google Developers, Ads, Search, Google Maps, Youtube: developers.google.com\n\n* Google Home: developers.home.google.com\n\n* TensorFlow: www.tensorflow.org\n\n* Web: web.dev\n\n\nThis tool returns chunks of text, names, and URLs for matching documents. If the returned chunks are not detailed enough to answer the user's question, use `get_documents` with the `parent` from this tool's output to retrieve the full document content.\n","inputSchema":{"description":"Request schema for search_documents. Use the query field to search for related Google developer documentation.","properties":{"query":{"description":"Required. The raw query string provided by the user, such as \"How to create a Cloud Storage bucket?\".","type":"string"}},"required":["query"],"type":"object"},"name":"search_documents","outputSchema":{"$defs":{"DocumentChunk":{"description":"A DocumentChunk represents a piece of content from a Document in the DeveloperKnowledge corpus. To fetch the entire document content, pass the `parent` to get_document or batch_get_documents.","properties":{"content":{"description":"Output only. The content of the document chunk.","readOnly":true,"type":"string"},"id":{"description":"Output only. The ID of this chunk within the document. The chunk ID is unique within a document, but not globally unique across documents. The chunk ID is not stable and may change over time.","readOnly":true,"type":"string"},"parent":{"description":"Output only. The resource name of the document this chunk is from. Format: `documents/{uri_without_scheme}` Example: `documents/docs.cloud.google.com/storage/docs/creating-buckets`","readOnly":true,"type":"string"}},"type":"object"}},"description":"Response schema for search_documents.","properties":{"results":{"description":"The search results for the given query. Each Document in this list contains a snippet of content relevant to the search query. Use the DocumentChunk.name field of each result with get_documents to retrieve the full document content.","items":{"$ref":"#/$defs/DocumentChunk"},"type":"array"}},"type":"object"}},{"annotations":{"destructiveHint":false,"idempotentHint":true,"openWorldHint":false,"readOnlyHint":true},"description":"Use answer_query to get a grounded answer to a query about Google developer products. This tool has limited quota. This tool will synthesize information from the corpus to generate an answer to the query. answer_query grounds answers using the same corpus as search_documents. If you get a 429 out of quota error, use search_documents instead.","inputSchema":{"description":"Request message for AnswerQuery.","properties":{"query":{"description":"Required. The query to answer.","type":"string"}},"required":["query"],"type":"object"},"name":"answer_query","outputSchema":{"description":"Response message for AnswerQuery.","properties":{"answerText":{"description":"The answer to the query.","type":"string"}},"type":"object"}},{"annotations":{"destructiveHint":false,"idempotentHint":true,"openWorldHint":false,"readOnlyHint":true},"description":"Use this tool to retrieve the full content of a single document or up to 20 documents in a single call. The document names should be obtained from the `parent` field of results from a call to the `search_documents` tool. Set the `names` parameter to a list of document names.","inputSchema":{"description":"Request schema for get_documents.","properties":{"names":{"description":"Required. The names of the documents to retrieve, as returned by search_documents. A maximum of 20 documents can be retrieved in one call. The documents are returned in the same order as the `names` in the request. Format: `documents/{uri_without_scheme}` Example: `documents/docs.cloud.google.com/storage/docs/creating-buckets`","items":{"type":"string"},"type":"array"}},"required":["names"],"type":"object"},"name":"get_documents","outputSchema":{"$defs":{"Document":{"description":"A Document represents a piece of content from the Developer Knowledge corpus.","properties":{"content":{"description":"Output only. The content of the document in Markdown format.","readOnly":true,"type":"string"},"description":{"description":"Output only. A description of the document.","readOnly":true,"type":"string"},"name":{"description":"Identifier. The resource name of the document. Format: `documents/{uri_without_scheme}` Example: `documents/docs.cloud.google.com/storage/docs/creating-buckets`","type":"string","x-google-identifier":true},"title":{"description":"Output only. The title of the document.","readOnly":true,"type":"string"},"uri":{"description":"Output only. The URI of the content, such as `https://cloud.google.com/storage/docs/creating-buckets`.","readOnly":true,"type":"string"}},"type":"object"}},"description":"Response schema for get_documents.","properties":{"documents":{"description":"Documents requested.","items":{"$ref":"#/$defs/Document"},"type":"array"}},"type":"object"}}]}}
[debug] [2026-04-30T16:43:32.053Z] > command requires scopes: ["email","openid","https://www.googleapis.com/auth/cloudplatformprojects.readonly","https://www.googleapis.com/auth/firebase","https://www.googleapis.com/auth/cloud-platform"]
[debug] [2026-04-30T16:43:32.053Z] > authorizing via signed-in user (kthompson@socfoundry.com)
[debug] [2026-04-30T17:18:31.070Z] > command requires scopes: ["email","openid","https://www.googleapis.com/auth/cloudplatformprojects.readonly","https://www.googleapis.com/auth/firebase","https://www.googleapis.com/auth/cloud-platform"]
[debug] [2026-04-30T17:18:31.071Z] > authorizing via signed-in user (kthompson@socfoundry.com)
[debug] [2026-04-30T17:18:31.071Z] > command requires scopes: ["email","openid","https://www.googleapis.com/auth/cloudplatformprojects.readonly","https://www.googleapis.com/auth/firebase","https://www.googleapis.com/auth/cloud-platform"]
[debug] [2026-04-30T17:18:31.071Z] > authorizing via signed-in user (kthompson@socfoundry.com)
[debug] [2026-04-30T17:18:31.078Z] > command requires scopes: ["email","openid","https://www.googleapis.com/auth/cloudplatformprojects.readonly","https://www.googleapis.com/auth/firebase","https://www.googleapis.com/auth/cloud-platform"]
[debug] [2026-04-30T17:18:31.078Z] > authorizing via signed-in user (kthompson@socfoundry.com)
[debug] [2026-04-30T17:18:31.178Z] Checked if tokens are valid: false, expires at: 1776003429427
[debug] [2026-04-30T17:18:31.179Z] Checked if tokens are valid: false, expires at: 1776003429427
[debug] [2026-04-30T17:18:31.179Z] > refreshing access token with scopes: []
[debug] [2026-04-30T17:18:31.180Z] >>> [apiv2][query] POST https://www.googleapis.com/oauth2/v3/token [none]
[debug] [2026-04-30T17:18:31.180Z] >>> [apiv2][body] POST https://www.googleapis.com/oauth2/v3/token [omitted]
[debug] [2026-04-30T17:18:31.185Z] Checked if tokens are valid: false, expires at: 1776003429427
[debug] [2026-04-30T17:18:31.185Z] Checked if tokens are valid: false, expires at: 1776003429427
[debug] [2026-04-30T17:18:31.185Z] > refreshing access token with scopes: []
[debug] [2026-04-30T17:18:31.185Z] >>> [apiv2][query] POST https://www.googleapis.com/oauth2/v3/token [none]
[debug] [2026-04-30T17:18:31.185Z] >>> [apiv2][body] POST https://www.googleapis.com/oauth2/v3/token [omitted]
[debug] [2026-04-30T17:18:31.189Z] Checked if tokens are valid: false, expires at: 1776003429427
[debug] [2026-04-30T17:18:31.189Z] Checked if tokens are valid: false, expires at: 1776003429427
[debug] [2026-04-30T17:18:31.189Z] > refreshing access token with scopes: []
[debug] [2026-04-30T17:18:31.189Z] >>> [apiv2][query] POST https://www.googleapis.com/oauth2/v3/token [none]
[debug] [2026-04-30T17:18:31.189Z] >>> [apiv2][body] POST https://www.googleapis.com/oauth2/v3/token [omitted]
[debug] [2026-04-30T17:18:31.311Z] <<< [apiv2][status] POST https://www.googleapis.com/oauth2/v3/token 400
[debug] [2026-04-30T17:18:31.311Z] <<< [apiv2][body] POST https://www.googleapis.com/oauth2/v3/token [omitted]
[error] Authentication Error: Your credentials are no longer valid. Please run firebase login --reauth

For CI servers and headless environments, generate a new token with firebase login:ci
[error] Authentication Error: Your credentials are no longer valid. Please run firebase login --reauth

For CI servers and headless environments, generate a new token with firebase login:ci
[debug] [2026-04-30T17:18:31.313Z] <<< [apiv2][status] POST https://www.googleapis.com/oauth2/v3/token 400
[debug] [2026-04-30T17:18:31.313Z] <<< [apiv2][body] POST https://www.googleapis.com/oauth2/v3/token [omitted]
[error] Authentication Error: Your credentials are no longer valid. Please run firebase login --reauth

For CI servers and headless environments, generate a new token with firebase login:ci
[error] Authentication Error: Your credentials are no longer valid. Please run firebase login --reauth

For CI servers and headless environments, generate a new token with firebase login:ci
[debug] [2026-04-30T17:18:31.314Z] <<< [apiv2][status] POST https://www.googleapis.com/oauth2/v3/token 400
[debug] [2026-04-30T17:18:31.314Z] <<< [apiv2][body] POST https://www.googleapis.com/oauth2/v3/token [omitted]
[error] Authentication Error: Your credentials are no longer valid. Please run firebase login --reauth

For CI servers and headless environments, generate a new token with firebase login:ci
[error] Authentication Error: Your credentials are no longer valid. Please run firebase login --reauth

For CI servers and headless environments, generate a new token with firebase login:ci
[debug] [2026-04-30T17:18:31.352Z] > command requires scopes: ["email","openid","https://www.googleapis.com/auth/cloudplatformprojects.readonly","https://www.googleapis.com/auth/firebase","https://www.googleapis.com/auth/cloud-platform"]
[debug] [2026-04-30T17:18:31.353Z] > authorizing via signed-in user (kthompson@socfoundry.com)
[debug] [2026-04-30T17:18:31.353Z] >>> [apiv2][query] POST https://developerknowledge.googleapis.com/mcp [none]
[debug] [2026-04-30T17:18:31.353Z] >>> [apiv2][body] POST https://developerknowledge.googleapis.com/mcp {"method":"tools/list","jsonrpc":"2.0","id":1}
[debug] [2026-04-30T17:18:31.354Z] > command requires scopes: ["email","openid","https://www.googleapis.com/auth/cloudplatformprojects.readonly","https://www.googleapis.com/auth/firebase","https://www.googleapis.com/auth/cloud-platform"]
[debug] [2026-04-30T17:18:31.354Z] > authorizing via signed-in user (kthompson@socfoundry.com)
[debug] [2026-04-30T17:18:31.354Z] > command requires scopes: ["email","openid","https://www.googleapis.com/auth/cloudplatformprojects.readonly","https://www.googleapis.com/auth/firebase","https://www.googleapis.com/auth/cloud-platform"]
[debug] [2026-04-30T17:18:31.354Z] > authorizing via signed-in user (kthompson@socfoundry.com)
[debug] [2026-04-30T17:18:31.500Z] <<< [apiv2][status] POST https://developerknowledge.googleapis.com/mcp 200
[debug] [2026-04-30T17:18:31.500Z] <<< [apiv2][body] POST https://developerknowledge.googleapis.com/mcp {"id":1,"jsonrpc":"2.0","result":{"tools":[{"annotations":{"destructiveHint":false,"idempotentHint":true,"openWorldHint":false,"readOnlyHint":true},"description":"Use this tool to find documentation about Google developer products. The documents contain official APIs, code snippets, release notes, best practices, guides, debugging info, and more. It covers the following products and domains:\n\n\n* ADK: adk.dev\n\n* Android: developer.android.com\n\n* Apigee: docs.apigee.com\n\n* Chrome: developer.chrome.com\n\n* Firebase: firebase.google.com\n\n* Fuchsia: fuchsia.dev\n\n* Go: go.dev\n\n* Google AI: ai.google.dev\n\n* Google Cloud: docs.cloud.google.com\n\n* Google Developers, Ads, Search, Google Maps, Youtube: developers.google.com\n\n* Google Home: developers.home.google.com\n\n* TensorFlow: www.tensorflow.org\n\n* Web: web.dev\n\n\nThis tool returns chunks of text, names, and URLs for matching documents. If the returned chunks are not detailed enough to answer the user's question, use `get_documents` with the `parent` from this tool's output to retrieve the full document content.\n","inputSchema":{"description":"Request schema for search_documents. Use the query field to search for related Google developer documentation.","properties":{"query":{"description":"Required. The raw query string provided by the user, such as \"How to create a Cloud Storage bucket?\".","type":"string"}},"required":["query"],"type":"object"},"name":"search_documents","outputSchema":{"$defs":{"DocumentChunk":{"description":"A DocumentChunk represents a piece of content from a Document in the DeveloperKnowledge corpus. To fetch the entire document content, pass the `parent` to get_document or batch_get_documents.","properties":{"content":{"description":"Output only. The content of the document chunk.","readOnly":true,"type":"string"},"id":{"description":"Output only. The ID of this chunk within the document. The chunk ID is unique within a document, but not globally unique across documents. The chunk ID is not stable and may change over time.","readOnly":true,"type":"string"},"parent":{"description":"Output only. The resource name of the document this chunk is from. Format: `documents/{uri_without_scheme}` Example: `documents/docs.cloud.google.com/storage/docs/creating-buckets`","readOnly":true,"type":"string"}},"type":"object"}},"description":"Response schema for search_documents.","properties":{"results":{"description":"The search results for the given query. Each Document in this list contains a snippet of content relevant to the search query. Use the DocumentChunk.name field of each result with get_documents to retrieve the full document content.","items":{"$ref":"#/$defs/DocumentChunk"},"type":"array"}},"type":"object"}},{"annotations":{"destructiveHint":false,"idempotentHint":true,"openWorldHint":false,"readOnlyHint":true},"description":"Use answer_query to get a grounded answer to a query about Google developer products. This tool has limited quota. This tool will synthesize information from the corpus to generate an answer to the query. answer_query grounds answers using the same corpus as search_documents. If you get a 429 out of quota error, use search_documents instead.","inputSchema":{"description":"Request message for AnswerQuery.","properties":{"query":{"description":"Required. The query to answer.","type":"string"}},"required":["query"],"type":"object"},"name":"answer_query","outputSchema":{"description":"Response message for AnswerQuery.","properties":{"answerText":{"description":"The answer to the query.","type":"string"}},"type":"object"}},{"annotations":{"destructiveHint":false,"idempotentHint":true,"openWorldHint":false,"readOnlyHint":true},"description":"Use this tool to retrieve the full content of a single document or up to 20 documents in a single call. The document names should be obtained from the `parent` field of results from a call to the `search_documents` tool. Set the `names` parameter to a list of document names.","inputSchema":{"description":"Request schema for get_documents.","properties":{"names":{"description":"Required. The names of the documents to retrieve, as returned by search_documents. A maximum of 20 documents can be retrieved in one call. The documents are returned in the same order as the `names` in the request. Format: `documents/{uri_without_scheme}` Example: `documents/docs.cloud.google.com/storage/docs/creating-buckets`","items":{"type":"string"},"type":"array"}},"required":["names"],"type":"object"},"name":"get_documents","outputSchema":{"$defs":{"Document":{"description":"A Document represents a piece of content from the Developer Knowledge corpus.","properties":{"content":{"description":"Output only. The content of the document in Markdown format.","readOnly":true,"type":"string"},"description":{"description":"Output only. A description of the document.","readOnly":true,"type":"string"},"name":{"description":"Identifier. The resource name of the document. Format: `documents/{uri_without_scheme}` Example: `documents/docs.cloud.google.com/storage/docs/creating-buckets`","type":"string","x-google-identifier":true},"title":{"description":"Output only. The title of the document.","readOnly":true,"type":"string"},"uri":{"description":"Output only. The URI of the content, such as `https://cloud.google.com/storage/docs/creating-buckets`.","readOnly":true,"type":"string"}},"type":"object"}},"description":"Response schema for get_documents.","properties":{"documents":{"description":"Documents requested.","items":{"$ref":"#/$defs/Document"},"type":"array"}},"type":"object"}}]}}
[debug] [2026-04-30T17:18:31.505Z] > command requires scopes: ["email","openid","https://www.googleapis.com/auth/cloudplatformprojects.readonly","https://www.googleapis.com/auth/firebase","https://www.googleapis.com/auth/cloud-platform"]
[debug] [2026-04-30T17:18:31.505Z] > authorizing via signed-in user (kthompson@socfoundry.com)
[debug] [2026-04-30T17:22:39.333Z] > command requires scopes: ["email","openid","https://www.googleapis.com/auth/cloudplatformprojects.readonly","https://www.googleapis.com/auth/firebase","https://www.googleapis.com/auth/cloud-platform"]
[debug] [2026-04-30T17:22:39.335Z] > authorizing via signed-in user (kthompson@socfoundry.com)
[debug] [2026-04-30T17:22:39.335Z] > command requires scopes: ["email","openid","https://www.googleapis.com/auth/cloudplatformprojects.readonly","https://www.googleapis.com/auth/firebase","https://www.googleapis.com/auth/cloud-platform"]
[debug] [2026-04-30T17:22:39.335Z] > authorizing via signed-in user (kthompson@socfoundry.com)
[debug] [2026-04-30T17:22:39.348Z] > command requires scopes: ["email","openid","https://www.googleapis.com/auth/cloudplatformprojects.readonly","https://www.googleapis.com/auth/firebase","https://www.googleapis.com/auth/cloud-platform"]
[debug] [2026-04-30T17:22:39.348Z] > authorizing via signed-in user (kthompson@socfoundry.com)
[debug] [2026-04-30T17:22:39.447Z] Checked if tokens are valid: false, expires at: 1776003429427
[debug] [2026-04-30T17:22:39.447Z] Checked if tokens are valid: false, expires at: 1776003429427
[debug] [2026-04-30T17:22:39.447Z] > refreshing access token with scopes: []
[debug] [2026-04-30T17:22:39.448Z] >>> [apiv2][query] POST https://www.googleapis.com/oauth2/v3/token [none]
[debug] [2026-04-30T17:22:39.448Z] >>> [apiv2][body] POST https://www.googleapis.com/oauth2/v3/token [omitted]
[debug] [2026-04-30T17:22:39.453Z] Checked if tokens are valid: false, expires at: 1776003429427
[debug] [2026-04-30T17:22:39.453Z] Checked if tokens are valid: false, expires at: 1776003429427
[debug] [2026-04-30T17:22:39.453Z] > refreshing access token with scopes: []
[debug] [2026-04-30T17:22:39.453Z] >>> [apiv2][query] POST https://www.googleapis.com/oauth2/v3/token [none]
[debug] [2026-04-30T17:22:39.453Z] >>> [apiv2][body] POST https://www.googleapis.com/oauth2/v3/token [omitted]
[debug] [2026-04-30T17:22:39.457Z] Checked if tokens are valid: false, expires at: 1776003429427
[debug] [2026-04-30T17:22:39.457Z] Checked if tokens are valid: false, expires at: 1776003429427
[debug] [2026-04-30T17:22:39.457Z] > refreshing access token with scopes: []
[debug] [2026-04-30T17:22:39.457Z] >>> [apiv2][query] POST https://www.googleapis.com/oauth2/v3/token [none]
[debug] [2026-04-30T17:22:39.457Z] >>> [apiv2][body] POST https://www.googleapis.com/oauth2/v3/token [omitted]
[debug] [2026-04-30T17:22:39.588Z] <<< [apiv2][status] POST https://www.googleapis.com/oauth2/v3/token 400
[debug] [2026-04-30T17:22:39.588Z] <<< [apiv2][body] POST https://www.googleapis.com/oauth2/v3/token [omitted]
[error] Authentication Error: Your credentials are no longer valid. Please run firebase login --reauth

For CI servers and headless environments, generate a new token with firebase login:ci
[error] Authentication Error: Your credentials are no longer valid. Please run firebase login --reauth

For CI servers and headless environments, generate a new token with firebase login:ci
[debug] [2026-04-30T17:22:39.588Z] <<< [apiv2][status] POST https://www.googleapis.com/oauth2/v3/token 400
[debug] [2026-04-30T17:22:39.588Z] <<< [apiv2][body] POST https://www.googleapis.com/oauth2/v3/token [omitted]
[error] Authentication Error: Your credentials are no longer valid. Please run firebase login --reauth

For CI servers and headless environments, generate a new token with firebase login:ci
[error] Authentication Error: Your credentials are no longer valid. Please run firebase login --reauth

For CI servers and headless environments, generate a new token with firebase login:ci
[debug] [2026-04-30T17:22:39.606Z] <<< [apiv2][status] POST https://www.googleapis.com/oauth2/v3/token 400
[debug] [2026-04-30T17:22:39.606Z] <<< [apiv2][body] POST https://www.googleapis.com/oauth2/v3/token [omitted]
[error] Authentication Error: Your credentials are no longer valid. Please run firebase login --reauth

For CI servers and headless environments, generate a new token with firebase login:ci
[error] Authentication Error: Your credentials are no longer valid. Please run firebase login --reauth

For CI servers and headless environments, generate a new token with firebase login:ci
[debug] [2026-04-30T17:22:39.629Z] > command requires scopes: ["email","openid","https://www.googleapis.com/auth/cloudplatformprojects.readonly","https://www.googleapis.com/auth/firebase","https://www.googleapis.com/auth/cloud-platform"]
[debug] [2026-04-30T17:22:39.629Z] > authorizing via signed-in user (kthompson@socfoundry.com)
[debug] [2026-04-30T17:22:39.630Z] >>> [apiv2][query] POST https://developerknowledge.googleapis.com/mcp [none]
[debug] [2026-04-30T17:22:39.630Z] >>> [apiv2][body] POST https://developerknowledge.googleapis.com/mcp {"method":"tools/list","jsonrpc":"2.0","id":1}
[debug] [2026-04-30T17:22:39.647Z] > command requires scopes: ["email","openid","https://www.googleapis.com/auth/cloudplatformprojects.readonly","https://www.googleapis.com/auth/firebase","https://www.googleapis.com/auth/cloud-platform"]
[debug] [2026-04-30T17:22:39.647Z] > authorizing via signed-in user (kthompson@socfoundry.com)
[debug] [2026-04-30T17:22:39.647Z] > command requires scopes: ["email","openid","https://www.googleapis.com/auth/cloudplatformprojects.readonly","https://www.googleapis.com/auth/firebase","https://www.googleapis.com/auth/cloud-platform"]
[debug] [2026-04-30T17:22:39.647Z] > authorizing via signed-in user (kthompson@socfoundry.com)
[debug] [2026-04-30T17:22:39.697Z] <<< [apiv2][status] POST https://developerknowledge.googleapis.com/mcp 200
[debug] [2026-04-30T17:22:39.697Z] <<< [apiv2][body] POST https://developerknowledge.googleapis.com/mcp {"id":1,"jsonrpc":"2.0","result":{"tools":[{"annotations":{"destructiveHint":false,"idempotentHint":true,"openWorldHint":false,"readOnlyHint":true},"description":"Use this tool to find documentation about Google developer products. The documents contain official APIs, code snippets, release notes, best practices, guides, debugging info, and more. It covers the following products and domains:\n\n\n* ADK: adk.dev\n\n* Android: developer.android.com\n\n* Apigee: docs.apigee.com\n\n* Chrome: developer.chrome.com\n\n* Firebase: firebase.google.com\n\n* Fuchsia: fuchsia.dev\n\n* Go: go.dev\n\n* Google AI: ai.google.dev\n\n* Google Cloud: docs.cloud.google.com\n\n* Google Developers, Ads, Search, Google Maps, Youtube: developers.google.com\n\n* Google Home: developers.home.google.com\n\n* TensorFlow: www.tensorflow.org\n\n* Web: web.dev\n\n\nThis tool returns chunks of text, names, and URLs for matching documents. If the returned chunks are not detailed enough to answer the user's question, use `get_documents` with the `parent` from this tool's output to retrieve the full document content.\n","inputSchema":{"description":"Request schema for search_documents. Use the query field to search for related Google developer documentation.","properties":{"query":{"description":"Required. The raw query string provided by the user, such as \"How to create a Cloud Storage bucket?\".","type":"string"}},"required":["query"],"type":"object"},"name":"search_documents","outputSchema":{"$defs":{"DocumentChunk":{"description":"A DocumentChunk represents a piece of content from a Document in the DeveloperKnowledge corpus. To fetch the entire document content, pass the `parent` to get_document or batch_get_documents.","properties":{"content":{"description":"Output only. The content of the document chunk.","readOnly":true,"type":"string"},"id":{"description":"Output only. The ID of this chunk within the document. The chunk ID is unique within a document, but not globally unique across documents. The chunk ID is not stable and may change over time.","readOnly":true,"type":"string"},"parent":{"description":"Output only. The resource name of the document this chunk is from. Format: `documents/{uri_without_scheme}` Example: `documents/docs.cloud.google.com/storage/docs/creating-buckets`","readOnly":true,"type":"string"}},"type":"object"}},"description":"Response schema for search_documents.","properties":{"results":{"description":"The search results for the given query. Each Document in this list contains a snippet of content relevant to the search query. Use the DocumentChunk.name field of each result with get_documents to retrieve the full document content.","items":{"$ref":"#/$defs/DocumentChunk"},"type":"array"}},"type":"object"}},{"annotations":{"destructiveHint":false,"idempotentHint":true,"openWorldHint":false,"readOnlyHint":true},"description":"Use answer_query to get a grounded answer to a query about Google developer products. This tool has limited quota. This tool will synthesize information from the corpus to generate an answer to the query. answer_query grounds answers using the same corpus as search_documents. If you get a 429 out of quota error, use search_documents instead.","inputSchema":{"description":"Request message for AnswerQuery.","properties":{"query":{"description":"Required. The query to answer.","type":"string"}},"required":["query"],"type":"object"},"name":"answer_query","outputSchema":{"description":"Response message for AnswerQuery.","properties":{"answerText":{"description":"The answer to the query.","type":"string"}},"type":"object"}},{"annotations":{"destructiveHint":false,"idempotentHint":true,"openWorldHint":false,"readOnlyHint":true},"description":"Use this tool to retrieve the full content of a single document or up to 20 documents in a single call. The document names should be obtained from the `parent` field of results from a call to the `search_documents` tool. Set the `names` parameter to a list of document names.","inputSchema":{"description":"Request schema for get_documents.","properties":{"names":{"description":"Required. The names of the documents to retrieve, as returned by search_documents. A maximum of 20 documents can be retrieved in one call. The documents are returned in the same order as the `names` in the request. Format: `documents/{uri_without_scheme}` Example: `documents/docs.cloud.google.com/storage/docs/creating-buckets`","items":{"type":"string"},"type":"array"}},"required":["names"],"type":"object"},"name":"get_documents","outputSchema":{"$defs":{"Document":{"description":"A Document represents a piece of content from the Developer Knowledge corpus.","properties":{"content":{"description":"Output only. The content of the document in Markdown format.","readOnly":true,"type":"string"},"description":{"description":"Output only. A description of the document.","readOnly":true,"type":"string"},"name":{"description":"Identifier. The resource name of the document. Format: `documents/{uri_without_scheme}` Example: `documents/docs.cloud.google.com/storage/docs/creating-buckets`","type":"string","x-google-identifier":true},"title":{"description":"Output only. The title of the document.","readOnly":true,"type":"string"},"uri":{"description":"Output only. The URI of the content, such as `https://cloud.google.com/storage/docs/creating-buckets`.","readOnly":true,"type":"string"}},"type":"object"}},"description":"Response schema for get_documents.","properties":{"documents":{"description":"Documents requested.","items":{"$ref":"#/$defs/Document"},"type":"array"}},"type":"object"}}]}}
[debug] [2026-04-30T17:22:39.698Z] > command requires scopes: ["email","openid","https://www.googleapis.com/auth/cloudplatformprojects.readonly","https://www.googleapis.com/auth/firebase","https://www.googleapis.com/auth/cloud-platform"]
[debug] [2026-04-30T17:22:39.698Z] > authorizing via signed-in user (kthompson@socfoundry.com)
[debug] [2026-04-30T17:25:09.811Z] > command requires scopes: ["email","openid","https://www.googleapis.com/auth/cloudplatformprojects.readonly","https://www.googleapis.com/auth/firebase","https://www.googleapis.com/auth/cloud-platform"]
[debug] [2026-04-30T17:25:09.812Z] > authorizing via signed-in user (kthompson@socfoundry.com)
[debug] [2026-04-30T17:25:09.812Z] > command requires scopes: ["email","openid","https://www.googleapis.com/auth/cloudplatformprojects.readonly","https://www.googleapis.com/auth/firebase","https://www.googleapis.com/auth/cloud-platform"]
[debug] [2026-04-30T17:25:09.812Z] > authorizing via signed-in user (kthompson@socfoundry.com)
[debug] [2026-04-30T17:25:09.819Z] > command requires scopes: ["email","openid","https://www.googleapis.com/auth/cloudplatformprojects.readonly","https://www.googleapis.com/auth/firebase","https://www.googleapis.com/auth/cloud-platform"]
[debug] [2026-04-30T17:25:09.819Z] > authorizing via signed-in user (kthompson@socfoundry.com)
[debug] [2026-04-30T17:25:09.901Z] Checked if tokens are valid: false, expires at: 1776003429427
[debug] [2026-04-30T17:25:09.901Z] Checked if tokens are valid: false, expires at: 1776003429427
[debug] [2026-04-30T17:25:09.901Z] > refreshing access token with scopes: []
[debug] [2026-04-30T17:25:09.902Z] >>> [apiv2][query] POST https://www.googleapis.com/oauth2/v3/token [none]
[debug] [2026-04-30T17:25:09.903Z] >>> [apiv2][body] POST https://www.googleapis.com/oauth2/v3/token [omitted]
[debug] [2026-04-30T17:25:09.907Z] Checked if tokens are valid: false, expires at: 1776003429427
[debug] [2026-04-30T17:25:09.907Z] Checked if tokens are valid: false, expires at: 1776003429427
[debug] [2026-04-30T17:25:09.907Z] > refreshing access token with scopes: []
[debug] [2026-04-30T17:25:09.908Z] >>> [apiv2][query] POST https://www.googleapis.com/oauth2/v3/token [none]
[debug] [2026-04-30T17:25:09.908Z] >>> [apiv2][body] POST https://www.googleapis.com/oauth2/v3/token [omitted]
[debug] [2026-04-30T17:25:09.914Z] Checked if tokens are valid: false, expires at: 1776003429427
[debug] [2026-04-30T17:25:09.914Z] Checked if tokens are valid: false, expires at: 1776003429427
[debug] [2026-04-30T17:25:09.915Z] > refreshing access token with scopes: []
[debug] [2026-04-30T17:25:09.915Z] >>> [apiv2][query] POST https://www.googleapis.com/oauth2/v3/token [none]
[debug] [2026-04-30T17:25:09.915Z] >>> [apiv2][body] POST https://www.googleapis.com/oauth2/v3/token [omitted]
[debug] [2026-04-30T17:25:10.029Z] <<< [apiv2][status] POST https://www.googleapis.com/oauth2/v3/token 400
[debug] [2026-04-30T17:25:10.030Z] <<< [apiv2][body] POST https://www.googleapis.com/oauth2/v3/token [omitted]
[error] Authentication Error: Your credentials are no longer valid. Please run firebase login --reauth

For CI servers and headless environments, generate a new token with firebase login:ci
[error] Authentication Error: Your credentials are no longer valid. Please run firebase login --reauth

For CI servers and headless environments, generate a new token with firebase login:ci
[debug] [2026-04-30T17:25:10.031Z] <<< [apiv2][status] POST https://www.googleapis.com/oauth2/v3/token 400
[debug] [2026-04-30T17:25:10.031Z] <<< [apiv2][body] POST https://www.googleapis.com/oauth2/v3/token [omitted]
[error] Authentication Error: Your credentials are no longer valid. Please run firebase login --reauth

For CI servers and headless environments, generate a new token with firebase login:ci
[error] Authentication Error: Your credentials are no longer valid. Please run firebase login --reauth

For CI servers and headless environments, generate a new token with firebase login:ci
[debug] [2026-04-30T17:25:10.032Z] <<< [apiv2][status] POST https://www.googleapis.com/oauth2/v3/token 400
[debug] [2026-04-30T17:25:10.032Z] <<< [apiv2][body] POST https://www.googleapis.com/oauth2/v3/token [omitted]
[error] Authentication Error: Your credentials are no longer valid. Please run firebase login --reauth

For CI servers and headless environments, generate a new token with firebase login:ci
[error] Authentication Error: Your credentials are no longer valid. Please run firebase login --reauth

For CI servers and headless environments, generate a new token with firebase login:ci
[debug] [2026-04-30T17:25:10.073Z] > command requires scopes: ["email","openid","https://www.googleapis.com/auth/cloudplatformprojects.readonly","https://www.googleapis.com/auth/firebase","https://www.googleapis.com/auth/cloud-platform"]
[debug] [2026-04-30T17:25:10.073Z] > authorizing via signed-in user (kthompson@socfoundry.com)
[debug] [2026-04-30T17:25:10.074Z] > command requires scopes: ["email","openid","https://www.googleapis.com/auth/cloudplatformprojects.readonly","https://www.googleapis.com/auth/firebase","https://www.googleapis.com/auth/cloud-platform"]
[debug] [2026-04-30T17:25:10.074Z] > authorizing via signed-in user (kthompson@socfoundry.com)
[debug] [2026-04-30T17:25:10.077Z] > command requires scopes: ["email","openid","https://www.googleapis.com/auth/cloudplatformprojects.readonly","https://www.googleapis.com/auth/firebase","https://www.googleapis.com/auth/cloud-platform"]
[debug] [2026-04-30T17:25:10.077Z] > authorizing via signed-in user (kthompson@socfoundry.com)
[debug] [2026-04-30T17:25:10.077Z] >>> [apiv2][query] POST https://developerknowledge.googleapis.com/mcp [none]
[debug] [2026-04-30T17:25:10.077Z] >>> [apiv2][body] POST https://developerknowledge.googleapis.com/mcp {"method":"tools/list","jsonrpc":"2.0","id":1}
[debug] [2026-04-30T17:25:10.227Z] <<< [apiv2][status] POST https://developerknowledge.googleapis.com/mcp 200
[debug] [2026-04-30T17:25:10.227Z] <<< [apiv2][body] POST https://developerknowledge.googleapis.com/mcp {"id":1,"jsonrpc":"2.0","result":{"tools":[{"annotations":{"destructiveHint":false,"idempotentHint":true,"openWorldHint":false,"readOnlyHint":true},"description":"Use this tool to find documentation about Google developer products. The documents contain official APIs, code snippets, release notes, best practices, guides, debugging info, and more. It covers the following products and domains:\n\n\n* ADK: adk.dev\n\n* Android: developer.android.com\n\n* Apigee: docs.apigee.com\n\n* Chrome: developer.chrome.com\n\n* Firebase: firebase.google.com\n\n* Fuchsia: fuchsia.dev\n\n* Go: go.dev\n\n* Google AI: ai.google.dev\n\n* Google Cloud: docs.cloud.google.com\n\n* Google Developers, Ads, Search, Google Maps, Youtube: developers.google.com\n\n* Google Home: developers.home.google.com\n\n* TensorFlow: www.tensorflow.org\n\n* Web: web.dev\n\n\nThis tool returns chunks of text, names, and URLs for matching documents. If the returned chunks are not detailed enough to answer the user's question, use `get_documents` with the `parent` from this tool's output to retrieve the full document content.\n","inputSchema":{"description":"Request schema for search_documents. Use the query field to search for related Google developer documentation.","properties":{"query":{"description":"Required. The raw query string provided by the user, such as \"How to create a Cloud Storage bucket?\".","type":"string"}},"required":["query"],"type":"object"},"name":"search_documents","outputSchema":{"$defs":{"DocumentChunk":{"description":"A DocumentChunk represents a piece of content from a Document in the DeveloperKnowledge corpus. To fetch the entire document content, pass the `parent` to get_document or batch_get_documents.","properties":{"content":{"description":"Output only. The content of the document chunk.","readOnly":true,"type":"string"},"id":{"description":"Output only. The ID of this chunk within the document. The chunk ID is unique within a document, but not globally unique across documents. The chunk ID is not stable and may change over time.","readOnly":true,"type":"string"},"parent":{"description":"Output only. The resource name of the document this chunk is from. Format: `documents/{uri_without_scheme}` Example: `documents/docs.cloud.google.com/storage/docs/creating-buckets`","readOnly":true,"type":"string"}},"type":"object"}},"description":"Response schema for search_documents.","properties":{"results":{"description":"The search results for the given query. Each Document in this list contains a snippet of content relevant to the search query. Use the DocumentChunk.name field of each result with get_documents to retrieve the full document content.","items":{"$ref":"#/$defs/DocumentChunk"},"type":"array"}},"type":"object"}},{"annotations":{"destructiveHint":false,"idempotentHint":true,"openWorldHint":false,"readOnlyHint":true},"description":"Use answer_query to get a grounded answer to a query about Google developer products. This tool has limited quota. This tool will synthesize information from the corpus to generate an answer to the query. answer_query grounds answers using the same corpus as search_documents. If you get a 429 out of quota error, use search_documents instead.","inputSchema":{"description":"Request message for AnswerQuery.","properties":{"query":{"description":"Required. The query to answer.","type":"string"}},"required":["query"],"type":"object"},"name":"answer_query","outputSchema":{"description":"Response message for AnswerQuery.","properties":{"answerText":{"description":"The answer to the query.","type":"string"}},"type":"object"}},{"annotations":{"destructiveHint":false,"idempotentHint":true,"openWorldHint":false,"readOnlyHint":true},"description":"Use this tool to retrieve the full content of a single document or up to 20 documents in a single call. The document names should be obtained from the `parent` field of results from a call to the `search_documents` tool. Set the `names` parameter to a list of document names.","inputSchema":{"description":"Request schema for get_documents.","properties":{"names":{"description":"Required. The names of the documents to retrieve, as returned by search_documents. A maximum of 20 documents can be retrieved in one call. The documents are returned in the same order as the `names` in the request. Format: `documents/{uri_without_scheme}` Example: `documents/docs.cloud.google.com/storage/docs/creating-buckets`","items":{"type":"string"},"type":"array"}},"required":["names"],"type":"object"},"name":"get_documents","outputSchema":{"$defs":{"Document":{"description":"A Document represents a piece of content from the Developer Knowledge corpus.","properties":{"content":{"description":"Output only. The content of the document in Markdown format.","readOnly":true,"type":"string"},"description":{"description":"Output only. A description of the document.","readOnly":true,"type":"string"},"name":{"description":"Identifier. The resource name of the document. Format: `documents/{uri_without_scheme}` Example: `documents/docs.cloud.google.com/storage/docs/creating-buckets`","type":"string","x-google-identifier":true},"title":{"description":"Output only. The title of the document.","readOnly":true,"type":"string"},"uri":{"description":"Output only. The URI of the content, such as `https://cloud.google.com/storage/docs/creating-buckets`.","readOnly":true,"type":"string"}},"type":"object"}},"description":"Response schema for get_documents.","properties":{"documents":{"description":"Documents requested.","items":{"$ref":"#/$defs/Document"},"type":"array"}},"type":"object"}}]}}
[debug] [2026-04-30T17:25:10.228Z] > command requires scopes: ["email","openid","https://www.googleapis.com/auth/cloudplatformprojects.readonly","https://www.googleapis.com/auth/firebase","https://www.googleapis.com/auth/cloud-platform"]
[debug] [2026-04-30T17:25:10.228Z] > authorizing via signed-in user (kthompson@socfoundry.com)
[debug] [2026-04-30T17:27:50.810Z] > command requires scopes: ["email","openid","https://www.googleapis.com/auth/cloudplatformprojects.readonly","https://www.googleapis.com/auth/firebase","https://www.googleapis.com/auth/cloud-platform"]
[debug] [2026-04-30T17:27:50.811Z] > authorizing via signed-in user (kthompson@socfoundry.com)
[debug] [2026-04-30T17:27:50.811Z] > command requires scopes: ["email","openid","https://www.googleapis.com/auth/cloudplatformprojects.readonly","https://www.googleapis.com/auth/firebase","https://www.googleapis.com/auth/cloud-platform"]
[debug] [2026-04-30T17:27:50.811Z] > authorizing via signed-in user (kthompson@socfoundry.com)
[debug] [2026-04-30T17:27:50.818Z] > command requires scopes: ["email","openid","https://www.googleapis.com/auth/cloudplatformprojects.readonly","https://www.googleapis.com/auth/firebase","https://www.googleapis.com/auth/cloud-platform"]
[debug] [2026-04-30T17:27:50.818Z] > authorizing via signed-in user (kthompson@socfoundry.com)
[debug] [2026-04-30T17:27:50.895Z] Checked if tokens are valid: false, expires at: 1776003429427
[debug] [2026-04-30T17:27:50.896Z] Checked if tokens are valid: false, expires at: 1776003429427
[debug] [2026-04-30T17:27:50.896Z] > refreshing access token with scopes: []
[debug] [2026-04-30T17:27:50.897Z] >>> [apiv2][query] POST https://www.googleapis.com/oauth2/v3/token [none]
[debug] [2026-04-30T17:27:50.897Z] >>> [apiv2][body] POST https://www.googleapis.com/oauth2/v3/token [omitted]
[debug] [2026-04-30T17:27:50.901Z] Checked if tokens are valid: false, expires at: 1776003429427
[debug] [2026-04-30T17:27:50.901Z] Checked if tokens are valid: false, expires at: 1776003429427
[debug] [2026-04-30T17:27:50.901Z] > refreshing access token with scopes: []
[debug] [2026-04-30T17:27:50.901Z] >>> [apiv2][query] POST https://www.googleapis.com/oauth2/v3/token [none]
[debug] [2026-04-30T17:27:50.901Z] >>> [apiv2][body] POST https://www.googleapis.com/oauth2/v3/token [omitted]
[debug] [2026-04-30T17:27:50.905Z] Checked if tokens are valid: false, expires at: 1776003429427
[debug] [2026-04-30T17:27:50.905Z] Checked if tokens are valid: false, expires at: 1776003429427
[debug] [2026-04-30T17:27:50.905Z] > refreshing access token with scopes: []
[debug] [2026-04-30T17:27:50.905Z] >>> [apiv2][query] POST https://www.googleapis.com/oauth2/v3/token [none]
[debug] [2026-04-30T17:27:50.905Z] >>> [apiv2][body] POST https://www.googleapis.com/oauth2/v3/token [omitted]
[debug] [2026-04-30T17:27:51.037Z] <<< [apiv2][status] POST https://www.googleapis.com/oauth2/v3/token 400
[debug] [2026-04-30T17:27:51.038Z] <<< [apiv2][body] POST https://www.googleapis.com/oauth2/v3/token [omitted]
[error] Authentication Error: Your credentials are no longer valid. Please run firebase login --reauth

For CI servers and headless environments, generate a new token with firebase login:ci
[error] Authentication Error: Your credentials are no longer valid. Please run firebase login --reauth

For CI servers and headless environments, generate a new token with firebase login:ci
[debug] [2026-04-30T17:27:51.040Z] <<< [apiv2][status] POST https://www.googleapis.com/oauth2/v3/token 400
[debug] [2026-04-30T17:27:51.040Z] <<< [apiv2][body] POST https://www.googleapis.com/oauth2/v3/token [omitted]
[error] Authentication Error: Your credentials are no longer valid. Please run firebase login --reauth

For CI servers and headless environments, generate a new token with firebase login:ci
[error] Authentication Error: Your credentials are no longer valid. Please run firebase login --reauth

For CI servers and headless environments, generate a new token with firebase login:ci
[debug] [2026-04-30T17:27:51.041Z] <<< [apiv2][status] POST https://www.googleapis.com/oauth2/v3/token 400
[debug] [2026-04-30T17:27:51.041Z] <<< [apiv2][body] POST https://www.googleapis.com/oauth2/v3/token [omitted]
[error] Authentication Error: Your credentials are no longer valid. Please run firebase login --reauth

For CI servers and headless environments, generate a new token with firebase login:ci
[error] Authentication Error: Your credentials are no longer valid. Please run firebase login --reauth

For CI servers and headless environments, generate a new token with firebase login:ci
[debug] [2026-04-30T17:27:51.082Z] > command requires scopes: ["email","openid","https://www.googleapis.com/auth/cloudplatformprojects.readonly","https://www.googleapis.com/auth/firebase","https://www.googleapis.com/auth/cloud-platform"]
[debug] [2026-04-30T17:27:51.083Z] > authorizing via signed-in user (kthompson@socfoundry.com)
[debug] [2026-04-30T17:27:51.083Z] > command requires scopes: ["email","openid","https://www.googleapis.com/auth/cloudplatformprojects.readonly","https://www.googleapis.com/auth/firebase","https://www.googleapis.com/auth/cloud-platform"]
[debug] [2026-04-30T17:27:51.083Z] > authorizing via signed-in user (kthompson@socfoundry.com)
[debug] [2026-04-30T17:27:51.085Z] > command requires scopes: ["email","openid","https://www.googleapis.com/auth/cloudplatformprojects.readonly","https://www.googleapis.com/auth/firebase","https://www.googleapis.com/auth/cloud-platform"]
[debug] [2026-04-30T17:27:51.085Z] > authorizing via signed-in user (kthompson@socfoundry.com)
[debug] [2026-04-30T17:27:51.085Z] >>> [apiv2][query] POST https://developerknowledge.googleapis.com/mcp [none]
[debug] [2026-04-30T17:27:51.085Z] >>> [apiv2][body] POST https://developerknowledge.googleapis.com/mcp {"method":"tools/list","jsonrpc":"2.0","id":1}
[debug] [2026-04-30T17:27:51.206Z] <<< [apiv2][status] POST https://developerknowledge.googleapis.com/mcp 200
[debug] [2026-04-30T17:27:51.206Z] <<< [apiv2][body] POST https://developerknowledge.googleapis.com/mcp {"id":1,"jsonrpc":"2.0","result":{"tools":[{"annotations":{"destructiveHint":false,"idempotentHint":true,"openWorldHint":false,"readOnlyHint":true},"description":"Use this tool to find documentation about Google developer products. The documents contain official APIs, code snippets, release notes, best practices, guides, debugging info, and more. It covers the following products and domains:\n\n\n* ADK: adk.dev\n\n* Android: developer.android.com\n\n* Apigee: docs.apigee.com\n\n* Chrome: developer.chrome.com\n\n* Firebase: firebase.google.com\n\n* Fuchsia: fuchsia.dev\n\n* Go: go.dev\n\n* Google AI: ai.google.dev\n\n* Google Cloud: docs.cloud.google.com\n\n* Google Developers, Ads, Search, Google Maps, Youtube: developers.google.com\n\n* Google Home: developers.home.google.com\n\n* TensorFlow: www.tensorflow.org\n\n* Web: web.dev\n\n\nThis tool returns chunks of text, names, and URLs for matching documents. If the returned chunks are not detailed enough to answer the user's question, use `get_documents` with the `parent` from this tool's output to retrieve the full document content.\n","inputSchema":{"description":"Request schema for search_documents. Use the query field to search for related Google developer documentation.","properties":{"query":{"description":"Required. The raw query string provided by the user, such as \"How to create a Cloud Storage bucket?\".","type":"string"}},"required":["query"],"type":"object"},"name":"search_documents","outputSchema":{"$defs":{"DocumentChunk":{"description":"A DocumentChunk represents a piece of content from a Document in the DeveloperKnowledge corpus. To fetch the entire document content, pass the `parent` to get_document or batch_get_documents.","properties":{"content":{"description":"Output only. The content of the document chunk.","readOnly":true,"type":"string"},"id":{"description":"Output only. The ID of this chunk within the document. The chunk ID is unique within a document, but not globally unique across documents. The chunk ID is not stable and may change over time.","readOnly":true,"type":"string"},"parent":{"description":"Output only. The resource name of the document this chunk is from. Format: `documents/{uri_without_scheme}` Example: `documents/docs.cloud.google.com/storage/docs/creating-buckets`","readOnly":true,"type":"string"}},"type":"object"}},"description":"Response schema for search_documents.","properties":{"results":{"description":"The search results for the given query. Each Document in this list contains a snippet of content relevant to the search query. Use the DocumentChunk.name field of each result with get_documents to retrieve the full document content.","items":{"$ref":"#/$defs/DocumentChunk"},"type":"array"}},"type":"object"}},{"annotations":{"destructiveHint":false,"idempotentHint":true,"openWorldHint":false,"readOnlyHint":true},"description":"Use answer_query to get a grounded answer to a query about Google developer products. This tool has limited quota. This tool will synthesize information from the corpus to generate an answer to the query. answer_query grounds answers using the same corpus as search_documents. If you get a 429 out of quota error, use search_documents instead.","inputSchema":{"description":"Request message for AnswerQuery.","properties":{"query":{"description":"Required. The query to answer.","type":"string"}},"required":["query"],"type":"object"},"name":"answer_query","outputSchema":{"description":"Response message for AnswerQuery.","properties":{"answerText":{"description":"The answer to the query.","type":"string"}},"type":"object"}},{"annotations":{"destructiveHint":false,"idempotentHint":true,"openWorldHint":false,"readOnlyHint":true},"description":"Use this tool to retrieve the full content of a single document or up to 20 documents in a single call. The document names should be obtained from the `parent` field of results from a call to the `search_documents` tool. Set the `names` parameter to a list of document names.","inputSchema":{"description":"Request schema for get_documents.","properties":{"names":{"description":"Required. The names of the documents to retrieve, as returned by search_documents. A maximum of 20 documents can be retrieved in one call. The documents are returned in the same order as the `names` in the request. Format: `documents/{uri_without_scheme}` Example: `documents/docs.cloud.google.com/storage/docs/creating-buckets`","items":{"type":"string"},"type":"array"}},"required":["names"],"type":"object"},"name":"get_documents","outputSchema":{"$defs":{"Document":{"description":"A Document represents a piece of content from the Developer Knowledge corpus.","properties":{"content":{"description":"Output only. The content of the document in Markdown format.","readOnly":true,"type":"string"},"description":{"description":"Output only. A description of the document.","readOnly":true,"type":"string"},"name":{"description":"Identifier. The resource name of the document. Format: `documents/{uri_without_scheme}` Example: `documents/docs.cloud.google.com/storage/docs/creating-buckets`","type":"string","x-google-identifier":true},"title":{"description":"Output only. The title of the document.","readOnly":true,"type":"string"},"uri":{"description":"Output only. The URI of the content, such as `https://cloud.google.com/storage/docs/creating-buckets`.","readOnly":true,"type":"string"}},"type":"object"}},"description":"Response schema for get_documents.","properties":{"documents":{"description":"Documents requested.","items":{"$ref":"#/$defs/Document"},"type":"array"}},"type":"object"}}]}}
[debug] [2026-04-30T17:27:51.211Z] > command requires scopes: ["email","openid","https://www.googleapis.com/auth/cloudplatformprojects.readonly","https://www.googleapis.com/auth/firebase","https://www.googleapis.com/auth/cloud-platform"]
[debug] [2026-04-30T17:27:51.211Z] > authorizing via signed-in user (kthompson@socfoundry.com)
[debug] [2026-04-30T17:28:39.908Z] > command requires scopes: ["email","openid","https://www.googleapis.com/auth/cloudplatformprojects.readonly","https://www.googleapis.com/auth/firebase","https://www.googleapis.com/auth/cloud-platform"]
[debug] [2026-04-30T17:28:39.909Z] > authorizing via signed-in user (kthompson@socfoundry.com)
[debug] [2026-04-30T17:28:39.909Z] > command requires scopes: ["email","openid","https://www.googleapis.com/auth/cloudplatformprojects.readonly","https://www.googleapis.com/auth/firebase","https://www.googleapis.com/auth/cloud-platform"]
[debug] [2026-04-30T17:28:39.909Z] > authorizing via signed-in user (kthompson@socfoundry.com)
[debug] [2026-04-30T17:28:39.917Z] > command requires scopes: ["email","openid","https://www.googleapis.com/auth/cloudplatformprojects.readonly","https://www.googleapis.com/auth/firebase","https://www.googleapis.com/auth/cloud-platform"]
[debug] [2026-04-30T17:28:39.918Z] > authorizing via signed-in user (kthompson@socfoundry.com)
[debug] [2026-04-30T17:28:40.018Z] Checked if tokens are valid: false, expires at: 1776003429427
[debug] [2026-04-30T17:28:40.018Z] Checked if tokens are valid: false, expires at: 1776003429427
[debug] [2026-04-30T17:28:40.018Z] > refreshing access token with scopes: []
[debug] [2026-04-30T17:28:40.019Z] >>> [apiv2][query] POST https://www.googleapis.com/oauth2/v3/token [none]
[debug] [2026-04-30T17:28:40.019Z] >>> [apiv2][body] POST https://www.googleapis.com/oauth2/v3/token [omitted]
[debug] [2026-04-30T17:28:40.021Z] Checked if tokens are valid: false, expires at: 1776003429427
[debug] [2026-04-30T17:28:40.021Z] Checked if tokens are valid: false, expires at: 1776003429427
[debug] [2026-04-30T17:28:40.021Z] > refreshing access token with scopes: []
[debug] [2026-04-30T17:28:40.022Z] >>> [apiv2][query] POST https://www.googleapis.com/oauth2/v3/token [none]
[debug] [2026-04-30T17:28:40.022Z] >>> [apiv2][body] POST https://www.googleapis.com/oauth2/v3/token [omitted]
[debug] [2026-04-30T17:28:40.025Z] Checked if tokens are valid: false, expires at: 1776003429427
[debug] [2026-04-30T17:28:40.025Z] Checked if tokens are valid: false, expires at: 1776003429427
[debug] [2026-04-30T17:28:40.025Z] > refreshing access token with scopes: []
[debug] [2026-04-30T17:28:40.025Z] >>> [apiv2][query] POST https://www.googleapis.com/oauth2/v3/token [none]
[debug] [2026-04-30T17:28:40.025Z] >>> [apiv2][body] POST https://www.googleapis.com/oauth2/v3/token [omitted]
[debug] [2026-04-30T17:28:40.147Z] <<< [apiv2][status] POST https://www.googleapis.com/oauth2/v3/token 400
[debug] [2026-04-30T17:28:40.147Z] <<< [apiv2][body] POST https://www.googleapis.com/oauth2/v3/token [omitted]
[error] Authentication Error: Your credentials are no longer valid. Please run firebase login --reauth

For CI servers and headless environments, generate a new token with firebase login:ci
[error] Authentication Error: Your credentials are no longer valid. Please run firebase login --reauth

For CI servers and headless environments, generate a new token with firebase login:ci
[debug] [2026-04-30T17:28:40.148Z] <<< [apiv2][status] POST https://www.googleapis.com/oauth2/v3/token 400
[debug] [2026-04-30T17:28:40.148Z] <<< [apiv2][body] POST https://www.googleapis.com/oauth2/v3/token [omitted]
[error] Authentication Error: Your credentials are no longer valid. Please run firebase login --reauth

For CI servers and headless environments, generate a new token with firebase login:ci
[error] Authentication Error: Your credentials are no longer valid. Please run firebase login --reauth

For CI servers and headless environments, generate a new token with firebase login:ci
[debug] [2026-04-30T17:28:40.157Z] <<< [apiv2][status] POST https://www.googleapis.com/oauth2/v3/token 400
[debug] [2026-04-30T17:28:40.157Z] <<< [apiv2][body] POST https://www.googleapis.com/oauth2/v3/token [omitted]
[error] Authentication Error: Your credentials are no longer valid. Please run firebase login --reauth

For CI servers and headless environments, generate a new token with firebase login:ci
[error] Authentication Error: Your credentials are no longer valid. Please run firebase login --reauth

For CI servers and headless environments, generate a new token with firebase login:ci
[debug] [2026-04-30T17:28:40.190Z] > command requires scopes: ["email","openid","https://www.googleapis.com/auth/cloudplatformprojects.readonly","https://www.googleapis.com/auth/firebase","https://www.googleapis.com/auth/cloud-platform"]
[debug] [2026-04-30T17:28:40.191Z] > authorizing via signed-in user (kthompson@socfoundry.com)
[debug] [2026-04-30T17:28:40.191Z] >>> [apiv2][query] POST https://developerknowledge.googleapis.com/mcp [none]
[debug] [2026-04-30T17:28:40.191Z] >>> [apiv2][body] POST https://developerknowledge.googleapis.com/mcp {"method":"tools/list","jsonrpc":"2.0","id":1}
[debug] [2026-04-30T17:28:40.196Z] > command requires scopes: ["email","openid","https://www.googleapis.com/auth/cloudplatformprojects.readonly","https://www.googleapis.com/auth/firebase","https://www.googleapis.com/auth/cloud-platform"]
[debug] [2026-04-30T17:28:40.196Z] > authorizing via signed-in user (kthompson@socfoundry.com)
[debug] [2026-04-30T17:28:40.196Z] > command requires scopes: ["email","openid","https://www.googleapis.com/auth/cloudplatformprojects.readonly","https://www.googleapis.com/auth/firebase","https://www.googleapis.com/auth/cloud-platform"]
[debug] [2026-04-30T17:28:40.196Z] > authorizing via signed-in user (kthompson@socfoundry.com)
[debug] [2026-04-30T17:28:40.312Z] <<< [apiv2][status] POST https://developerknowledge.googleapis.com/mcp 200
[debug] [2026-04-30T17:28:40.312Z] <<< [apiv2][body] POST https://developerknowledge.googleapis.com/mcp {"id":1,"jsonrpc":"2.0","result":{"tools":[{"annotations":{"destructiveHint":false,"idempotentHint":true,"openWorldHint":false,"readOnlyHint":true},"description":"Use this tool to find documentation about Google developer products. The documents contain official APIs, code snippets, release notes, best practices, guides, debugging info, and more. It covers the following products and domains:\n\n\n* ADK: adk.dev\n\n* Android: developer.android.com\n\n* Apigee: docs.apigee.com\n\n* Chrome: developer.chrome.com\n\n* Firebase: firebase.google.com\n\n* Fuchsia: fuchsia.dev\n\n* Go: go.dev\n\n* Google AI: ai.google.dev\n\n* Google Cloud: docs.cloud.google.com\n\n* Google Developers, Ads, Search, Google Maps, Youtube: developers.google.com\n\n* Google Home: developers.home.google.com\n\n* TensorFlow: www.tensorflow.org\n\n* Web: web.dev\n\n\nThis tool returns chunks of text, names, and URLs for matching documents. If the returned chunks are not detailed enough to answer the user's question, use `get_documents` with the `parent` from this tool's output to retrieve the full document content.\n","inputSchema":{"description":"Request schema for search_documents. Use the query field to search for related Google developer documentation.","properties":{"query":{"description":"Required. The raw query string provided by the user, such as \"How to create a Cloud Storage bucket?\".","type":"string"}},"required":["query"],"type":"object"},"name":"search_documents","outputSchema":{"$defs":{"DocumentChunk":{"description":"A DocumentChunk represents a piece of content from a Document in the DeveloperKnowledge corpus. To fetch the entire document content, pass the `parent` to get_document or batch_get_documents.","properties":{"content":{"description":"Output only. The content of the document chunk.","readOnly":true,"type":"string"},"id":{"description":"Output only. The ID of this chunk within the document. The chunk ID is unique within a document, but not globally unique across documents. The chunk ID is not stable and may change over time.","readOnly":true,"type":"string"},"parent":{"description":"Output only. The resource name of the document this chunk is from. Format: `documents/{uri_without_scheme}` Example: `documents/docs.cloud.google.com/storage/docs/creating-buckets`","readOnly":true,"type":"string"}},"type":"object"}},"description":"Response schema for search_documents.","properties":{"results":{"description":"The search results for the given query. Each Document in this list contains a snippet of content relevant to the search query. Use the DocumentChunk.name field of each result with get_documents to retrieve the full document content.","items":{"$ref":"#/$defs/DocumentChunk"},"type":"array"}},"type":"object"}},{"annotations":{"destructiveHint":false,"idempotentHint":true,"openWorldHint":false,"readOnlyHint":true},"description":"Use answer_query to get a grounded answer to a query about Google developer products. This tool has limited quota. This tool will synthesize information from the corpus to generate an answer to the query. answer_query grounds answers using the same corpus as search_documents. If you get a 429 out of quota error, use search_documents instead.","inputSchema":{"description":"Request message for AnswerQuery.","properties":{"query":{"description":"Required. The query to answer.","type":"string"}},"required":["query"],"type":"object"},"name":"answer_query","outputSchema":{"description":"Response message for AnswerQuery.","properties":{"answerText":{"description":"The answer to the query.","type":"string"}},"type":"object"}},{"annotations":{"destructiveHint":false,"idempotentHint":true,"openWorldHint":false,"readOnlyHint":true},"description":"Use this tool to retrieve the full content of a single document or up to 20 documents in a single call. The document names should be obtained from the `parent` field of results from a call to the `search_documents` tool. Set the `names` parameter to a list of document names.","inputSchema":{"description":"Request schema for get_documents.","properties":{"names":{"description":"Required. The names of the documents to retrieve, as returned by search_documents. A maximum of 20 documents can be retrieved in one call. The documents are returned in the same order as the `names` in the request. Format: `documents/{uri_without_scheme}` Example: `documents/docs.cloud.google.com/storage/docs/creating-buckets`","items":{"type":"string"},"type":"array"}},"required":["names"],"type":"object"},"name":"get_documents","outputSchema":{"$defs":{"Document":{"description":"A Document represents a piece of content from the Developer Knowledge corpus.","properties":{"content":{"description":"Output only. The content of the document in Markdown format.","readOnly":true,"type":"string"},"description":{"description":"Output only. A description of the document.","readOnly":true,"type":"string"},"name":{"description":"Identifier. The resource name of the document. Format: `documents/{uri_without_scheme}` Example: `documents/docs.cloud.google.com/storage/docs/creating-buckets`","type":"string","x-google-identifier":true},"title":{"description":"Output only. The title of the document.","readOnly":true,"type":"string"},"uri":{"description":"Output only. The URI of the content, such as `https://cloud.google.com/storage/docs/creating-buckets`.","readOnly":true,"type":"string"}},"type":"object"}},"description":"Response schema for get_documents.","properties":{"documents":{"description":"Documents requested.","items":{"$ref":"#/$defs/Document"},"type":"array"}},"type":"object"}}]}}
[debug] [2026-04-30T17:28:40.316Z] > command requires scopes: ["email","openid","https://www.googleapis.com/auth/cloudplatformprojects.readonly","https://www.googleapis.com/auth/firebase","https://www.googleapis.com/auth/cloud-platform"]
[debug] [2026-04-30T17:28:40.317Z] > authorizing via signed-in user (kthompson@socfoundry.com)
[debug] [2026-04-30T17:35:02.649Z] > command requires scopes: ["email","openid","https://www.googleapis.com/auth/cloudplatformprojects.readonly","https://www.googleapis.com/auth/firebase","https://www.googleapis.com/auth/cloud-platform"]
[debug] [2026-04-30T17:35:02.650Z] > authorizing via signed-in user (kthompson@socfoundry.com)
[debug] [2026-04-30T17:35:02.650Z] > command requires scopes: ["email","openid","https://www.googleapis.com/auth/cloudplatformprojects.readonly","https://www.googleapis.com/auth/firebase","https://www.googleapis.com/auth/cloud-platform"]
[debug] [2026-04-30T17:35:02.650Z] > authorizing via signed-in user (kthompson@socfoundry.com)
[debug] [2026-04-30T17:35:02.657Z] > command requires scopes: ["email","openid","https://www.googleapis.com/auth/cloudplatformprojects.readonly","https://www.googleapis.com/auth/firebase","https://www.googleapis.com/auth/cloud-platform"]
[debug] [2026-04-30T17:35:02.657Z] > authorizing via signed-in user (kthompson@socfoundry.com)
[debug] [2026-04-30T17:35:02.724Z] Checked if tokens are valid: false, expires at: 1776003429427
[debug] [2026-04-30T17:35:02.724Z] Checked if tokens are valid: false, expires at: 1776003429427
[debug] [2026-04-30T17:35:02.724Z] > refreshing access token with scopes: []
[debug] [2026-04-30T17:35:02.725Z] >>> [apiv2][query] POST https://www.googleapis.com/oauth2/v3/token [none]
[debug] [2026-04-30T17:35:02.725Z] >>> [apiv2][body] POST https://www.googleapis.com/oauth2/v3/token [omitted]
[debug] [2026-04-30T17:35:02.728Z] Checked if tokens are valid: false, expires at: 1776003429427
[debug] [2026-04-30T17:35:02.728Z] Checked if tokens are valid: false, expires at: 1776003429427
[debug] [2026-04-30T17:35:02.728Z] > refreshing access token with scopes: []
[debug] [2026-04-30T17:35:02.728Z] >>> [apiv2][query] POST https://www.googleapis.com/oauth2/v3/token [none]
[debug] [2026-04-30T17:35:02.728Z] >>> [apiv2][body] POST https://www.googleapis.com/oauth2/v3/token [omitted]
[debug] [2026-04-30T17:35:02.732Z] Checked if tokens are valid: false, expires at: 1776003429427
[debug] [2026-04-30T17:35:02.732Z] Checked if tokens are valid: false, expires at: 1776003429427
[debug] [2026-04-30T17:35:02.732Z] > refreshing access token with scopes: []
[debug] [2026-04-30T17:35:02.732Z] >>> [apiv2][query] POST https://www.googleapis.com/oauth2/v3/token [none]
[debug] [2026-04-30T17:35:02.732Z] >>> [apiv2][body] POST https://www.googleapis.com/oauth2/v3/token [omitted]
[debug] [2026-04-30T17:35:02.867Z] <<< [apiv2][status] POST https://www.googleapis.com/oauth2/v3/token 400
[debug] [2026-04-30T17:35:02.867Z] <<< [apiv2][body] POST https://www.googleapis.com/oauth2/v3/token [omitted]
[error] Authentication Error: Your credentials are no longer valid. Please run firebase login --reauth

For CI servers and headless environments, generate a new token with firebase login:ci
[error] Authentication Error: Your credentials are no longer valid. Please run firebase login --reauth

For CI servers and headless environments, generate a new token with firebase login:ci
[debug] [2026-04-30T17:35:02.871Z] <<< [apiv2][status] POST https://www.googleapis.com/oauth2/v3/token 400
[debug] [2026-04-30T17:35:02.871Z] <<< [apiv2][body] POST https://www.googleapis.com/oauth2/v3/token [omitted]
[error] Authentication Error: Your credentials are no longer valid. Please run firebase login --reauth

For CI servers and headless environments, generate a new token with firebase login:ci
[error] Authentication Error: Your credentials are no longer valid. Please run firebase login --reauth

For CI servers and headless environments, generate a new token with firebase login:ci
[debug] [2026-04-30T17:35:02.877Z] <<< [apiv2][status] POST https://www.googleapis.com/oauth2/v3/token 400
[debug] [2026-04-30T17:35:02.877Z] <<< [apiv2][body] POST https://www.googleapis.com/oauth2/v3/token [omitted]
[error] Authentication Error: Your credentials are no longer valid. Please run firebase login --reauth

For CI servers and headless environments, generate a new token with firebase login:ci
[error] Authentication Error: Your credentials are no longer valid. Please run firebase login --reauth

For CI servers and headless environments, generate a new token with firebase login:ci
[debug] [2026-04-30T17:35:02.909Z] > command requires scopes: ["email","openid","https://www.googleapis.com/auth/cloudplatformprojects.readonly","https://www.googleapis.com/auth/firebase","https://www.googleapis.com/auth/cloud-platform"]
[debug] [2026-04-30T17:35:02.909Z] > authorizing via signed-in user (kthompson@socfoundry.com)
[debug] [2026-04-30T17:35:02.910Z] > command requires scopes: ["email","openid","https://www.googleapis.com/auth/cloudplatformprojects.readonly","https://www.googleapis.com/auth/firebase","https://www.googleapis.com/auth/cloud-platform"]
[debug] [2026-04-30T17:35:02.910Z] > authorizing via signed-in user (kthompson@socfoundry.com)
[debug] [2026-04-30T17:35:02.917Z] > command requires scopes: ["email","openid","https://www.googleapis.com/auth/cloudplatformprojects.readonly","https://www.googleapis.com/auth/firebase","https://www.googleapis.com/auth/cloud-platform"]
[debug] [2026-04-30T17:35:02.918Z] > authorizing via signed-in user (kthompson@socfoundry.com)
[debug] [2026-04-30T17:35:02.918Z] >>> [apiv2][query] POST https://developerknowledge.googleapis.com/mcp [none]
[debug] [2026-04-30T17:35:02.918Z] >>> [apiv2][body] POST https://developerknowledge.googleapis.com/mcp {"method":"tools/list","jsonrpc":"2.0","id":1}
[debug] [2026-04-30T17:35:03.070Z] <<< [apiv2][status] POST https://developerknowledge.googleapis.com/mcp 200
[debug] [2026-04-30T17:35:03.070Z] <<< [apiv2][body] POST https://developerknowledge.googleapis.com/mcp {"id":1,"jsonrpc":"2.0","result":{"tools":[{"annotations":{"destructiveHint":false,"idempotentHint":true,"openWorldHint":false,"readOnlyHint":true},"description":"Use this tool to find documentation about Google developer products. The documents contain official APIs, code snippets, release notes, best practices, guides, debugging info, and more. It covers the following products and domains:\n\n\n* ADK: adk.dev\n\n* Android: developer.android.com\n\n* Apigee: docs.apigee.com\n\n* Chrome: developer.chrome.com\n\n* Firebase: firebase.google.com\n\n* Fuchsia: fuchsia.dev\n\n* Go: go.dev\n\n* Google AI: ai.google.dev\n\n* Google Cloud: docs.cloud.google.com\n\n* Google Developers, Ads, Search, Google Maps, Youtube: developers.google.com\n\n* Google Home: developers.home.google.com\n\n* TensorFlow: www.tensorflow.org\n\n* Web: web.dev\n\n\nThis tool returns chunks of text, names, and URLs for matching documents. If the returned chunks are not detailed enough to answer the user's question, use `get_documents` with the `parent` from this tool's output to retrieve the full document content.\n","inputSchema":{"description":"Request schema for search_documents. Use the query field to search for related Google developer documentation.","properties":{"query":{"description":"Required. The raw query string provided by the user, such as \"How to create a Cloud Storage bucket?\".","type":"string"}},"required":["query"],"type":"object"},"name":"search_documents","outputSchema":{"$defs":{"DocumentChunk":{"description":"A DocumentChunk represents a piece of content from a Document in the DeveloperKnowledge corpus. To fetch the entire document content, pass the `parent` to get_document or batch_get_documents.","properties":{"content":{"description":"Output only. The content of the document chunk.","readOnly":true,"type":"string"},"id":{"description":"Output only. The ID of this chunk within the document. The chunk ID is unique within a document, but not globally unique across documents. The chunk ID is not stable and may change over time.","readOnly":true,"type":"string"},"parent":{"description":"Output only. The resource name of the document this chunk is from. Format: `documents/{uri_without_scheme}` Example: `documents/docs.cloud.google.com/storage/docs/creating-buckets`","readOnly":true,"type":"string"}},"type":"object"}},"description":"Response schema for search_documents.","properties":{"results":{"description":"The search results for the given query. Each Document in this list contains a snippet of content relevant to the search query. Use the DocumentChunk.name field of each result with get_documents to retrieve the full document content.","items":{"$ref":"#/$defs/DocumentChunk"},"type":"array"}},"type":"object"}},{"annotations":{"destructiveHint":false,"idempotentHint":true,"openWorldHint":false,"readOnlyHint":true},"description":"Use answer_query to get a grounded answer to a query about Google developer products. This tool has limited quota. This tool will synthesize information from the corpus to generate an answer to the query. answer_query grounds answers using the same corpus as search_documents. If you get a 429 out of quota error, use search_documents instead.","inputSchema":{"description":"Request message for AnswerQuery.","properties":{"query":{"description":"Required. The query to answer.","type":"string"}},"required":["query"],"type":"object"},"name":"answer_query","outputSchema":{"description":"Response message for AnswerQuery.","properties":{"answerText":{"description":"The answer to the query.","type":"string"}},"type":"object"}},{"annotations":{"destructiveHint":false,"idempotentHint":true,"openWorldHint":false,"readOnlyHint":true},"description":"Use this tool to retrieve the full content of a single document or up to 20 documents in a single call. The document names should be obtained from the `parent` field of results from a call to the `search_documents` tool. Set the `names` parameter to a list of document names.","inputSchema":{"description":"Request schema for get_documents.","properties":{"names":{"description":"Required. The names of the documents to retrieve, as returned by search_documents. A maximum of 20 documents can be retrieved in one call. The documents are returned in the same order as the `names` in the request. Format: `documents/{uri_without_scheme}` Example: `documents/docs.cloud.google.com/storage/docs/creating-buckets`","items":{"type":"string"},"type":"array"}},"required":["names"],"type":"object"},"name":"get_documents","outputSchema":{"$defs":{"Document":{"description":"A Document represents a piece of content from the Developer Knowledge corpus.","properties":{"content":{"description":"Output only. The content of the document in Markdown format.","readOnly":true,"type":"string"},"description":{"description":"Output only. A description of the document.","readOnly":true,"type":"string"},"name":{"description":"Identifier. The resource name of the document. Format: `documents/{uri_without_scheme}` Example: `documents/docs.cloud.google.com/storage/docs/creating-buckets`","type":"string","x-google-identifier":true},"title":{"description":"Output only. The title of the document.","readOnly":true,"type":"string"},"uri":{"description":"Output only. The URI of the content, such as `https://cloud.google.com/storage/docs/creating-buckets`.","readOnly":true,"type":"string"}},"type":"object"}},"description":"Response schema for get_documents.","properties":{"documents":{"description":"Documents requested.","items":{"$ref":"#/$defs/Document"},"type":"array"}},"type":"object"}}]}}
[debug] [2026-04-30T17:35:03.072Z] > command requires scopes: ["email","openid","https://www.googleapis.com/auth/cloudplatformprojects.readonly","https://www.googleapis.com/auth/firebase","https://www.googleapis.com/auth/cloud-platform"]
[debug] [2026-04-30T17:35:03.072Z] > authorizing via signed-in user (kthompson@socfoundry.com)
[debug] [2026-04-30T17:50:52.543Z] > command requires scopes: ["email","openid","https://www.googleapis.com/auth/cloudplatformprojects.readonly","https://www.googleapis.com/auth/firebase","https://www.googleapis.com/auth/cloud-platform"]
[debug] [2026-04-30T17:50:52.545Z] > authorizing via signed-in user (kthompson@socfoundry.com)
[debug] [2026-04-30T17:50:52.545Z] > command requires scopes: ["email","openid","https://www.googleapis.com/auth/cloudplatformprojects.readonly","https://www.googleapis.com/auth/firebase","https://www.googleapis.com/auth/cloud-platform"]
[debug] [2026-04-30T17:50:52.545Z] > authorizing via signed-in user (kthompson@socfoundry.com)
[debug] [2026-04-30T17:50:52.555Z] > command requires scopes: ["email","openid","https://www.googleapis.com/auth/cloudplatformprojects.readonly","https://www.googleapis.com/auth/firebase","https://www.googleapis.com/auth/cloud-platform"]
[debug] [2026-04-30T17:50:52.555Z] > authorizing via signed-in user (kthompson@socfoundry.com)
[debug] [2026-04-30T17:50:52.651Z] Checked if tokens are valid: false, expires at: 1776003429427
[debug] [2026-04-30T17:50:52.651Z] Checked if tokens are valid: false, expires at: 1776003429427
[debug] [2026-04-30T17:50:52.651Z] > refreshing access token with scopes: []
[debug] [2026-04-30T17:50:52.652Z] >>> [apiv2][query] POST https://www.googleapis.com/oauth2/v3/token [none]
[debug] [2026-04-30T17:50:52.652Z] >>> [apiv2][body] POST https://www.googleapis.com/oauth2/v3/token [omitted]
[debug] [2026-04-30T17:50:52.657Z] Checked if tokens are valid: false, expires at: 1776003429427
[debug] [2026-04-30T17:50:52.657Z] Checked if tokens are valid: false, expires at: 1776003429427
[debug] [2026-04-30T17:50:52.657Z] > refreshing access token with scopes: []
[debug] [2026-04-30T17:50:52.658Z] >>> [apiv2][query] POST https://www.googleapis.com/oauth2/v3/token [none]
[debug] [2026-04-30T17:50:52.658Z] >>> [apiv2][body] POST https://www.googleapis.com/oauth2/v3/token [omitted]
[debug] [2026-04-30T17:50:52.663Z] Checked if tokens are valid: false, expires at: 1776003429427
[debug] [2026-04-30T17:50:52.663Z] Checked if tokens are valid: false, expires at: 1776003429427
[debug] [2026-04-30T17:50:52.663Z] > refreshing access token with scopes: []
[debug] [2026-04-30T17:50:52.663Z] >>> [apiv2][query] POST https://www.googleapis.com/oauth2/v3/token [none]
[debug] [2026-04-30T17:50:52.663Z] >>> [apiv2][body] POST https://www.googleapis.com/oauth2/v3/token [omitted]
[debug] [2026-04-30T17:50:52.785Z] <<< [apiv2][status] POST https://www.googleapis.com/oauth2/v3/token 400
[debug] [2026-04-30T17:50:52.785Z] <<< [apiv2][body] POST https://www.googleapis.com/oauth2/v3/token [omitted]
[error] Authentication Error: Your credentials are no longer valid. Please run firebase login --reauth

For CI servers and headless environments, generate a new token with firebase login:ci
[error] Authentication Error: Your credentials are no longer valid. Please run firebase login --reauth

For CI servers and headless environments, generate a new token with firebase login:ci
[debug] [2026-04-30T17:50:52.789Z] <<< [apiv2][status] POST https://www.googleapis.com/oauth2/v3/token 400
[debug] [2026-04-30T17:50:52.789Z] <<< [apiv2][body] POST https://www.googleapis.com/oauth2/v3/token [omitted]
[error] Authentication Error: Your credentials are no longer valid. Please run firebase login --reauth

For CI servers and headless environments, generate a new token with firebase login:ci
[error] Authentication Error: Your credentials are no longer valid. Please run firebase login --reauth

For CI servers and headless environments, generate a new token with firebase login:ci
[debug] [2026-04-30T17:50:52.803Z] <<< [apiv2][status] POST https://www.googleapis.com/oauth2/v3/token 400
[debug] [2026-04-30T17:50:52.804Z] <<< [apiv2][body] POST https://www.googleapis.com/oauth2/v3/token [omitted]
[error] Authentication Error: Your credentials are no longer valid. Please run firebase login --reauth

For CI servers and headless environments, generate a new token with firebase login:ci
[error] Authentication Error: Your credentials are no longer valid. Please run firebase login --reauth

For CI servers and headless environments, generate a new token with firebase login:ci
[debug] [2026-04-30T17:50:52.828Z] > command requires scopes: ["email","openid","https://www.googleapis.com/auth/cloudplatformprojects.readonly","https://www.googleapis.com/auth/firebase","https://www.googleapis.com/auth/cloud-platform"]
[debug] [2026-04-30T17:50:52.828Z] > authorizing via signed-in user (kthompson@socfoundry.com)
[debug] [2026-04-30T17:50:52.828Z] >>> [apiv2][query] POST https://developerknowledge.googleapis.com/mcp [none]
[debug] [2026-04-30T17:50:52.829Z] >>> [apiv2][body] POST https://developerknowledge.googleapis.com/mcp {"method":"tools/list","jsonrpc":"2.0","id":1}
[debug] [2026-04-30T17:50:52.830Z] > command requires scopes: ["email","openid","https://www.googleapis.com/auth/cloudplatformprojects.readonly","https://www.googleapis.com/auth/firebase","https://www.googleapis.com/auth/cloud-platform"]
[debug] [2026-04-30T17:50:52.830Z] > authorizing via signed-in user (kthompson@socfoundry.com)
[debug] [2026-04-30T17:50:52.830Z] > command requires scopes: ["email","openid","https://www.googleapis.com/auth/cloudplatformprojects.readonly","https://www.googleapis.com/auth/firebase","https://www.googleapis.com/auth/cloud-platform"]
[debug] [2026-04-30T17:50:52.830Z] > authorizing via signed-in user (kthompson@socfoundry.com)
[debug] [2026-04-30T17:50:52.976Z] <<< [apiv2][status] POST https://developerknowledge.googleapis.com/mcp 200
[debug] [2026-04-30T17:50:52.976Z] <<< [apiv2][body] POST https://developerknowledge.googleapis.com/mcp {"id":1,"jsonrpc":"2.0","result":{"tools":[{"annotations":{"destructiveHint":false,"idempotentHint":true,"openWorldHint":false,"readOnlyHint":true},"description":"Use this tool to find documentation about Google developer products. The documents contain official APIs, code snippets, release notes, best practices, guides, debugging info, and more. It covers the following products and domains:\n\n\n* ADK: adk.dev\n\n* Android: developer.android.com\n\n* Apigee: docs.apigee.com\n\n* Chrome: developer.chrome.com\n\n* Firebase: firebase.google.com\n\n* Fuchsia: fuchsia.dev\n\n* Go: go.dev\n\n* Google AI: ai.google.dev\n\n* Google Cloud: docs.cloud.google.com\n\n* Google Developers, Ads, Search, Google Maps, Youtube: developers.google.com\n\n* Google Home: developers.home.google.com\n\n* TensorFlow: www.tensorflow.org\n\n* Web: web.dev\n\n\nThis tool returns chunks of text, names, and URLs for matching documents. If the returned chunks are not detailed enough to answer the user's question, use `get_documents` with the `parent` from this tool's output to retrieve the full document content.\n","inputSchema":{"description":"Request schema for search_documents. Use the query field to search for related Google developer documentation.","properties":{"query":{"description":"Required. The raw query string provided by the user, such as \"How to create a Cloud Storage bucket?\".","type":"string"}},"required":["query"],"type":"object"},"name":"search_documents","outputSchema":{"$defs":{"DocumentChunk":{"description":"A DocumentChunk represents a piece of content from a Document in the DeveloperKnowledge corpus. To fetch the entire document content, pass the `parent` to get_document or batch_get_documents.","properties":{"content":{"description":"Output only. The content of the document chunk.","readOnly":true,"type":"string"},"id":{"description":"Output only. The ID of this chunk within the document. The chunk ID is unique within a document, but not globally unique across documents. The chunk ID is not stable and may change over time.","readOnly":true,"type":"string"},"parent":{"description":"Output only. The resource name of the document this chunk is from. Format: `documents/{uri_without_scheme}` Example: `documents/docs.cloud.google.com/storage/docs/creating-buckets`","readOnly":true,"type":"string"}},"type":"object"}},"description":"Response schema for search_documents.","properties":{"results":{"description":"The search results for the given query. Each Document in this list contains a snippet of content relevant to the search query. Use the DocumentChunk.name field of each result with get_documents to retrieve the full document content.","items":{"$ref":"#/$defs/DocumentChunk"},"type":"array"}},"type":"object"}},{"annotations":{"destructiveHint":false,"idempotentHint":true,"openWorldHint":false,"readOnlyHint":true},"description":"Use answer_query to get a grounded answer to a query about Google developer products. This tool has limited quota. This tool will synthesize information from the corpus to generate an answer to the query. answer_query grounds answers using the same corpus as search_documents. If you get a 429 out of quota error, use search_documents instead.","inputSchema":{"description":"Request message for AnswerQuery.","properties":{"query":{"description":"Required. The query to answer.","type":"string"}},"required":["query"],"type":"object"},"name":"answer_query","outputSchema":{"description":"Response message for AnswerQuery.","properties":{"answerText":{"description":"The answer to the query.","type":"string"}},"type":"object"}},{"annotations":{"destructiveHint":false,"idempotentHint":true,"openWorldHint":false,"readOnlyHint":true},"description":"Use this tool to retrieve the full content of a single document or up to 20 documents in a single call. The document names should be obtained from the `parent` field of results from a call to the `search_documents` tool. Set the `names` parameter to a list of document names.","inputSchema":{"description":"Request schema for get_documents.","properties":{"names":{"description":"Required. The names of the documents to retrieve, as returned by search_documents. A maximum of 20 documents can be retrieved in one call. The documents are returned in the same order as the `names` in the request. Format: `documents/{uri_without_scheme}` Example: `documents/docs.cloud.google.com/storage/docs/creating-buckets`","items":{"type":"string"},"type":"array"}},"required":["names"],"type":"object"},"name":"get_documents","outputSchema":{"$defs":{"Document":{"description":"A Document represents a piece of content from the Developer Knowledge corpus.","properties":{"content":{"description":"Output only. The content of the document in Markdown format.","readOnly":true,"type":"string"},"description":{"description":"Output only. A description of the document.","readOnly":true,"type":"string"},"name":{"description":"Identifier. The resource name of the document. Format: `documents/{uri_without_scheme}` Example: `documents/docs.cloud.google.com/storage/docs/creating-buckets`","type":"string","x-google-identifier":true},"title":{"description":"Output only. The title of the document.","readOnly":true,"type":"string"},"uri":{"description":"Output only. The URI of the content, such as `https://cloud.google.com/storage/docs/creating-buckets`.","readOnly":true,"type":"string"}},"type":"object"}},"description":"Response schema for get_documents.","properties":{"documents":{"description":"Documents requested.","items":{"$ref":"#/$defs/Document"},"type":"array"}},"type":"object"}}]}}
[debug] [2026-04-30T17:50:52.977Z] > command requires scopes: ["email","openid","https://www.googleapis.com/auth/cloudplatformprojects.readonly","https://www.googleapis.com/auth/firebase","https://www.googleapis.com/auth/cloud-platform"]
[debug] [2026-04-30T17:50:52.977Z] > authorizing via signed-in user (kthompson@socfoundry.com)
[debug] [2026-05-01T03:37:58.097Z] > command requires scopes: ["email","openid","https://www.googleapis.com/auth/cloudplatformprojects.readonly","https://www.googleapis.com/auth/firebase","https://www.googleapis.com/auth/cloud-platform"]
[debug] [2026-05-01T03:37:58.098Z] > authorizing via signed-in user (kthompson@socfoundry.com)
[debug] [2026-05-01T03:37:58.098Z] > command requires scopes: ["email","openid","https://www.googleapis.com/auth/cloudplatformprojects.readonly","https://www.googleapis.com/auth/firebase","https://www.googleapis.com/auth/cloud-platform"]
[debug] [2026-05-01T03:37:58.098Z] > authorizing via signed-in user (kthompson@socfoundry.com)
[debug] [2026-05-01T03:37:58.105Z] > command requires scopes: ["email","openid","https://www.googleapis.com/auth/cloudplatformprojects.readonly","https://www.googleapis.com/auth/firebase","https://www.googleapis.com/auth/cloud-platform"]
[debug] [2026-05-01T03:37:58.105Z] > authorizing via signed-in user (kthompson@socfoundry.com)
[debug] [2026-05-01T03:37:58.180Z] Checked if tokens are valid: false, expires at: 1776003429427
[debug] [2026-05-01T03:37:58.180Z] Checked if tokens are valid: false, expires at: 1776003429427
[debug] [2026-05-01T03:37:58.180Z] > refreshing access token with scopes: []
[debug] [2026-05-01T03:37:58.181Z] >>> [apiv2][query] POST https://www.googleapis.com/oauth2/v3/token [none]
[debug] [2026-05-01T03:37:58.181Z] >>> [apiv2][body] POST https://www.googleapis.com/oauth2/v3/token [omitted]
[debug] [2026-05-01T03:37:58.188Z] Checked if tokens are valid: false, expires at: 1776003429427
[debug] [2026-05-01T03:37:58.188Z] Checked if tokens are valid: false, expires at: 1776003429427
[debug] [2026-05-01T03:37:58.188Z] > refreshing access token with scopes: []
[debug] [2026-05-01T03:37:58.188Z] >>> [apiv2][query] POST https://www.googleapis.com/oauth2/v3/token [none]
[debug] [2026-05-01T03:37:58.188Z] >>> [apiv2][body] POST https://www.googleapis.com/oauth2/v3/token [omitted]
[debug] [2026-05-01T03:37:58.190Z] Checked if tokens are valid: false, expires at: 1776003429427
[debug] [2026-05-01T03:37:58.190Z] Checked if tokens are valid: false, expires at: 1776003429427
[debug] [2026-05-01T03:37:58.190Z] > refreshing access token with scopes: []
[debug] [2026-05-01T03:37:58.190Z] >>> [apiv2][query] POST https://www.googleapis.com/oauth2/v3/token [none]
[debug] [2026-05-01T03:37:58.190Z] >>> [apiv2][body] POST https://www.googleapis.com/oauth2/v3/token [omitted]
[debug] [2026-05-01T03:37:58.333Z] <<< [apiv2][status] POST https://www.googleapis.com/oauth2/v3/token 400
[debug] [2026-05-01T03:37:58.333Z] <<< [apiv2][body] POST https://www.googleapis.com/oauth2/v3/token [omitted]
[error] Authentication Error: Your credentials are no longer valid. Please run firebase login --reauth

For CI servers and headless environments, generate a new token with firebase login:ci
[error] Authentication Error: Your credentials are no longer valid. Please run firebase login --reauth

For CI servers and headless environments, generate a new token with firebase login:ci
[debug] [2026-05-01T03:37:58.334Z] <<< [apiv2][status] POST https://www.googleapis.com/oauth2/v3/token 400
[debug] [2026-05-01T03:37:58.334Z] <<< [apiv2][body] POST https://www.googleapis.com/oauth2/v3/token [omitted]
[error] Authentication Error: Your credentials are no longer valid. Please run firebase login --reauth

For CI servers and headless environments, generate a new token with firebase login:ci
[error] Authentication Error: Your credentials are no longer valid. Please run firebase login --reauth

For CI servers and headless environments, generate a new token with firebase login:ci
[debug] [2026-05-01T03:37:58.336Z] <<< [apiv2][status] POST https://www.googleapis.com/oauth2/v3/token 400
[debug] [2026-05-01T03:37:58.336Z] <<< [apiv2][body] POST https://www.googleapis.com/oauth2/v3/token [omitted]
[error] Authentication Error: Your credentials are no longer valid. Please run firebase login --reauth

For CI servers and headless environments, generate a new token with firebase login:ci
[error] Authentication Error: Your credentials are no longer valid. Please run firebase login --reauth

For CI servers and headless environments, generate a new token with firebase login:ci
[debug] [2026-05-01T03:37:58.378Z] > command requires scopes: ["email","openid","https://www.googleapis.com/auth/cloudplatformprojects.readonly","https://www.googleapis.com/auth/firebase","https://www.googleapis.com/auth/cloud-platform"]
[debug] [2026-05-01T03:37:58.378Z] > authorizing via signed-in user (kthompson@socfoundry.com)
[debug] [2026-05-01T03:37:58.379Z] >>> [apiv2][query] POST https://developerknowledge.googleapis.com/mcp [none]
[debug] [2026-05-01T03:37:58.379Z] >>> [apiv2][body] POST https://developerknowledge.googleapis.com/mcp {"method":"tools/list","jsonrpc":"2.0","id":1}
[debug] [2026-05-01T03:37:58.380Z] > command requires scopes: ["email","openid","https://www.googleapis.com/auth/cloudplatformprojects.readonly","https://www.googleapis.com/auth/firebase","https://www.googleapis.com/auth/cloud-platform"]
[debug] [2026-05-01T03:37:58.380Z] > authorizing via signed-in user (kthompson@socfoundry.com)
[debug] [2026-05-01T03:37:58.380Z] > command requires scopes: ["email","openid","https://www.googleapis.com/auth/cloudplatformprojects.readonly","https://www.googleapis.com/auth/firebase","https://www.googleapis.com/auth/cloud-platform"]
[debug] [2026-05-01T03:37:58.380Z] > authorizing via signed-in user (kthompson@socfoundry.com)
[debug] [2026-05-01T03:37:58.545Z] <<< [apiv2][status] POST https://developerknowledge.googleapis.com/mcp 200
[debug] [2026-05-01T03:37:58.545Z] <<< [apiv2][body] POST https://developerknowledge.googleapis.com/mcp {"id":1,"jsonrpc":"2.0","result":{"tools":[{"annotations":{"destructiveHint":false,"idempotentHint":true,"openWorldHint":false,"readOnlyHint":true},"description":"Use this tool to find documentation about Google developer products. The documents contain official APIs, code snippets, release notes, best practices, guides, debugging info, and more. It covers the following products and domains:\n\n\n* ADK: adk.dev\n\n* Android: developer.android.com\n\n* Apigee: docs.apigee.com\n\n* Chrome: developer.chrome.com\n\n* Firebase: firebase.google.com\n\n* Fuchsia: fuchsia.dev\n\n* Go: go.dev\n\n* Google AI: ai.google.dev\n\n* Google Cloud: docs.cloud.google.com\n\n* Google Developers, Ads, Search, Google Maps, Youtube: developers.google.com\n\n* Google Home: developers.home.google.com\n\n* TensorFlow: www.tensorflow.org\n\n* Web: web.dev\n\n\nThis tool returns chunks of text, names, and URLs for matching documents. If the returned chunks are not detailed enough to answer the user's question, use `get_documents` with the `parent` from this tool's output to retrieve the full document content.\n","inputSchema":{"description":"Request schema for search_documents. Use the query field to search for related Google developer documentation.","properties":{"query":{"description":"Required. The raw query string provided by the user, such as \"How to create a Cloud Storage bucket?\".","type":"string"}},"required":["query"],"type":"object"},"name":"search_documents","outputSchema":{"$defs":{"DocumentChunk":{"description":"A DocumentChunk represents a piece of content from a Document in the DeveloperKnowledge corpus. To fetch the entire document content, pass the `parent` to get_document or batch_get_documents.","properties":{"content":{"description":"Output only. The content of the document chunk.","readOnly":true,"type":"string"},"id":{"description":"Output only. The ID of this chunk within the document. The chunk ID is unique within a document, but not globally unique across documents. The chunk ID is not stable and may change over time.","readOnly":true,"type":"string"},"parent":{"description":"Output only. The resource name of the document this chunk is from. Format: `documents/{uri_without_scheme}` Example: `documents/docs.cloud.google.com/storage/docs/creating-buckets`","readOnly":true,"type":"string"}},"type":"object"}},"description":"Response schema for search_documents.","properties":{"results":{"description":"The search results for the given query. Each Document in this list contains a snippet of content relevant to the search query. Use the DocumentChunk.name field of each result with get_documents to retrieve the full document content.","items":{"$ref":"#/$defs/DocumentChunk"},"type":"array"}},"type":"object"}},{"annotations":{"destructiveHint":false,"idempotentHint":true,"openWorldHint":false,"readOnlyHint":true},"description":"Use answer_query to get a grounded answer to a query about Google developer products. This tool has limited quota. This tool will synthesize information from the corpus to generate an answer to the query. answer_query grounds answers using the same corpus as search_documents. If you get a 429 out of quota error, use search_documents instead.","inputSchema":{"description":"Request message for AnswerQuery.","properties":{"query":{"description":"Required. The query to answer.","type":"string"}},"required":["query"],"type":"object"},"name":"answer_query","outputSchema":{"description":"Response message for AnswerQuery.","properties":{"answerText":{"description":"The answer to the query.","type":"string"}},"type":"object"}},{"annotations":{"destructiveHint":false,"idempotentHint":true,"openWorldHint":false,"readOnlyHint":true},"description":"Use this tool to retrieve the full content of a single document or up to 20 documents in a single call. The document names should be obtained from the `parent` field of results from a call to the `search_documents` tool. Set the `names` parameter to a list of document names.","inputSchema":{"description":"Request schema for get_documents.","properties":{"names":{"description":"Required. The names of the documents to retrieve, as returned by search_documents. A maximum of 20 documents can be retrieved in one call. The documents are returned in the same order as the `names` in the request. Format: `documents/{uri_without_scheme}` Example: `documents/docs.cloud.google.com/storage/docs/creating-buckets`","items":{"type":"string"},"type":"array"}},"required":["names"],"type":"object"},"name":"get_documents","outputSchema":{"$defs":{"Document":{"description":"A Document represents a piece of content from the Developer Knowledge corpus.","properties":{"content":{"description":"Output only. The content of the document in Markdown format.","readOnly":true,"type":"string"},"description":{"description":"Output only. A description of the document.","readOnly":true,"type":"string"},"name":{"description":"Identifier. The resource name of the document. Format: `documents/{uri_without_scheme}` Example: `documents/docs.cloud.google.com/storage/docs/creating-buckets`","type":"string","x-google-identifier":true},"title":{"description":"Output only. The title of the document.","readOnly":true,"type":"string"},"uri":{"description":"Output only. The URI of the content, such as `https://cloud.google.com/storage/docs/creating-buckets`.","readOnly":true,"type":"string"}},"type":"object"}},"description":"Response schema for get_documents.","properties":{"documents":{"description":"Documents requested.","items":{"$ref":"#/$defs/Document"},"type":"array"}},"type":"object"}}]}}
[debug] [2026-05-01T03:37:58.546Z] > command requires scopes: ["email","openid","https://www.googleapis.com/auth/cloudplatformprojects.readonly","https://www.googleapis.com/auth/firebase","https://www.googleapis.com/auth/cloud-platform"]
[debug] [2026-05-01T03:37:58.546Z] > authorizing via signed-in user (kthompson@socfoundry.com)
[debug] [2026-05-01T03:48:37.249Z] > command requires scopes: ["email","openid","https://www.googleapis.com/auth/cloudplatformprojects.readonly","https://www.googleapis.com/auth/firebase","https://www.googleapis.com/auth/cloud-platform"]
[debug] [2026-05-01T03:48:37.250Z] > authorizing via signed-in user (kthompson@socfoundry.com)
[debug] [2026-05-01T03:48:37.250Z] > command requires scopes: ["email","openid","https://www.googleapis.com/auth/cloudplatformprojects.readonly","https://www.googleapis.com/auth/firebase","https://www.googleapis.com/auth/cloud-platform"]
[debug] [2026-05-01T03:48:37.250Z] > authorizing via signed-in user (kthompson@socfoundry.com)
[debug] [2026-05-01T03:48:37.257Z] > command requires scopes: ["email","openid","https://www.googleapis.com/auth/cloudplatformprojects.readonly","https://www.googleapis.com/auth/firebase","https://www.googleapis.com/auth/cloud-platform"]
[debug] [2026-05-01T03:48:37.258Z] > authorizing via signed-in user (kthompson@socfoundry.com)
[debug] [2026-05-01T03:48:37.325Z] Checked if tokens are valid: false, expires at: 1776003429427
[debug] [2026-05-01T03:48:37.325Z] Checked if tokens are valid: false, expires at: 1776003429427
[debug] [2026-05-01T03:48:37.325Z] > refreshing access token with scopes: []
[debug] [2026-05-01T03:48:37.326Z] >>> [apiv2][query] POST https://www.googleapis.com/oauth2/v3/token [none]
[debug] [2026-05-01T03:48:37.326Z] >>> [apiv2][body] POST https://www.googleapis.com/oauth2/v3/token [omitted]
[debug] [2026-05-01T03:48:37.329Z] Checked if tokens are valid: false, expires at: 1776003429427
[debug] [2026-05-01T03:48:37.329Z] Checked if tokens are valid: false, expires at: 1776003429427
[debug] [2026-05-01T03:48:37.329Z] > refreshing access token with scopes: []
[debug] [2026-05-01T03:48:37.329Z] >>> [apiv2][query] POST https://www.googleapis.com/oauth2/v3/token [none]
[debug] [2026-05-01T03:48:37.329Z] >>> [apiv2][body] POST https://www.googleapis.com/oauth2/v3/token [omitted]
[debug] [2026-05-01T03:48:37.333Z] Checked if tokens are valid: false, expires at: 1776003429427
[debug] [2026-05-01T03:48:37.333Z] Checked if tokens are valid: false, expires at: 1776003429427
[debug] [2026-05-01T03:48:37.333Z] > refreshing access token with scopes: []
[debug] [2026-05-01T03:48:37.333Z] >>> [apiv2][query] POST https://www.googleapis.com/oauth2/v3/token [none]
[debug] [2026-05-01T03:48:37.334Z] >>> [apiv2][body] POST https://www.googleapis.com/oauth2/v3/token [omitted]
[debug] [2026-05-01T03:48:37.476Z] <<< [apiv2][status] POST https://www.googleapis.com/oauth2/v3/token 400
[debug] [2026-05-01T03:48:37.476Z] <<< [apiv2][body] POST https://www.googleapis.com/oauth2/v3/token [omitted]
[error] Authentication Error: Your credentials are no longer valid. Please run firebase login --reauth

For CI servers and headless environments, generate a new token with firebase login:ci
[error] Authentication Error: Your credentials are no longer valid. Please run firebase login --reauth

For CI servers and headless environments, generate a new token with firebase login:ci
[debug] [2026-05-01T03:48:37.477Z] <<< [apiv2][status] POST https://www.googleapis.com/oauth2/v3/token 400
[debug] [2026-05-01T03:48:37.477Z] <<< [apiv2][body] POST https://www.googleapis.com/oauth2/v3/token [omitted]
[error] Authentication Error: Your credentials are no longer valid. Please run firebase login --reauth

For CI servers and headless environments, generate a new token with firebase login:ci
[error] Authentication Error: Your credentials are no longer valid. Please run firebase login --reauth

For CI servers and headless environments, generate a new token with firebase login:ci
[debug] [2026-05-01T03:48:37.480Z] <<< [apiv2][status] POST https://www.googleapis.com/oauth2/v3/token 400
[debug] [2026-05-01T03:48:37.480Z] <<< [apiv2][body] POST https://www.googleapis.com/oauth2/v3/token [omitted]
[error] Authentication Error: Your credentials are no longer valid. Please run firebase login --reauth

For CI servers and headless environments, generate a new token with firebase login:ci
[error] Authentication Error: Your credentials are no longer valid. Please run firebase login --reauth

For CI servers and headless environments, generate a new token with firebase login:ci
[debug] [2026-05-01T03:48:37.521Z] > command requires scopes: ["email","openid","https://www.googleapis.com/auth/cloudplatformprojects.readonly","https://www.googleapis.com/auth/firebase","https://www.googleapis.com/auth/cloud-platform"]
[debug] [2026-05-01T03:48:37.522Z] > authorizing via signed-in user (kthompson@socfoundry.com)
[debug] [2026-05-01T03:48:37.522Z] >>> [apiv2][query] POST https://developerknowledge.googleapis.com/mcp [none]
[debug] [2026-05-01T03:48:37.522Z] >>> [apiv2][body] POST https://developerknowledge.googleapis.com/mcp {"method":"tools/list","jsonrpc":"2.0","id":1}
[debug] [2026-05-01T03:48:37.523Z] > command requires scopes: ["email","openid","https://www.googleapis.com/auth/cloudplatformprojects.readonly","https://www.googleapis.com/auth/firebase","https://www.googleapis.com/auth/cloud-platform"]
[debug] [2026-05-01T03:48:37.523Z] > authorizing via signed-in user (kthompson@socfoundry.com)
[debug] [2026-05-01T03:48:37.524Z] > command requires scopes: ["email","openid","https://www.googleapis.com/auth/cloudplatformprojects.readonly","https://www.googleapis.com/auth/firebase","https://www.googleapis.com/auth/cloud-platform"]
[debug] [2026-05-01T03:48:37.524Z] > authorizing via signed-in user (kthompson@socfoundry.com)
[debug] [2026-05-01T03:48:37.666Z] <<< [apiv2][status] POST https://developerknowledge.googleapis.com/mcp 200
[debug] [2026-05-01T03:48:37.666Z] <<< [apiv2][body] POST https://developerknowledge.googleapis.com/mcp {"id":1,"jsonrpc":"2.0","result":{"tools":[{"annotations":{"destructiveHint":false,"idempotentHint":true,"openWorldHint":false,"readOnlyHint":true},"description":"Use this tool to find documentation about Google developer products. The documents contain official APIs, code snippets, release notes, best practices, guides, debugging info, and more. It covers the following products and domains:\n\n\n* ADK: adk.dev\n\n* Android: developer.android.com\n\n* Apigee: docs.apigee.com\n\n* Chrome: developer.chrome.com\n\n* Firebase: firebase.google.com\n\n* Fuchsia: fuchsia.dev\n\n* Go: go.dev\n\n* Google AI: ai.google.dev\n\n* Google Cloud: docs.cloud.google.com\n\n* Google Developers, Ads, Search, Google Maps, Youtube: developers.google.com\n\n* Google Home: developers.home.google.com\n\n* TensorFlow: www.tensorflow.org\n\n* Web: web.dev\n\n\nThis tool returns chunks of text, names, and URLs for matching documents. If the returned chunks are not detailed enough to answer the user's question, use `get_documents` with the `parent` from this tool's output to retrieve the full document content.\n","inputSchema":{"description":"Request schema for search_documents. Use the query field to search for related Google developer documentation.","properties":{"query":{"description":"Required. The raw query string provided by the user, such as \"How to create a Cloud Storage bucket?\".","type":"string"}},"required":["query"],"type":"object"},"name":"search_documents","outputSchema":{"$defs":{"DocumentChunk":{"description":"A DocumentChunk represents a piece of content from a Document in the DeveloperKnowledge corpus. To fetch the entire document content, pass the `parent` to get_document or batch_get_documents.","properties":{"content":{"description":"Output only. The content of the document chunk.","readOnly":true,"type":"string"},"id":{"description":"Output only. The ID of this chunk within the document. The chunk ID is unique within a document, but not globally unique across documents. The chunk ID is not stable and may change over time.","readOnly":true,"type":"string"},"parent":{"description":"Output only. The resource name of the document this chunk is from. Format: `documents/{uri_without_scheme}` Example: `documents/docs.cloud.google.com/storage/docs/creating-buckets`","readOnly":true,"type":"string"}},"type":"object"}},"description":"Response schema for search_documents.","properties":{"results":{"description":"The search results for the given query. Each Document in this list contains a snippet of content relevant to the search query. Use the DocumentChunk.name field of each result with get_documents to retrieve the full document content.","items":{"$ref":"#/$defs/DocumentChunk"},"type":"array"}},"type":"object"}},{"annotations":{"destructiveHint":false,"idempotentHint":true,"openWorldHint":false,"readOnlyHint":true},"description":"Use answer_query to get a grounded answer to a query about Google developer products. This tool has limited quota. This tool will synthesize information from the corpus to generate an answer to the query. answer_query grounds answers using the same corpus as search_documents. If you get a 429 out of quota error, use search_documents instead.","inputSchema":{"description":"Request message for AnswerQuery.","properties":{"query":{"description":"Required. The query to answer.","type":"string"}},"required":["query"],"type":"object"},"name":"answer_query","outputSchema":{"description":"Response message for AnswerQuery.","properties":{"answerText":{"description":"The answer to the query.","type":"string"}},"type":"object"}},{"annotations":{"destructiveHint":false,"idempotentHint":true,"openWorldHint":false,"readOnlyHint":true},"description":"Use this tool to retrieve the full content of a single document or up to 20 documents in a single call. The document names should be obtained from the `parent` field of results from a call to the `search_documents` tool. Set the `names` parameter to a list of document names.","inputSchema":{"description":"Request schema for get_documents.","properties":{"names":{"description":"Required. The names of the documents to retrieve, as returned by search_documents. A maximum of 20 documents can be retrieved in one call. The documents are returned in the same order as the `names` in the request. Format: `documents/{uri_without_scheme}` Example: `documents/docs.cloud.google.com/storage/docs/creating-buckets`","items":{"type":"string"},"type":"array"}},"required":["names"],"type":"object"},"name":"get_documents","outputSchema":{"$defs":{"Document":{"description":"A Document represents a piece of content from the Developer Knowledge corpus.","properties":{"content":{"description":"Output only. The content of the document in Markdown format.","readOnly":true,"type":"string"},"description":{"description":"Output only. A description of the document.","readOnly":true,"type":"string"},"name":{"description":"Identifier. The resource name of the document. Format: `documents/{uri_without_scheme}` Example: `documents/docs.cloud.google.com/storage/docs/creating-buckets`","type":"string","x-google-identifier":true},"title":{"description":"Output only. The title of the document.","readOnly":true,"type":"string"},"uri":{"description":"Output only. The URI of the content, such as `https://cloud.google.com/storage/docs/creating-buckets`.","readOnly":true,"type":"string"}},"type":"object"}},"description":"Response schema for get_documents.","properties":{"documents":{"description":"Documents requested.","items":{"$ref":"#/$defs/Document"},"type":"array"}},"type":"object"}}]}}
[debug] [2026-05-01T03:48:37.667Z] > command requires scopes: ["email","openid","https://www.googleapis.com/auth/cloudplatformprojects.readonly","https://www.googleapis.com/auth/firebase","https://www.googleapis.com/auth/cloud-platform"]
[debug] [2026-05-01T03:48:37.667Z] > authorizing via signed-in user (kthompson@socfoundry.com)
[debug] [2026-05-01T13:51:40.271Z] > command requires scopes: ["email","openid","https://www.googleapis.com/auth/cloudplatformprojects.readonly","https://www.googleapis.com/auth/firebase","https://www.googleapis.com/auth/cloud-platform"]
[debug] [2026-05-01T13:51:40.272Z] > authorizing via signed-in user (kthompson@socfoundry.com)
[debug] [2026-05-01T13:51:40.272Z] > command requires scopes: ["email","openid","https://www.googleapis.com/auth/cloudplatformprojects.readonly","https://www.googleapis.com/auth/firebase","https://www.googleapis.com/auth/cloud-platform"]
[debug] [2026-05-01T13:51:40.273Z] > authorizing via signed-in user (kthompson@socfoundry.com)
[debug] [2026-05-01T13:51:40.287Z] > command requires scopes: ["email","openid","https://www.googleapis.com/auth/cloudplatformprojects.readonly","https://www.googleapis.com/auth/firebase","https://www.googleapis.com/auth/cloud-platform"]
[debug] [2026-05-01T13:51:40.287Z] > authorizing via signed-in user (kthompson@socfoundry.com)
[debug] [2026-05-01T13:51:40.415Z] Checked if tokens are valid: false, expires at: 1776003429427
[debug] [2026-05-01T13:51:40.415Z] Checked if tokens are valid: false, expires at: 1776003429427
[debug] [2026-05-01T13:51:40.416Z] > refreshing access token with scopes: []
[debug] [2026-05-01T13:51:40.416Z] >>> [apiv2][query] POST https://www.googleapis.com/oauth2/v3/token [none]
[debug] [2026-05-01T13:51:40.416Z] >>> [apiv2][body] POST https://www.googleapis.com/oauth2/v3/token [omitted]
[debug] [2026-05-01T13:51:40.420Z] Checked if tokens are valid: false, expires at: 1776003429427
[debug] [2026-05-01T13:51:40.420Z] Checked if tokens are valid: false, expires at: 1776003429427
[debug] [2026-05-01T13:51:40.420Z] > refreshing access token with scopes: []
[debug] [2026-05-01T13:51:40.420Z] >>> [apiv2][query] POST https://www.googleapis.com/oauth2/v3/token [none]
[debug] [2026-05-01T13:51:40.420Z] >>> [apiv2][body] POST https://www.googleapis.com/oauth2/v3/token [omitted]
[debug] [2026-05-01T13:51:40.424Z] Checked if tokens are valid: false, expires at: 1776003429427
[debug] [2026-05-01T13:51:40.424Z] Checked if tokens are valid: false, expires at: 1776003429427
[debug] [2026-05-01T13:51:40.424Z] > refreshing access token with scopes: []
[debug] [2026-05-01T13:51:40.424Z] >>> [apiv2][query] POST https://www.googleapis.com/oauth2/v3/token [none]
[debug] [2026-05-01T13:51:40.424Z] >>> [apiv2][body] POST https://www.googleapis.com/oauth2/v3/token [omitted]
[debug] [2026-05-01T13:51:40.542Z] <<< [apiv2][status] POST https://www.googleapis.com/oauth2/v3/token 400
[debug] [2026-05-01T13:51:40.542Z] <<< [apiv2][body] POST https://www.googleapis.com/oauth2/v3/token [omitted]
[error] Authentication Error: Your credentials are no longer valid. Please run firebase login --reauth

For CI servers and headless environments, generate a new token with firebase login:ci
[error] Authentication Error: Your credentials are no longer valid. Please run firebase login --reauth

For CI servers and headless environments, generate a new token with firebase login:ci
[debug] [2026-05-01T13:51:40.548Z] <<< [apiv2][status] POST https://www.googleapis.com/oauth2/v3/token 400
[debug] [2026-05-01T13:51:40.548Z] <<< [apiv2][body] POST https://www.googleapis.com/oauth2/v3/token [omitted]
[error] Authentication Error: Your credentials are no longer valid. Please run firebase login --reauth

For CI servers and headless environments, generate a new token with firebase login:ci
[error] Authentication Error: Your credentials are no longer valid. Please run firebase login --reauth

For CI servers and headless environments, generate a new token with firebase login:ci
[debug] [2026-05-01T13:51:40.549Z] <<< [apiv2][status] POST https://www.googleapis.com/oauth2/v3/token 400
[debug] [2026-05-01T13:51:40.549Z] <<< [apiv2][body] POST https://www.googleapis.com/oauth2/v3/token [omitted]
[error] Authentication Error: Your credentials are no longer valid. Please run firebase login --reauth

For CI servers and headless environments, generate a new token with firebase login:ci
[error] Authentication Error: Your credentials are no longer valid. Please run firebase login --reauth

For CI servers and headless environments, generate a new token with firebase login:ci
[debug] [2026-05-01T13:51:40.591Z] > command requires scopes: ["email","openid","https://www.googleapis.com/auth/cloudplatformprojects.readonly","https://www.googleapis.com/auth/firebase","https://www.googleapis.com/auth/cloud-platform"]
[debug] [2026-05-01T13:51:40.591Z] > authorizing via signed-in user (kthompson@socfoundry.com)
[debug] [2026-05-01T13:51:40.591Z] >>> [apiv2][query] POST https://developerknowledge.googleapis.com/mcp [none]
[debug] [2026-05-01T13:51:40.591Z] >>> [apiv2][body] POST https://developerknowledge.googleapis.com/mcp {"method":"tools/list","jsonrpc":"2.0","id":1}
[debug] [2026-05-01T13:51:40.592Z] > command requires scopes: ["email","openid","https://www.googleapis.com/auth/cloudplatformprojects.readonly","https://www.googleapis.com/auth/firebase","https://www.googleapis.com/auth/cloud-platform"]
[debug] [2026-05-01T13:51:40.592Z] > authorizing via signed-in user (kthompson@socfoundry.com)
[debug] [2026-05-01T13:51:40.593Z] > command requires scopes: ["email","openid","https://www.googleapis.com/auth/cloudplatformprojects.readonly","https://www.googleapis.com/auth/firebase","https://www.googleapis.com/auth/cloud-platform"]
[debug] [2026-05-01T13:51:40.593Z] > authorizing via signed-in user (kthompson@socfoundry.com)
[debug] [2026-05-01T13:51:40.732Z] <<< [apiv2][status] POST https://developerknowledge.googleapis.com/mcp 200
[debug] [2026-05-01T13:51:40.732Z] <<< [apiv2][body] POST https://developerknowledge.googleapis.com/mcp {"id":1,"jsonrpc":"2.0","result":{"tools":[{"annotations":{"destructiveHint":false,"idempotentHint":true,"openWorldHint":false,"readOnlyHint":true},"description":"Use this tool to find documentation about Google developer products. The documents contain official APIs, code snippets, release notes, best practices, guides, debugging info, and more. It covers the following products and domains:\n\n\n* ADK: adk.dev\n\n* Android: developer.android.com\n\n* Apigee: docs.apigee.com\n\n* Chrome: developer.chrome.com\n\n* Firebase: firebase.google.com\n\n* Fuchsia: fuchsia.dev\n\n* Go: go.dev\n\n* Google AI: ai.google.dev\n\n* Google Cloud: docs.cloud.google.com\n\n* Google Developers, Ads, Search, Google Maps, Youtube: developers.google.com\n\n* Google Home: developers.home.google.com\n\n* TensorFlow: www.tensorflow.org\n\n* Web: web.dev\n\n\nThis tool returns chunks of text, names, and URLs for matching documents. If the returned chunks are not detailed enough to answer the user's question, use `get_documents` with the `parent` from this tool's output to retrieve the full document content.\n","inputSchema":{"description":"Request schema for search_documents. Use the query field to search for related Google developer documentation.","properties":{"query":{"description":"Required. The raw query string provided by the user, such as \"How to create a Cloud Storage bucket?\".","type":"string"}},"required":["query"],"type":"object"},"name":"search_documents","outputSchema":{"$defs":{"DocumentChunk":{"description":"A DocumentChunk represents a piece of content from a Document in the DeveloperKnowledge corpus. To fetch the entire document content, pass the `parent` to get_document or batch_get_documents.","properties":{"content":{"description":"Output only. The content of the document chunk.","readOnly":true,"type":"string"},"id":{"description":"Output only. The ID of this chunk within the document. The chunk ID is unique within a document, but not globally unique across documents. The chunk ID is not stable and may change over time.","readOnly":true,"type":"string"},"parent":{"description":"Output only. The resource name of the document this chunk is from. Format: `documents/{uri_without_scheme}` Example: `documents/docs.cloud.google.com/storage/docs/creating-buckets`","readOnly":true,"type":"string"}},"type":"object"}},"description":"Response schema for search_documents.","properties":{"results":{"description":"The search results for the given query. Each Document in this list contains a snippet of content relevant to the search query. Use the DocumentChunk.name field of each result with get_documents to retrieve the full document content.","items":{"$ref":"#/$defs/DocumentChunk"},"type":"array"}},"type":"object"}},{"annotations":{"destructiveHint":false,"idempotentHint":true,"openWorldHint":false,"readOnlyHint":true},"description":"Use answer_query to get a grounded answer to a query about Google developer products. This tool has limited quota. This tool will synthesize information from the corpus to generate an answer to the query. answer_query grounds answers using the same corpus as search_documents. If you get a 429 out of quota error, use search_documents instead.","inputSchema":{"description":"Request message for AnswerQuery.","properties":{"query":{"description":"Required. The query to answer.","type":"string"}},"required":["query"],"type":"object"},"name":"answer_query","outputSchema":{"description":"Response message for AnswerQuery.","properties":{"answerText":{"description":"The answer to the query.","type":"string"}},"type":"object"}},{"annotations":{"destructiveHint":false,"idempotentHint":true,"openWorldHint":false,"readOnlyHint":true},"description":"Use this tool to retrieve the full content of a single document or up to 20 documents in a single call. The document names should be obtained from the `parent` field of results from a call to the `search_documents` tool. Set the `names` parameter to a list of document names.","inputSchema":{"description":"Request schema for get_documents.","properties":{"names":{"description":"Required. The names of the documents to retrieve, as returned by search_documents. A maximum of 20 documents can be retrieved in one call. The documents are returned in the same order as the `names` in the request. Format: `documents/{uri_without_scheme}` Example: `documents/docs.cloud.google.com/storage/docs/creating-buckets`","items":{"type":"string"},"type":"array"}},"required":["names"],"type":"object"},"name":"get_documents","outputSchema":{"$defs":{"Document":{"description":"A Document represents a piece of content from the Developer Knowledge corpus.","properties":{"content":{"description":"Output only. The content of the document in Markdown format.","readOnly":true,"type":"string"},"description":{"description":"Output only. A description of the document.","readOnly":true,"type":"string"},"name":{"description":"Identifier. The resource name of the document. Format: `documents/{uri_without_scheme}` Example: `documents/docs.cloud.google.com/storage/docs/creating-buckets`","type":"string","x-google-identifier":true},"title":{"description":"Output only. The title of the document.","readOnly":true,"type":"string"},"uri":{"description":"Output only. The URI of the content, such as `https://cloud.google.com/storage/docs/creating-buckets`.","readOnly":true,"type":"string"}},"type":"object"}},"description":"Response schema for get_documents.","properties":{"documents":{"description":"Documents requested.","items":{"$ref":"#/$defs/Document"},"type":"array"}},"type":"object"}}]}}
[debug] [2026-05-01T13:51:40.734Z] > command requires scopes: ["email","openid","https://www.googleapis.com/auth/cloudplatformprojects.readonly","https://www.googleapis.com/auth/firebase","https://www.googleapis.com/auth/cloud-platform"]
[debug] [2026-05-01T13:51:40.734Z] > authorizing via signed-in user (kthompson@socfoundry.com)
[debug] [2026-05-01T14:50:00.667Z] > command requires scopes: ["email","openid","https://www.googleapis.com/auth/cloudplatformprojects.readonly","https://www.googleapis.com/auth/firebase","https://www.googleapis.com/auth/cloud-platform"]
[debug] [2026-05-01T14:50:00.668Z] > authorizing via signed-in user (kthompson@socfoundry.com)
[debug] [2026-05-01T14:50:00.668Z] > command requires scopes: ["email","openid","https://www.googleapis.com/auth/cloudplatformprojects.readonly","https://www.googleapis.com/auth/firebase","https://www.googleapis.com/auth/cloud-platform"]
[debug] [2026-05-01T14:50:00.669Z] > authorizing via signed-in user (kthompson@socfoundry.com)
[debug] [2026-05-01T14:50:00.681Z] > command requires scopes: ["email","openid","https://www.googleapis.com/auth/cloudplatformprojects.readonly","https://www.googleapis.com/auth/firebase","https://www.googleapis.com/auth/cloud-platform"]
[debug] [2026-05-01T14:50:00.681Z] > authorizing via signed-in user (kthompson@socfoundry.com)
[debug] [2026-05-01T14:50:00.765Z] Checked if tokens are valid: false, expires at: 1776003429427
[debug] [2026-05-01T14:50:00.765Z] Checked if tokens are valid: false, expires at: 1776003429427
[debug] [2026-05-01T14:50:00.766Z] > refreshing access token with scopes: []
[debug] [2026-05-01T14:50:00.766Z] >>> [apiv2][query] POST https://www.googleapis.com/oauth2/v3/token [none]
[debug] [2026-05-01T14:50:00.766Z] >>> [apiv2][body] POST https://www.googleapis.com/oauth2/v3/token [omitted]
[debug] [2026-05-01T14:50:00.769Z] Checked if tokens are valid: false, expires at: 1776003429427
[debug] [2026-05-01T14:50:00.769Z] Checked if tokens are valid: false, expires at: 1776003429427
[debug] [2026-05-01T14:50:00.769Z] > refreshing access token with scopes: []
[debug] [2026-05-01T14:50:00.769Z] >>> [apiv2][query] POST https://www.googleapis.com/oauth2/v3/token [none]
[debug] [2026-05-01T14:50:00.769Z] >>> [apiv2][body] POST https://www.googleapis.com/oauth2/v3/token [omitted]
[debug] [2026-05-01T14:50:00.772Z] Checked if tokens are valid: false, expires at: 1776003429427
[debug] [2026-05-01T14:50:00.773Z] Checked if tokens are valid: false, expires at: 1776003429427
[debug] [2026-05-01T14:50:00.773Z] > refreshing access token with scopes: []
[debug] [2026-05-01T14:50:00.773Z] >>> [apiv2][query] POST https://www.googleapis.com/oauth2/v3/token [none]
[debug] [2026-05-01T14:50:00.773Z] >>> [apiv2][body] POST https://www.googleapis.com/oauth2/v3/token [omitted]
[debug] [2026-05-01T14:50:00.900Z] <<< [apiv2][status] POST https://www.googleapis.com/oauth2/v3/token 400
[debug] [2026-05-01T14:50:00.900Z] <<< [apiv2][body] POST https://www.googleapis.com/oauth2/v3/token [omitted]
[error] Authentication Error: Your credentials are no longer valid. Please run firebase login --reauth

For CI servers and headless environments, generate a new token with firebase login:ci
[error] Authentication Error: Your credentials are no longer valid. Please run firebase login --reauth

For CI servers and headless environments, generate a new token with firebase login:ci
[debug] [2026-05-01T14:50:00.903Z] <<< [apiv2][status] POST https://www.googleapis.com/oauth2/v3/token 400
[debug] [2026-05-01T14:50:00.903Z] <<< [apiv2][body] POST https://www.googleapis.com/oauth2/v3/token [omitted]
[error] Authentication Error: Your credentials are no longer valid. Please run firebase login --reauth

For CI servers and headless environments, generate a new token with firebase login:ci
[error] Authentication Error: Your credentials are no longer valid. Please run firebase login --reauth

For CI servers and headless environments, generate a new token with firebase login:ci
[debug] [2026-05-01T14:50:00.903Z] <<< [apiv2][status] POST https://www.googleapis.com/oauth2/v3/token 400
[debug] [2026-05-01T14:50:00.904Z] <<< [apiv2][body] POST https://www.googleapis.com/oauth2/v3/token [omitted]
[error] Authentication Error: Your credentials are no longer valid. Please run firebase login --reauth

For CI servers and headless environments, generate a new token with firebase login:ci
[error] Authentication Error: Your credentials are no longer valid. Please run firebase login --reauth

For CI servers and headless environments, generate a new token with firebase login:ci
[debug] [2026-05-01T14:50:00.940Z] > command requires scopes: ["email","openid","https://www.googleapis.com/auth/cloudplatformprojects.readonly","https://www.googleapis.com/auth/firebase","https://www.googleapis.com/auth/cloud-platform"]
[debug] [2026-05-01T14:50:00.940Z] > authorizing via signed-in user (kthompson@socfoundry.com)
[debug] [2026-05-01T14:50:00.940Z] >>> [apiv2][query] POST https://developerknowledge.googleapis.com/mcp [none]
[debug] [2026-05-01T14:50:00.940Z] >>> [apiv2][body] POST https://developerknowledge.googleapis.com/mcp {"method":"tools/list","jsonrpc":"2.0","id":1}
[debug] [2026-05-01T14:50:00.946Z] > command requires scopes: ["email","openid","https://www.googleapis.com/auth/cloudplatformprojects.readonly","https://www.googleapis.com/auth/firebase","https://www.googleapis.com/auth/cloud-platform"]
[debug] [2026-05-01T14:50:00.946Z] > authorizing via signed-in user (kthompson@socfoundry.com)
[debug] [2026-05-01T14:50:00.947Z] > command requires scopes: ["email","openid","https://www.googleapis.com/auth/cloudplatformprojects.readonly","https://www.googleapis.com/auth/firebase","https://www.googleapis.com/auth/cloud-platform"]
[debug] [2026-05-01T14:50:00.947Z] > authorizing via signed-in user (kthompson@socfoundry.com)
[debug] [2026-05-01T14:50:01.092Z] <<< [apiv2][status] POST https://developerknowledge.googleapis.com/mcp 200
[debug] [2026-05-01T14:50:01.092Z] <<< [apiv2][body] POST https://developerknowledge.googleapis.com/mcp {"id":1,"jsonrpc":"2.0","result":{"tools":[{"annotations":{"destructiveHint":false,"idempotentHint":true,"openWorldHint":false,"readOnlyHint":true},"description":"Use this tool to find documentation about Google developer products. The documents contain official APIs, code snippets, release notes, best practices, guides, debugging info, and more. It covers the following products and domains:\n\n\n* ADK: adk.dev\n\n* Android: developer.android.com\n\n* Apigee: docs.apigee.com\n\n* Chrome: developer.chrome.com\n\n* Firebase: firebase.google.com\n\n* Fuchsia: fuchsia.dev\n\n* Go: go.dev\n\n* Google AI: ai.google.dev\n\n* Google Cloud: docs.cloud.google.com\n\n* Google Developers, Ads, Search, Google Maps, Youtube: developers.google.com\n\n* Google Home: developers.home.google.com\n\n* TensorFlow: www.tensorflow.org\n\n* Web: web.dev\n\n\nThis tool returns chunks of text, names, and URLs for matching documents. If the returned chunks are not detailed enough to answer the user's question, use `get_documents` with the `parent` from this tool's output to retrieve the full document content.\n","inputSchema":{"description":"Request schema for search_documents. Use the query field to search for related Google developer documentation.","properties":{"query":{"description":"Required. The raw query string provided by the user, such as \"How to create a Cloud Storage bucket?\".","type":"string"}},"required":["query"],"type":"object"},"name":"search_documents","outputSchema":{"$defs":{"DocumentChunk":{"description":"A DocumentChunk represents a piece of content from a Document in the DeveloperKnowledge corpus. To fetch the entire document content, pass the `parent` to get_document or batch_get_documents.","properties":{"content":{"description":"Output only. The content of the document chunk.","readOnly":true,"type":"string"},"id":{"description":"Output only. The ID of this chunk within the document. The chunk ID is unique within a document, but not globally unique across documents. The chunk ID is not stable and may change over time.","readOnly":true,"type":"string"},"parent":{"description":"Output only. The resource name of the document this chunk is from. Format: `documents/{uri_without_scheme}` Example: `documents/docs.cloud.google.com/storage/docs/creating-buckets`","readOnly":true,"type":"string"}},"type":"object"}},"description":"Response schema for search_documents.","properties":{"results":{"description":"The search results for the given query. Each Document in this list contains a snippet of content relevant to the search query. Use the DocumentChunk.name field of each result with get_documents to retrieve the full document content.","items":{"$ref":"#/$defs/DocumentChunk"},"type":"array"}},"type":"object"}},{"annotations":{"destructiveHint":false,"idempotentHint":true,"openWorldHint":false,"readOnlyHint":true},"description":"Use answer_query to get a grounded answer to a query about Google developer products. This tool has limited quota. This tool will synthesize information from the corpus to generate an answer to the query. answer_query grounds answers using the same corpus as search_documents. If you get a 429 out of quota error, use search_documents instead.","inputSchema":{"description":"Request message for AnswerQuery.","properties":{"query":{"description":"Required. The query to answer.","type":"string"}},"required":["query"],"type":"object"},"name":"answer_query","outputSchema":{"description":"Response message for AnswerQuery.","properties":{"answerText":{"description":"The answer to the query.","type":"string"}},"type":"object"}},{"annotations":{"destructiveHint":false,"idempotentHint":true,"openWorldHint":false,"readOnlyHint":true},"description":"Use this tool to retrieve the full content of a single document or up to 20 documents in a single call. The document names should be obtained from the `parent` field of results from a call to the `search_documents` tool. Set the `names` parameter to a list of document names.","inputSchema":{"description":"Request schema for get_documents.","properties":{"names":{"description":"Required. The names of the documents to retrieve, as returned by search_documents. A maximum of 20 documents can be retrieved in one call. The documents are returned in the same order as the `names` in the request. Format: `documents/{uri_without_scheme}` Example: `documents/docs.cloud.google.com/storage/docs/creating-buckets`","items":{"type":"string"},"type":"array"}},"required":["names"],"type":"object"},"name":"get_documents","outputSchema":{"$defs":{"Document":{"description":"A Document represents a piece of content from the Developer Knowledge corpus.","properties":{"content":{"description":"Output only. The content of the document in Markdown format.","readOnly":true,"type":"string"},"description":{"description":"Output only. A description of the document.","readOnly":true,"type":"string"},"name":{"description":"Identifier. The resource name of the document. Format: `documents/{uri_without_scheme}` Example: `documents/docs.cloud.google.com/storage/docs/creating-buckets`","type":"string","x-google-identifier":true},"title":{"description":"Output only. The title of the document.","readOnly":true,"type":"string"},"uri":{"description":"Output only. The URI of the content, such as `https://cloud.google.com/storage/docs/creating-buckets`.","readOnly":true,"type":"string"}},"type":"object"}},"description":"Response schema for get_documents.","properties":{"documents":{"description":"Documents requested.","items":{"$ref":"#/$defs/Document"},"type":"array"}},"type":"object"}}]}}
[debug] [2026-05-01T14:50:01.093Z] > command requires scopes: ["email","openid","https://www.googleapis.com/auth/cloudplatformprojects.readonly","https://www.googleapis.com/auth/firebase","https://www.googleapis.com/auth/cloud-platform"]
[debug] [2026-05-01T14:50:01.093Z] > authorizing via signed-in user (kthompson@socfoundry.com)
[debug] [2026-05-01T15:20:28.544Z] > command requires scopes: ["email","openid","https://www.googleapis.com/auth/cloudplatformprojects.readonly","https://www.googleapis.com/auth/firebase","https://www.googleapis.com/auth/cloud-platform"]
[debug] [2026-05-01T15:20:28.545Z] > authorizing via signed-in user (kthompson@socfoundry.com)
[debug] [2026-05-01T15:20:28.545Z] > command requires scopes: ["email","openid","https://www.googleapis.com/auth/cloudplatformprojects.readonly","https://www.googleapis.com/auth/firebase","https://www.googleapis.com/auth/cloud-platform"]
[debug] [2026-05-01T15:20:28.545Z] > authorizing via signed-in user (kthompson@socfoundry.com)
[debug] [2026-05-01T15:20:28.551Z] > command requires scopes: ["email","openid","https://www.googleapis.com/auth/cloudplatformprojects.readonly","https://www.googleapis.com/auth/firebase","https://www.googleapis.com/auth/cloud-platform"]
[debug] [2026-05-01T15:20:28.551Z] > authorizing via signed-in user (kthompson@socfoundry.com)
[debug] [2026-05-01T15:20:28.630Z] Checked if tokens are valid: false, expires at: 1776003429427
[debug] [2026-05-01T15:20:28.630Z] Checked if tokens are valid: false, expires at: 1776003429427
[debug] [2026-05-01T15:20:28.630Z] > refreshing access token with scopes: []
[debug] [2026-05-01T15:20:28.631Z] >>> [apiv2][query] POST https://www.googleapis.com/oauth2/v3/token [none]
[debug] [2026-05-01T15:20:28.631Z] >>> [apiv2][body] POST https://www.googleapis.com/oauth2/v3/token [omitted]
[debug] [2026-05-01T15:20:28.636Z] Checked if tokens are valid: false, expires at: 1776003429427
[debug] [2026-05-01T15:20:28.636Z] Checked if tokens are valid: false, expires at: 1776003429427
[debug] [2026-05-01T15:20:28.636Z] > refreshing access token with scopes: []
[debug] [2026-05-01T15:20:28.636Z] >>> [apiv2][query] POST https://www.googleapis.com/oauth2/v3/token [none]
[debug] [2026-05-01T15:20:28.636Z] >>> [apiv2][body] POST https://www.googleapis.com/oauth2/v3/token [omitted]
[debug] [2026-05-01T15:20:28.638Z] Checked if tokens are valid: false, expires at: 1776003429427
[debug] [2026-05-01T15:20:28.638Z] Checked if tokens are valid: false, expires at: 1776003429427
[debug] [2026-05-01T15:20:28.638Z] > refreshing access token with scopes: []
[debug] [2026-05-01T15:20:28.639Z] >>> [apiv2][query] POST https://www.googleapis.com/oauth2/v3/token [none]
[debug] [2026-05-01T15:20:28.639Z] >>> [apiv2][body] POST https://www.googleapis.com/oauth2/v3/token [omitted]
[debug] [2026-05-01T15:20:28.762Z] <<< [apiv2][status] POST https://www.googleapis.com/oauth2/v3/token 400
[debug] [2026-05-01T15:20:28.763Z] <<< [apiv2][body] POST https://www.googleapis.com/oauth2/v3/token [omitted]
[error] Authentication Error: Your credentials are no longer valid. Please run firebase login --reauth

For CI servers and headless environments, generate a new token with firebase login:ci
[error] Authentication Error: Your credentials are no longer valid. Please run firebase login --reauth

For CI servers and headless environments, generate a new token with firebase login:ci
[debug] [2026-05-01T15:20:28.778Z] <<< [apiv2][status] POST https://www.googleapis.com/oauth2/v3/token 400
[debug] [2026-05-01T15:20:28.778Z] <<< [apiv2][body] POST https://www.googleapis.com/oauth2/v3/token [omitted]
[error] Authentication Error: Your credentials are no longer valid. Please run firebase login --reauth

For CI servers and headless environments, generate a new token with firebase login:ci
[error] Authentication Error: Your credentials are no longer valid. Please run firebase login --reauth

For CI servers and headless environments, generate a new token with firebase login:ci
[debug] [2026-05-01T15:20:28.791Z] <<< [apiv2][status] POST https://www.googleapis.com/oauth2/v3/token 400
[debug] [2026-05-01T15:20:28.791Z] <<< [apiv2][body] POST https://www.googleapis.com/oauth2/v3/token [omitted]
[error] Authentication Error: Your credentials are no longer valid. Please run firebase login --reauth

For CI servers and headless environments, generate a new token with firebase login:ci
[error] Authentication Error: Your credentials are no longer valid. Please run firebase login --reauth

For CI servers and headless environments, generate a new token with firebase login:ci
[debug] [2026-05-01T15:20:28.806Z] > command requires scopes: ["email","openid","https://www.googleapis.com/auth/cloudplatformprojects.readonly","https://www.googleapis.com/auth/firebase","https://www.googleapis.com/auth/cloud-platform"]
[debug] [2026-05-01T15:20:28.806Z] > authorizing via signed-in user (kthompson@socfoundry.com)
[debug] [2026-05-01T15:20:28.806Z] >>> [apiv2][query] POST https://developerknowledge.googleapis.com/mcp [none]
[debug] [2026-05-01T15:20:28.806Z] >>> [apiv2][body] POST https://developerknowledge.googleapis.com/mcp {"method":"tools/list","jsonrpc":"2.0","id":1}
[debug] [2026-05-01T15:20:28.819Z] > command requires scopes: ["email","openid","https://www.googleapis.com/auth/cloudplatformprojects.readonly","https://www.googleapis.com/auth/firebase","https://www.googleapis.com/auth/cloud-platform"]
[debug] [2026-05-01T15:20:28.819Z] > authorizing via signed-in user (kthompson@socfoundry.com)
[debug] [2026-05-01T15:20:28.820Z] > command requires scopes: ["email","openid","https://www.googleapis.com/auth/cloudplatformprojects.readonly","https://www.googleapis.com/auth/firebase","https://www.googleapis.com/auth/cloud-platform"]
[debug] [2026-05-01T15:20:28.820Z] > authorizing via signed-in user (kthompson@socfoundry.com)
[debug] [2026-05-01T15:20:28.982Z] <<< [apiv2][status] POST https://developerknowledge.googleapis.com/mcp 200
[debug] [2026-05-01T15:20:28.982Z] <<< [apiv2][body] POST https://developerknowledge.googleapis.com/mcp {"id":1,"jsonrpc":"2.0","result":{"tools":[{"annotations":{"destructiveHint":false,"idempotentHint":true,"openWorldHint":false,"readOnlyHint":true},"description":"Use this tool to find documentation about Google developer products. The documents contain official APIs, code snippets, release notes, best practices, guides, debugging info, and more. It covers the following products and domains:\n\n\n* ADK: adk.dev\n\n* Android: developer.android.com\n\n* Apigee: docs.apigee.com\n\n* Chrome: developer.chrome.com\n\n* Firebase: firebase.google.com\n\n* Fuchsia: fuchsia.dev\n\n* Go: go.dev\n\n* Google AI: ai.google.dev\n\n* Google Cloud: docs.cloud.google.com\n\n* Google Developers, Ads, Search, Google Maps, Youtube: developers.google.com\n\n* Google Home: developers.home.google.com\n\n* TensorFlow: www.tensorflow.org\n\n* Web: web.dev\n\n\nThis tool returns chunks of text, names, and URLs for matching documents. If the returned chunks are not detailed enough to answer the user's question, use `get_documents` with the `parent` from this tool's output to retrieve the full document content.\n","inputSchema":{"description":"Request schema for search_documents. Use the query field to search for related Google developer documentation.","properties":{"query":{"description":"Required. The raw query string provided by the user, such as \"How to create a Cloud Storage bucket?\".","type":"string"}},"required":["query"],"type":"object"},"name":"search_documents","outputSchema":{"$defs":{"DocumentChunk":{"description":"A DocumentChunk represents a piece of content from a Document in the DeveloperKnowledge corpus. To fetch the entire document content, pass the `parent` to get_document or batch_get_documents.","properties":{"content":{"description":"Output only. The content of the document chunk.","readOnly":true,"type":"string"},"id":{"description":"Output only. The ID of this chunk within the document. The chunk ID is unique within a document, but not globally unique across documents. The chunk ID is not stable and may change over time.","readOnly":true,"type":"string"},"parent":{"description":"Output only. The resource name of the document this chunk is from. Format: `documents/{uri_without_scheme}` Example: `documents/docs.cloud.google.com/storage/docs/creating-buckets`","readOnly":true,"type":"string"}},"type":"object"}},"description":"Response schema for search_documents.","properties":{"results":{"description":"The search results for the given query. Each Document in this list contains a snippet of content relevant to the search query. Use the DocumentChunk.name field of each result with get_documents to retrieve the full document content.","items":{"$ref":"#/$defs/DocumentChunk"},"type":"array"}},"type":"object"}},{"annotations":{"destructiveHint":false,"idempotentHint":true,"openWorldHint":false,"readOnlyHint":true},"description":"Use answer_query to get a grounded answer to a query about Google developer products. This tool has limited quota. This tool will synthesize information from the corpus to generate an answer to the query. answer_query grounds answers using the same corpus as search_documents. If you get a 429 out of quota error, use search_documents instead.","inputSchema":{"description":"Request message for AnswerQuery.","properties":{"query":{"description":"Required. The query to answer.","type":"string"}},"required":["query"],"type":"object"},"name":"answer_query","outputSchema":{"description":"Response message for AnswerQuery.","properties":{"answerText":{"description":"The answer to the query.","type":"string"}},"type":"object"}},{"annotations":{"destructiveHint":false,"idempotentHint":true,"openWorldHint":false,"readOnlyHint":true},"description":"Use this tool to retrieve the full content of a single document or up to 20 documents in a single call. The document names should be obtained from the `parent` field of results from a call to the `search_documents` tool. Set the `names` parameter to a list of document names.","inputSchema":{"description":"Request schema for get_documents.","properties":{"names":{"description":"Required. The names of the documents to retrieve, as returned by search_documents. A maximum of 20 documents can be retrieved in one call. The documents are returned in the same order as the `names` in the request. Format: `documents/{uri_without_scheme}` Example: `documents/docs.cloud.google.com/storage/docs/creating-buckets`","items":{"type":"string"},"type":"array"}},"required":["names"],"type":"object"},"name":"get_documents","outputSchema":{"$defs":{"Document":{"description":"A Document represents a piece of content from the Developer Knowledge corpus.","properties":{"content":{"description":"Output only. The content of the document in Markdown format.","readOnly":true,"type":"string"},"description":{"description":"Output only. A description of the document.","readOnly":true,"type":"string"},"name":{"description":"Identifier. The resource name of the document. Format: `documents/{uri_without_scheme}` Example: `documents/docs.cloud.google.com/storage/docs/creating-buckets`","type":"string","x-google-identifier":true},"title":{"description":"Output only. The title of the document.","readOnly":true,"type":"string"},"uri":{"description":"Output only. The URI of the content, such as `https://cloud.google.com/storage/docs/creating-buckets`.","readOnly":true,"type":"string"}},"type":"object"}},"description":"Response schema for get_documents.","properties":{"documents":{"description":"Documents requested.","items":{"$ref":"#/$defs/Document"},"type":"array"}},"type":"object"}}]}}
[debug] [2026-05-01T15:20:28.983Z] > command requires scopes: ["email","openid","https://www.googleapis.com/auth/cloudplatformprojects.readonly","https://www.googleapis.com/auth/firebase","https://www.googleapis.com/auth/cloud-platform"]
[debug] [2026-05-01T15:20:28.983Z] > authorizing via signed-in user (kthompson@socfoundry.com)
[debug] [2026-05-01T16:57:00.499Z] > command requires scopes: ["email","openid","https://www.googleapis.com/auth/cloudplatformprojects.readonly","https://www.googleapis.com/auth/firebase","https://www.googleapis.com/auth/cloud-platform"]
[debug] [2026-05-01T16:57:00.501Z] > authorizing via signed-in user (kthompson@socfoundry.com)
[debug] [2026-05-01T16:57:00.501Z] > command requires scopes: ["email","openid","https://www.googleapis.com/auth/cloudplatformprojects.readonly","https://www.googleapis.com/auth/firebase","https://www.googleapis.com/auth/cloud-platform"]
[debug] [2026-05-01T16:57:00.501Z] > authorizing via signed-in user (kthompson@socfoundry.com)
[debug] [2026-05-01T16:57:00.508Z] > command requires scopes: ["email","openid","https://www.googleapis.com/auth/cloudplatformprojects.readonly","https://www.googleapis.com/auth/firebase","https://www.googleapis.com/auth/cloud-platform"]
[debug] [2026-05-01T16:57:00.508Z] > authorizing via signed-in user (kthompson@socfoundry.com)
[debug] [2026-05-01T16:57:00.596Z] Checked if tokens are valid: false, expires at: 1776003429427
[debug] [2026-05-01T16:57:00.596Z] Checked if tokens are valid: false, expires at: 1776003429427
[debug] [2026-05-01T16:57:00.597Z] > refreshing access token with scopes: []
[debug] [2026-05-01T16:57:00.597Z] >>> [apiv2][query] POST https://www.googleapis.com/oauth2/v3/token [none]
[debug] [2026-05-01T16:57:00.597Z] >>> [apiv2][body] POST https://www.googleapis.com/oauth2/v3/token [omitted]
[debug] [2026-05-01T16:57:00.603Z] Checked if tokens are valid: false, expires at: 1776003429427
[debug] [2026-05-01T16:57:00.603Z] Checked if tokens are valid: false, expires at: 1776003429427
[debug] [2026-05-01T16:57:00.603Z] > refreshing access token with scopes: []
[debug] [2026-05-01T16:57:00.603Z] >>> [apiv2][query] POST https://www.googleapis.com/oauth2/v3/token [none]
[debug] [2026-05-01T16:57:00.603Z] >>> [apiv2][body] POST https://www.googleapis.com/oauth2/v3/token [omitted]
[debug] [2026-05-01T16:57:00.605Z] Checked if tokens are valid: false, expires at: 1776003429427
[debug] [2026-05-01T16:57:00.605Z] Checked if tokens are valid: false, expires at: 1776003429427
[debug] [2026-05-01T16:57:00.605Z] > refreshing access token with scopes: []
[debug] [2026-05-01T16:57:00.605Z] >>> [apiv2][query] POST https://www.googleapis.com/oauth2/v3/token [none]
[debug] [2026-05-01T16:57:00.605Z] >>> [apiv2][body] POST https://www.googleapis.com/oauth2/v3/token [omitted]
[debug] [2026-05-01T16:57:00.766Z] <<< [apiv2][status] POST https://www.googleapis.com/oauth2/v3/token 400
[debug] [2026-05-01T16:57:00.766Z] <<< [apiv2][body] POST https://www.googleapis.com/oauth2/v3/token [omitted]
[error] Authentication Error: Your credentials are no longer valid. Please run firebase login --reauth

For CI servers and headless environments, generate a new token with firebase login:ci
[error] Authentication Error: Your credentials are no longer valid. Please run firebase login --reauth

For CI servers and headless environments, generate a new token with firebase login:ci
[debug] [2026-05-01T16:57:00.767Z] <<< [apiv2][status] POST https://www.googleapis.com/oauth2/v3/token 400
[debug] [2026-05-01T16:57:00.767Z] <<< [apiv2][body] POST https://www.googleapis.com/oauth2/v3/token [omitted]
[error] Authentication Error: Your credentials are no longer valid. Please run firebase login --reauth

For CI servers and headless environments, generate a new token with firebase login:ci
[error] Authentication Error: Your credentials are no longer valid. Please run firebase login --reauth

For CI servers and headless environments, generate a new token with firebase login:ci
[debug] [2026-05-01T16:57:00.768Z] <<< [apiv2][status] POST https://www.googleapis.com/oauth2/v3/token 400
[debug] [2026-05-01T16:57:00.768Z] <<< [apiv2][body] POST https://www.googleapis.com/oauth2/v3/token [omitted]
[error] Authentication Error: Your credentials are no longer valid. Please run firebase login --reauth

For CI servers and headless environments, generate a new token with firebase login:ci
[error] Authentication Error: Your credentials are no longer valid. Please run firebase login --reauth

For CI servers and headless environments, generate a new token with firebase login:ci
[debug] [2026-05-01T16:57:00.808Z] > command requires scopes: ["email","openid","https://www.googleapis.com/auth/cloudplatformprojects.readonly","https://www.googleapis.com/auth/firebase","https://www.googleapis.com/auth/cloud-platform"]
[debug] [2026-05-01T16:57:00.808Z] > authorizing via signed-in user (kthompson@socfoundry.com)
[debug] [2026-05-01T16:57:00.809Z] > command requires scopes: ["email","openid","https://www.googleapis.com/auth/cloudplatformprojects.readonly","https://www.googleapis.com/auth/firebase","https://www.googleapis.com/auth/cloud-platform"]
[debug] [2026-05-01T16:57:00.809Z] > authorizing via signed-in user (kthompson@socfoundry.com)
[debug] [2026-05-01T16:57:00.814Z] > command requires scopes: ["email","openid","https://www.googleapis.com/auth/cloudplatformprojects.readonly","https://www.googleapis.com/auth/firebase","https://www.googleapis.com/auth/cloud-platform"]
[debug] [2026-05-01T16:57:00.815Z] > authorizing via signed-in user (kthompson@socfoundry.com)
[debug] [2026-05-01T16:57:00.815Z] >>> [apiv2][query] POST https://developerknowledge.googleapis.com/mcp [none]
[debug] [2026-05-01T16:57:00.815Z] >>> [apiv2][body] POST https://developerknowledge.googleapis.com/mcp {"method":"tools/list","jsonrpc":"2.0","id":1}
[debug] [2026-05-01T16:57:00.988Z] <<< [apiv2][status] POST https://developerknowledge.googleapis.com/mcp 200
[debug] [2026-05-01T16:57:00.988Z] <<< [apiv2][body] POST https://developerknowledge.googleapis.com/mcp {"id":1,"jsonrpc":"2.0","result":{"tools":[{"annotations":{"destructiveHint":false,"idempotentHint":true,"openWorldHint":false,"readOnlyHint":true},"description":"Use this tool to find documentation about Google developer products. The documents contain official APIs, code snippets, release notes, best practices, guides, debugging info, and more. It covers the following products and domains:\n\n\n* ADK: adk.dev\n\n* Android: developer.android.com\n\n* Apigee: docs.apigee.com\n\n* Chrome: developer.chrome.com\n\n* Firebase: firebase.google.com\n\n* Fuchsia: fuchsia.dev\n\n* Go: go.dev\n\n* Google AI: ai.google.dev\n\n* Google Cloud: docs.cloud.google.com\n\n* Google Developers, Ads, Search, Google Maps, Youtube: developers.google.com\n\n* Google Home: developers.home.google.com\n\n* TensorFlow: www.tensorflow.org\n\n* Web: web.dev\n\n\nThis tool returns chunks of text, names, and URLs for matching documents. If the returned chunks are not detailed enough to answer the user's question, use `get_documents` with the `parent` from this tool's output to retrieve the full document content.\n","inputSchema":{"description":"Request schema for search_documents. Use the query field to search for related Google developer documentation.","properties":{"query":{"description":"Required. The raw query string provided by the user, such as \"How to create a Cloud Storage bucket?\".","type":"string"}},"required":["query"],"type":"object"},"name":"search_documents","outputSchema":{"$defs":{"DocumentChunk":{"description":"A DocumentChunk represents a piece of content from a Document in the DeveloperKnowledge corpus. To fetch the entire document content, pass the `parent` to get_document or batch_get_documents.","properties":{"content":{"description":"Output only. The content of the document chunk.","readOnly":true,"type":"string"},"id":{"description":"Output only. The ID of this chunk within the document. The chunk ID is unique within a document, but not globally unique across documents. The chunk ID is not stable and may change over time.","readOnly":true,"type":"string"},"parent":{"description":"Output only. The resource name of the document this chunk is from. Format: `documents/{uri_without_scheme}` Example: `documents/docs.cloud.google.com/storage/docs/creating-buckets`","readOnly":true,"type":"string"}},"type":"object"}},"description":"Response schema for search_documents.","properties":{"results":{"description":"The search results for the given query. Each Document in this list contains a snippet of content relevant to the search query. Use the DocumentChunk.name field of each result with get_documents to retrieve the full document content.","items":{"$ref":"#/$defs/DocumentChunk"},"type":"array"}},"type":"object"}},{"annotations":{"destructiveHint":false,"idempotentHint":true,"openWorldHint":false,"readOnlyHint":true},"description":"Use answer_query to get a grounded answer to a query about Google developer products. This tool has limited quota. This tool will synthesize information from the corpus to generate an answer to the query. answer_query grounds answers using the same corpus as search_documents. If you get a 429 out of quota error, use search_documents instead.","inputSchema":{"description":"Request message for AnswerQuery.","properties":{"query":{"description":"Required. The query to answer.","type":"string"}},"required":["query"],"type":"object"},"name":"answer_query","outputSchema":{"description":"Response message for AnswerQuery.","properties":{"answerText":{"description":"The answer to the query.","type":"string"}},"type":"object"}},{"annotations":{"destructiveHint":false,"idempotentHint":true,"openWorldHint":false,"readOnlyHint":true},"description":"Use this tool to retrieve the full content of a single document or up to 20 documents in a single call. The document names should be obtained from the `parent` field of results from a call to the `search_documents` tool. Set the `names` parameter to a list of document names.","inputSchema":{"description":"Request schema for get_documents.","properties":{"names":{"description":"Required. The names of the documents to retrieve, as returned by search_documents. A maximum of 20 documents can be retrieved in one call. The documents are returned in the same order as the `names` in the request. Format: `documents/{uri_without_scheme}` Example: `documents/docs.cloud.google.com/storage/docs/creating-buckets`","items":{"type":"string"},"type":"array"}},"required":["names"],"type":"object"},"name":"get_documents","outputSchema":{"$defs":{"Document":{"description":"A Document represents a piece of content from the Developer Knowledge corpus.","properties":{"content":{"description":"Output only. The content of the document in Markdown format.","readOnly":true,"type":"string"},"description":{"description":"Output only. A description of the document.","readOnly":true,"type":"string"},"name":{"description":"Identifier. The resource name of the document. Format: `documents/{uri_without_scheme}` Example: `documents/docs.cloud.google.com/storage/docs/creating-buckets`","type":"string","x-google-identifier":true},"title":{"description":"Output only. The title of the document.","readOnly":true,"type":"string"},"uri":{"description":"Output only. The URI of the content, such as `https://cloud.google.com/storage/docs/creating-buckets`.","readOnly":true,"type":"string"}},"type":"object"}},"description":"Response schema for get_documents.","properties":{"documents":{"description":"Documents requested.","items":{"$ref":"#/$defs/Document"},"type":"array"}},"type":"object"}}]}}
[debug] [2026-05-01T16:57:00.993Z] > command requires scopes: ["email","openid","https://www.googleapis.com/auth/cloudplatformprojects.readonly","https://www.googleapis.com/auth/firebase","https://www.googleapis.com/auth/cloud-platform"]
[debug] [2026-05-01T16:57:00.993Z] > authorizing via signed-in user (kthompson@socfoundry.com)
[debug] [2026-05-01T23:27:11.438Z] > command requires scopes: ["email","openid","https://www.googleapis.com/auth/cloudplatformprojects.readonly","https://www.googleapis.com/auth/firebase","https://www.googleapis.com/auth/cloud-platform"]
[debug] [2026-05-01T23:27:11.439Z] > authorizing via signed-in user (kthompson@socfoundry.com)
[debug] [2026-05-01T23:27:11.439Z] > command requires scopes: ["email","openid","https://www.googleapis.com/auth/cloudplatformprojects.readonly","https://www.googleapis.com/auth/firebase","https://www.googleapis.com/auth/cloud-platform"]
[debug] [2026-05-01T23:27:11.439Z] > authorizing via signed-in user (kthompson@socfoundry.com)
[debug] [2026-05-01T23:27:11.446Z] > command requires scopes: ["email","openid","https://www.googleapis.com/auth/cloudplatformprojects.readonly","https://www.googleapis.com/auth/firebase","https://www.googleapis.com/auth/cloud-platform"]
[debug] [2026-05-01T23:27:11.446Z] > authorizing via signed-in user (kthompson@socfoundry.com)
[debug] [2026-05-01T23:27:11.526Z] Checked if tokens are valid: false, expires at: 1776003429427
[debug] [2026-05-01T23:27:11.526Z] Checked if tokens are valid: false, expires at: 1776003429427
[debug] [2026-05-01T23:27:11.527Z] > refreshing access token with scopes: []
[debug] [2026-05-01T23:27:11.527Z] >>> [apiv2][query] POST https://www.googleapis.com/oauth2/v3/token [none]
[debug] [2026-05-01T23:27:11.527Z] >>> [apiv2][body] POST https://www.googleapis.com/oauth2/v3/token [omitted]
[debug] [2026-05-01T23:27:11.530Z] Checked if tokens are valid: false, expires at: 1776003429427
[debug] [2026-05-01T23:27:11.530Z] Checked if tokens are valid: false, expires at: 1776003429427
[debug] [2026-05-01T23:27:11.530Z] > refreshing access token with scopes: []
[debug] [2026-05-01T23:27:11.530Z] >>> [apiv2][query] POST https://www.googleapis.com/oauth2/v3/token [none]
[debug] [2026-05-01T23:27:11.530Z] >>> [apiv2][body] POST https://www.googleapis.com/oauth2/v3/token [omitted]
[debug] [2026-05-01T23:27:11.536Z] Checked if tokens are valid: false, expires at: 1776003429427
[debug] [2026-05-01T23:27:11.536Z] Checked if tokens are valid: false, expires at: 1776003429427
[debug] [2026-05-01T23:27:11.536Z] > refreshing access token with scopes: []
[debug] [2026-05-01T23:27:11.536Z] >>> [apiv2][query] POST https://www.googleapis.com/oauth2/v3/token [none]
[debug] [2026-05-01T23:27:11.536Z] >>> [apiv2][body] POST https://www.googleapis.com/oauth2/v3/token [omitted]
[debug] [2026-05-01T23:27:11.664Z] <<< [apiv2][status] POST https://www.googleapis.com/oauth2/v3/token 400
[debug] [2026-05-01T23:27:11.664Z] <<< [apiv2][body] POST https://www.googleapis.com/oauth2/v3/token [omitted]
[error] Authentication Error: Your credentials are no longer valid. Please run firebase login --reauth

For CI servers and headless environments, generate a new token with firebase login:ci
[error] Authentication Error: Your credentials are no longer valid. Please run firebase login --reauth

For CI servers and headless environments, generate a new token with firebase login:ci
[debug] [2026-05-01T23:27:11.665Z] <<< [apiv2][status] POST https://www.googleapis.com/oauth2/v3/token 400
[debug] [2026-05-01T23:27:11.665Z] <<< [apiv2][body] POST https://www.googleapis.com/oauth2/v3/token [omitted]
[error] Authentication Error: Your credentials are no longer valid. Please run firebase login --reauth

For CI servers and headless environments, generate a new token with firebase login:ci
[error] Authentication Error: Your credentials are no longer valid. Please run firebase login --reauth

For CI servers and headless environments, generate a new token with firebase login:ci
[debug] [2026-05-01T23:27:11.666Z] <<< [apiv2][status] POST https://www.googleapis.com/oauth2/v3/token 400
[debug] [2026-05-01T23:27:11.666Z] <<< [apiv2][body] POST https://www.googleapis.com/oauth2/v3/token [omitted]
[error] Authentication Error: Your credentials are no longer valid. Please run firebase login --reauth

For CI servers and headless environments, generate a new token with firebase login:ci
[error] Authentication Error: Your credentials are no longer valid. Please run firebase login --reauth

For CI servers and headless environments, generate a new token with firebase login:ci
[debug] [2026-05-01T23:27:11.708Z] > command requires scopes: ["email","openid","https://www.googleapis.com/auth/cloudplatformprojects.readonly","https://www.googleapis.com/auth/firebase","https://www.googleapis.com/auth/cloud-platform"]
[debug] [2026-05-01T23:27:11.708Z] > authorizing via signed-in user (kthompson@socfoundry.com)
[debug] [2026-05-01T23:27:11.708Z] >>> [apiv2][query] POST https://developerknowledge.googleapis.com/mcp [none]
[debug] [2026-05-01T23:27:11.709Z] >>> [apiv2][body] POST https://developerknowledge.googleapis.com/mcp {"method":"tools/list","jsonrpc":"2.0","id":1}
[debug] [2026-05-01T23:27:11.710Z] > command requires scopes: ["email","openid","https://www.googleapis.com/auth/cloudplatformprojects.readonly","https://www.googleapis.com/auth/firebase","https://www.googleapis.com/auth/cloud-platform"]
[debug] [2026-05-01T23:27:11.710Z] > authorizing via signed-in user (kthompson@socfoundry.com)
[debug] [2026-05-01T23:27:11.711Z] > command requires scopes: ["email","openid","https://www.googleapis.com/auth/cloudplatformprojects.readonly","https://www.googleapis.com/auth/firebase","https://www.googleapis.com/auth/cloud-platform"]
[debug] [2026-05-01T23:27:11.711Z] > authorizing via signed-in user (kthompson@socfoundry.com)
[debug] [2026-05-01T23:27:11.872Z] <<< [apiv2][status] POST https://developerknowledge.googleapis.com/mcp 200
[debug] [2026-05-01T23:27:11.872Z] <<< [apiv2][body] POST https://developerknowledge.googleapis.com/mcp {"id":1,"jsonrpc":"2.0","result":{"tools":[{"annotations":{"destructiveHint":false,"idempotentHint":true,"openWorldHint":false,"readOnlyHint":true},"description":"Use this tool to find documentation about Google developer products. The documents contain official APIs, code snippets, release notes, best practices, guides, debugging info, and more. It covers the following products and domains:\n\n\n* ADK: adk.dev\n\n* Android: developer.android.com\n\n* Apigee: docs.apigee.com\n\n* Chrome: developer.chrome.com\n\n* Firebase: firebase.google.com\n\n* Fuchsia: fuchsia.dev\n\n* Go: go.dev\n\n* Google AI: ai.google.dev\n\n* Google Cloud: docs.cloud.google.com\n\n* Google Developers, Ads, Search, Google Maps, Youtube: developers.google.com\n\n* Google Home: developers.home.google.com\n\n* TensorFlow: www.tensorflow.org\n\n* Web: web.dev\n\n\nThis tool returns chunks of text, names, and URLs for matching documents. If the returned chunks are not detailed enough to answer the user's question, use `get_documents` with the `parent` from this tool's output to retrieve the full document content.\n","inputSchema":{"description":"Request schema for search_documents. Use the query field to search for related Google developer documentation.","properties":{"query":{"description":"Required. The raw query string provided by the user, such as \"How to create a Cloud Storage bucket?\".","type":"string"}},"required":["query"],"type":"object"},"name":"search_documents","outputSchema":{"$defs":{"DocumentChunk":{"description":"A DocumentChunk represents a piece of content from a Document in the DeveloperKnowledge corpus. To fetch the entire document content, pass the `parent` to get_document or batch_get_documents.","properties":{"content":{"description":"Output only. The content of the document chunk.","readOnly":true,"type":"string"},"id":{"description":"Output only. The ID of this chunk within the document. The chunk ID is unique within a document, but not globally unique across documents. The chunk ID is not stable and may change over time.","readOnly":true,"type":"string"},"parent":{"description":"Output only. The resource name of the document this chunk is from. Format: `documents/{uri_without_scheme}` Example: `documents/docs.cloud.google.com/storage/docs/creating-buckets`","readOnly":true,"type":"string"}},"type":"object"}},"description":"Response schema for search_documents.","properties":{"results":{"description":"The search results for the given query. Each Document in this list contains a snippet of content relevant to the search query. Use the DocumentChunk.name field of each result with get_documents to retrieve the full document content.","items":{"$ref":"#/$defs/DocumentChunk"},"type":"array"}},"type":"object"}},{"annotations":{"destructiveHint":false,"idempotentHint":true,"openWorldHint":false,"readOnlyHint":true},"description":"Use answer_query to get a grounded answer to a query about Google developer products. This tool has limited quota. This tool will synthesize information from the corpus to generate an answer to the query. answer_query grounds answers using the same corpus as search_documents. If you get a 429 out of quota error, use search_documents instead.","inputSchema":{"description":"Request message for AnswerQuery.","properties":{"query":{"description":"Required. The query to answer.","type":"string"}},"required":["query"],"type":"object"},"name":"answer_query","outputSchema":{"description":"Response message for AnswerQuery.","properties":{"answerText":{"description":"The answer to the query.","type":"string"}},"type":"object"}},{"annotations":{"destructiveHint":false,"idempotentHint":true,"openWorldHint":false,"readOnlyHint":true},"description":"Use this tool to retrieve the full content of a single document or up to 20 documents in a single call. The document names should be obtained from the `parent` field of results from a call to the `search_documents` tool. Set the `names` parameter to a list of document names.","inputSchema":{"description":"Request schema for get_documents.","properties":{"names":{"description":"Required. The names of the documents to retrieve, as returned by search_documents. A maximum of 20 documents can be retrieved in one call. The documents are returned in the same order as the `names` in the request. Format: `documents/{uri_without_scheme}` Example: `documents/docs.cloud.google.com/storage/docs/creating-buckets`","items":{"type":"string"},"type":"array"}},"required":["names"],"type":"object"},"name":"get_documents","outputSchema":{"$defs":{"Document":{"description":"A Document represents a piece of content from the Developer Knowledge corpus.","properties":{"content":{"description":"Output only. The content of the document in Markdown format.","readOnly":true,"type":"string"},"description":{"description":"Output only. A description of the document.","readOnly":true,"type":"string"},"name":{"description":"Identifier. The resource name of the document. Format: `documents/{uri_without_scheme}` Example: `documents/docs.cloud.google.com/storage/docs/creating-buckets`","type":"string","x-google-identifier":true},"title":{"description":"Output only. The title of the document.","readOnly":true,"type":"string"},"uri":{"description":"Output only. The URI of the content, such as `https://cloud.google.com/storage/docs/creating-buckets`.","readOnly":true,"type":"string"}},"type":"object"}},"description":"Response schema for get_documents.","properties":{"documents":{"description":"Documents requested.","items":{"$ref":"#/$defs/Document"},"type":"array"}},"type":"object"}}]}}
[debug] [2026-05-01T23:27:11.875Z] > command requires scopes: ["email","openid","https://www.googleapis.com/auth/cloudplatformprojects.readonly","https://www.googleapis.com/auth/firebase","https://www.googleapis.com/auth/cloud-platform"]
[debug] [2026-05-01T23:27:11.875Z] > authorizing via signed-in user (kthompson@socfoundry.com)
[debug] [2026-05-02T02:50:21.856Z] > command requires scopes: ["email","openid","https://www.googleapis.com/auth/cloudplatformprojects.readonly","https://www.googleapis.com/auth/firebase","https://www.googleapis.com/auth/cloud-platform"]
[debug] [2026-05-02T02:50:21.857Z] > authorizing via signed-in user (kthompson@socfoundry.com)
[debug] [2026-05-02T02:50:21.857Z] > command requires scopes: ["email","openid","https://www.googleapis.com/auth/cloudplatformprojects.readonly","https://www.googleapis.com/auth/firebase","https://www.googleapis.com/auth/cloud-platform"]
[debug] [2026-05-02T02:50:21.857Z] > authorizing via signed-in user (kthompson@socfoundry.com)
[debug] [2026-05-02T02:50:21.865Z] > command requires scopes: ["email","openid","https://www.googleapis.com/auth/cloudplatformprojects.readonly","https://www.googleapis.com/auth/firebase","https://www.googleapis.com/auth/cloud-platform"]
[debug] [2026-05-02T02:50:21.865Z] > authorizing via signed-in user (kthompson@socfoundry.com)
[debug] [2026-05-02T02:50:21.954Z] Checked if tokens are valid: false, expires at: 1776003429427
[debug] [2026-05-02T02:50:21.954Z] Checked if tokens are valid: false, expires at: 1776003429427
[debug] [2026-05-02T02:50:21.954Z] > refreshing access token with scopes: []
[debug] [2026-05-02T02:50:21.955Z] >>> [apiv2][query] POST https://www.googleapis.com/oauth2/v3/token [none]
[debug] [2026-05-02T02:50:21.955Z] >>> [apiv2][body] POST https://www.googleapis.com/oauth2/v3/token [omitted]
[debug] [2026-05-02T02:50:21.958Z] Checked if tokens are valid: false, expires at: 1776003429427
[debug] [2026-05-02T02:50:21.958Z] Checked if tokens are valid: false, expires at: 1776003429427
[debug] [2026-05-02T02:50:21.958Z] > refreshing access token with scopes: []
[debug] [2026-05-02T02:50:21.958Z] >>> [apiv2][query] POST https://www.googleapis.com/oauth2/v3/token [none]
[debug] [2026-05-02T02:50:21.958Z] >>> [apiv2][body] POST https://www.googleapis.com/oauth2/v3/token [omitted]
[debug] [2026-05-02T02:50:21.961Z] Checked if tokens are valid: false, expires at: 1776003429427
[debug] [2026-05-02T02:50:21.961Z] Checked if tokens are valid: false, expires at: 1776003429427
[debug] [2026-05-02T02:50:21.961Z] > refreshing access token with scopes: []
[debug] [2026-05-02T02:50:21.962Z] >>> [apiv2][query] POST https://www.googleapis.com/oauth2/v3/token [none]
[debug] [2026-05-02T02:50:21.962Z] >>> [apiv2][body] POST https://www.googleapis.com/oauth2/v3/token [omitted]
[debug] [2026-05-02T02:50:22.155Z] <<< [apiv2][status] POST https://www.googleapis.com/oauth2/v3/token 400
[debug] [2026-05-02T02:50:22.155Z] <<< [apiv2][body] POST https://www.googleapis.com/oauth2/v3/token [omitted]
[error] Authentication Error: Your credentials are no longer valid. Please run firebase login --reauth

For CI servers and headless environments, generate a new token with firebase login:ci
[error] Authentication Error: Your credentials are no longer valid. Please run firebase login --reauth

For CI servers and headless environments, generate a new token with firebase login:ci
[debug] [2026-05-02T02:50:22.162Z] <<< [apiv2][status] POST https://www.googleapis.com/oauth2/v3/token 400
[debug] [2026-05-02T02:50:22.162Z] <<< [apiv2][body] POST https://www.googleapis.com/oauth2/v3/token [omitted]
[error] Authentication Error: Your credentials are no longer valid. Please run firebase login --reauth

For CI servers and headless environments, generate a new token with firebase login:ci
[error] Authentication Error: Your credentials are no longer valid. Please run firebase login --reauth

For CI servers and headless environments, generate a new token with firebase login:ci
[debug] [2026-05-02T02:50:22.163Z] <<< [apiv2][status] POST https://www.googleapis.com/oauth2/v3/token 400
[debug] [2026-05-02T02:50:22.163Z] <<< [apiv2][body] POST https://www.googleapis.com/oauth2/v3/token [omitted]
[error] Authentication Error: Your credentials are no longer valid. Please run firebase login --reauth

For CI servers and headless environments, generate a new token with firebase login:ci
[error] Authentication Error: Your credentials are no longer valid. Please run firebase login --reauth

For CI servers and headless environments, generate a new token with firebase login:ci
[debug] [2026-05-02T02:50:22.208Z] > command requires scopes: ["email","openid","https://www.googleapis.com/auth/cloudplatformprojects.readonly","https://www.googleapis.com/auth/firebase","https://www.googleapis.com/auth/cloud-platform"]
[debug] [2026-05-02T02:50:22.208Z] > authorizing via signed-in user (kthompson@socfoundry.com)
[debug] [2026-05-02T02:50:22.208Z] >>> [apiv2][query] POST https://developerknowledge.googleapis.com/mcp [none]
[debug] [2026-05-02T02:50:22.208Z] >>> [apiv2][body] POST https://developerknowledge.googleapis.com/mcp {"method":"tools/list","jsonrpc":"2.0","id":1}
[debug] [2026-05-02T02:50:22.212Z] > command requires scopes: ["email","openid","https://www.googleapis.com/auth/cloudplatformprojects.readonly","https://www.googleapis.com/auth/firebase","https://www.googleapis.com/auth/cloud-platform"]
[debug] [2026-05-02T02:50:22.212Z] > authorizing via signed-in user (kthompson@socfoundry.com)
[debug] [2026-05-02T02:50:22.212Z] > command requires scopes: ["email","openid","https://www.googleapis.com/auth/cloudplatformprojects.readonly","https://www.googleapis.com/auth/firebase","https://www.googleapis.com/auth/cloud-platform"]
[debug] [2026-05-02T02:50:22.212Z] > authorizing via signed-in user (kthompson@socfoundry.com)
[debug] [2026-05-02T02:50:22.365Z] <<< [apiv2][status] POST https://developerknowledge.googleapis.com/mcp 200
[debug] [2026-05-02T02:50:22.365Z] <<< [apiv2][body] POST https://developerknowledge.googleapis.com/mcp {"id":1,"jsonrpc":"2.0","result":{"tools":[{"annotations":{"destructiveHint":false,"idempotentHint":true,"openWorldHint":false,"readOnlyHint":true},"description":"Use this tool to find documentation about Google developer products. The documents contain official APIs, code snippets, release notes, best practices, guides, debugging info, and more. It covers the following products and domains:\n\n\n* ADK: adk.dev\n\n* Android: developer.android.com\n\n* Apigee: docs.apigee.com\n\n* Chrome: developer.chrome.com\n\n* Firebase: firebase.google.com\n\n* Fuchsia: fuchsia.dev\n\n* Go: go.dev\n\n* Google AI: ai.google.dev\n\n* Google Cloud: docs.cloud.google.com\n\n* Google Developers, Ads, Search, Google Maps, Youtube: developers.google.com\n\n* Google Home: developers.home.google.com\n\n* TensorFlow: www.tensorflow.org\n\n* Web: web.dev\n\n\nThis tool returns chunks of text, names, and URLs for matching documents. If the returned chunks are not detailed enough to answer the user's question, use `get_documents` with the `parent` from this tool's output to retrieve the full document content.\n","inputSchema":{"description":"Request schema for search_documents. Use the query field to search for related Google developer documentation.","properties":{"query":{"description":"Required. The raw query string provided by the user, such as \"How to create a Cloud Storage bucket?\".","type":"string"}},"required":["query"],"type":"object"},"name":"search_documents","outputSchema":{"$defs":{"DocumentChunk":{"description":"A DocumentChunk represents a piece of content from a Document in the DeveloperKnowledge corpus. To fetch the entire document content, pass the `parent` to get_document or batch_get_documents.","properties":{"content":{"description":"Output only. The content of the document chunk.","readOnly":true,"type":"string"},"id":{"description":"Output only. The ID of this chunk within the document. The chunk ID is unique within a document, but not globally unique across documents. The chunk ID is not stable and may change over time.","readOnly":true,"type":"string"},"parent":{"description":"Output only. The resource name of the document this chunk is from. Format: `documents/{uri_without_scheme}` Example: `documents/docs.cloud.google.com/storage/docs/creating-buckets`","readOnly":true,"type":"string"}},"type":"object"}},"description":"Response schema for search_documents.","properties":{"results":{"description":"The search results for the given query. Each Document in this list contains a snippet of content relevant to the search query. Use the DocumentChunk.name field of each result with get_documents to retrieve the full document content.","items":{"$ref":"#/$defs/DocumentChunk"},"type":"array"}},"type":"object"}},{"annotations":{"destructiveHint":false,"idempotentHint":true,"openWorldHint":false,"readOnlyHint":true},"description":"Use answer_query to get a grounded answer to a query about Google developer products. This tool has limited quota. This tool will synthesize information from the corpus to generate an answer to the query. answer_query grounds answers using the same corpus as search_documents. If you get a 429 out of quota error, use search_documents instead.","inputSchema":{"description":"Request message for AnswerQuery.","properties":{"query":{"description":"Required. The query to answer.","type":"string"}},"required":["query"],"type":"object"},"name":"answer_query","outputSchema":{"description":"Response message for AnswerQuery.","properties":{"answerText":{"description":"The answer to the query.","type":"string"}},"type":"object"}},{"annotations":{"destructiveHint":false,"idempotentHint":true,"openWorldHint":false,"readOnlyHint":true},"description":"Use this tool to retrieve the full content of a single document or up to 20 documents in a single call. The document names should be obtained from the `parent` field of results from a call to the `search_documents` tool. Set the `names` parameter to a list of document names.","inputSchema":{"description":"Request schema for get_documents.","properties":{"names":{"description":"Required. The names of the documents to retrieve, as returned by search_documents. A maximum of 20 documents can be retrieved in one call. The documents are returned in the same order as the `names` in the request. Format: `documents/{uri_without_scheme}` Example: `documents/docs.cloud.google.com/storage/docs/creating-buckets`","items":{"type":"string"},"type":"array"}},"required":["names"],"type":"object"},"name":"get_documents","outputSchema":{"$defs":{"Document":{"description":"A Document represents a piece of content from the Developer Knowledge corpus.","properties":{"content":{"description":"Output only. The content of the document in Markdown format.","readOnly":true,"type":"string"},"description":{"description":"Output only. A description of the document.","readOnly":true,"type":"string"},"name":{"description":"Identifier. The resource name of the document. Format: `documents/{uri_without_scheme}` Example: `documents/docs.cloud.google.com/storage/docs/creating-buckets`","type":"string","x-google-identifier":true},"title":{"description":"Output only. The title of the document.","readOnly":true,"type":"string"},"uri":{"description":"Output only. The URI of the content, such as `https://cloud.google.com/storage/docs/creating-buckets`.","readOnly":true,"type":"string"}},"type":"object"}},"description":"Response schema for get_documents.","properties":{"documents":{"description":"Documents requested.","items":{"$ref":"#/$defs/Document"},"type":"array"}},"type":"object"}}]}}
[debug] [2026-05-02T02:50:22.370Z] > command requires scopes: ["email","openid","https://www.googleapis.com/auth/cloudplatformprojects.readonly","https://www.googleapis.com/auth/firebase","https://www.googleapis.com/auth/cloud-platform"]
[debug] [2026-05-02T02:50:22.370Z] > authorizing via signed-in user (kthompson@socfoundry.com)
[debug] [2026-05-02T02:54:48.608Z] > command requires scopes: ["email","openid","https://www.googleapis.com/auth/cloudplatformprojects.readonly","https://www.googleapis.com/auth/firebase","https://www.googleapis.com/auth/cloud-platform"]
[debug] [2026-05-02T02:54:48.609Z] > authorizing via signed-in user (kthompson@socfoundry.com)
[debug] [2026-05-02T02:54:48.609Z] > command requires scopes: ["email","openid","https://www.googleapis.com/auth/cloudplatformprojects.readonly","https://www.googleapis.com/auth/firebase","https://www.googleapis.com/auth/cloud-platform"]
[debug] [2026-05-02T02:54:48.609Z] > authorizing via signed-in user (kthompson@socfoundry.com)
[debug] [2026-05-02T02:54:48.617Z] > command requires scopes: ["email","openid","https://www.googleapis.com/auth/cloudplatformprojects.readonly","https://www.googleapis.com/auth/firebase","https://www.googleapis.com/auth/cloud-platform"]
[debug] [2026-05-02T02:54:48.617Z] > authorizing via signed-in user (kthompson@socfoundry.com)
[debug] [2026-05-02T02:54:48.712Z] Checked if tokens are valid: false, expires at: 1776003429427
[debug] [2026-05-02T02:54:48.712Z] Checked if tokens are valid: false, expires at: 1776003429427
[debug] [2026-05-02T02:54:48.712Z] > refreshing access token with scopes: []
[debug] [2026-05-02T02:54:48.713Z] >>> [apiv2][query] POST https://www.googleapis.com/oauth2/v3/token [none]
[debug] [2026-05-02T02:54:48.713Z] >>> [apiv2][body] POST https://www.googleapis.com/oauth2/v3/token [omitted]
[debug] [2026-05-02T02:54:48.716Z] Checked if tokens are valid: false, expires at: 1776003429427
[debug] [2026-05-02T02:54:48.716Z] Checked if tokens are valid: false, expires at: 1776003429427
[debug] [2026-05-02T02:54:48.716Z] > refreshing access token with scopes: []
[debug] [2026-05-02T02:54:48.716Z] >>> [apiv2][query] POST https://www.googleapis.com/oauth2/v3/token [none]
[debug] [2026-05-02T02:54:48.716Z] >>> [apiv2][body] POST https://www.googleapis.com/oauth2/v3/token [omitted]
[debug] [2026-05-02T02:54:48.720Z] Checked if tokens are valid: false, expires at: 1776003429427
[debug] [2026-05-02T02:54:48.720Z] Checked if tokens are valid: false, expires at: 1776003429427
[debug] [2026-05-02T02:54:48.720Z] > refreshing access token with scopes: []
[debug] [2026-05-02T02:54:48.720Z] >>> [apiv2][query] POST https://www.googleapis.com/oauth2/v3/token [none]
[debug] [2026-05-02T02:54:48.720Z] >>> [apiv2][body] POST https://www.googleapis.com/oauth2/v3/token [omitted]
[debug] [2026-05-02T02:54:48.852Z] <<< [apiv2][status] POST https://www.googleapis.com/oauth2/v3/token 400
[debug] [2026-05-02T02:54:48.852Z] <<< [apiv2][body] POST https://www.googleapis.com/oauth2/v3/token [omitted]
[error] Authentication Error: Your credentials are no longer valid. Please run firebase login --reauth

For CI servers and headless environments, generate a new token with firebase login:ci
[error] Authentication Error: Your credentials are no longer valid. Please run firebase login --reauth

For CI servers and headless environments, generate a new token with firebase login:ci
[debug] [2026-05-02T02:54:48.855Z] <<< [apiv2][status] POST https://www.googleapis.com/oauth2/v3/token 400
[debug] [2026-05-02T02:54:48.855Z] <<< [apiv2][body] POST https://www.googleapis.com/oauth2/v3/token [omitted]
[error] Authentication Error: Your credentials are no longer valid. Please run firebase login --reauth

For CI servers and headless environments, generate a new token with firebase login:ci
[error] Authentication Error: Your credentials are no longer valid. Please run firebase login --reauth

For CI servers and headless environments, generate a new token with firebase login:ci
[debug] [2026-05-02T02:54:48.856Z] <<< [apiv2][status] POST https://www.googleapis.com/oauth2/v3/token 400
[debug] [2026-05-02T02:54:48.856Z] <<< [apiv2][body] POST https://www.googleapis.com/oauth2/v3/token [omitted]
[error] Authentication Error: Your credentials are no longer valid. Please run firebase login --reauth

For CI servers and headless environments, generate a new token with firebase login:ci
[error] Authentication Error: Your credentials are no longer valid. Please run firebase login --reauth

For CI servers and headless environments, generate a new token with firebase login:ci
[debug] [2026-05-02T02:54:48.902Z] > command requires scopes: ["email","openid","https://www.googleapis.com/auth/cloudplatformprojects.readonly","https://www.googleapis.com/auth/firebase","https://www.googleapis.com/auth/cloud-platform"]
[debug] [2026-05-02T02:54:48.902Z] > authorizing via signed-in user (kthompson@socfoundry.com)
[debug] [2026-05-02T02:54:48.903Z] > command requires scopes: ["email","openid","https://www.googleapis.com/auth/cloudplatformprojects.readonly","https://www.googleapis.com/auth/firebase","https://www.googleapis.com/auth/cloud-platform"]
[debug] [2026-05-02T02:54:48.903Z] > authorizing via signed-in user (kthompson@socfoundry.com)
[debug] [2026-05-02T02:54:48.904Z] > command requires scopes: ["email","openid","https://www.googleapis.com/auth/cloudplatformprojects.readonly","https://www.googleapis.com/auth/firebase","https://www.googleapis.com/auth/cloud-platform"]
[debug] [2026-05-02T02:54:48.904Z] > authorizing via signed-in user (kthompson@socfoundry.com)
[debug] [2026-05-02T02:54:48.904Z] >>> [apiv2][query] POST https://developerknowledge.googleapis.com/mcp [none]
[debug] [2026-05-02T02:54:48.904Z] >>> [apiv2][body] POST https://developerknowledge.googleapis.com/mcp {"method":"tools/list","jsonrpc":"2.0","id":1}
[debug] [2026-05-02T02:54:49.023Z] <<< [apiv2][status] POST https://developerknowledge.googleapis.com/mcp 200
[debug] [2026-05-02T02:54:49.023Z] <<< [apiv2][body] POST https://developerknowledge.googleapis.com/mcp {"id":1,"jsonrpc":"2.0","result":{"tools":[{"annotations":{"destructiveHint":false,"idempotentHint":true,"openWorldHint":false,"readOnlyHint":true},"description":"Use this tool to find documentation about Google developer products. The documents contain official APIs, code snippets, release notes, best practices, guides, debugging info, and more. It covers the following products and domains:\n\n\n* ADK: adk.dev\n\n* Android: developer.android.com\n\n* Apigee: docs.apigee.com\n\n* Chrome: developer.chrome.com\n\n* Firebase: firebase.google.com\n\n* Fuchsia: fuchsia.dev\n\n* Go: go.dev\n\n* Google AI: ai.google.dev\n\n* Google Cloud: docs.cloud.google.com\n\n* Google Developers, Ads, Search, Google Maps, Youtube: developers.google.com\n\n* Google Home: developers.home.google.com\n\n* TensorFlow: www.tensorflow.org\n\n* Web: web.dev\n\n\nThis tool returns chunks of text, names, and URLs for matching documents. If the returned chunks are not detailed enough to answer the user's question, use `get_documents` with the `parent` from this tool's output to retrieve the full document content.\n","inputSchema":{"description":"Request schema for search_documents. Use the query field to search for related Google developer documentation.","properties":{"query":{"description":"Required. The raw query string provided by the user, such as \"How to create a Cloud Storage bucket?\".","type":"string"}},"required":["query"],"type":"object"},"name":"search_documents","outputSchema":{"$defs":{"DocumentChunk":{"description":"A DocumentChunk represents a piece of content from a Document in the DeveloperKnowledge corpus. To fetch the entire document content, pass the `parent` to get_document or batch_get_documents.","properties":{"content":{"description":"Output only. The content of the document chunk.","readOnly":true,"type":"string"},"id":{"description":"Output only. The ID of this chunk within the document. The chunk ID is unique within a document, but not globally unique across documents. The chunk ID is not stable and may change over time.","readOnly":true,"type":"string"},"parent":{"description":"Output only. The resource name of the document this chunk is from. Format: `documents/{uri_without_scheme}` Example: `documents/docs.cloud.google.com/storage/docs/creating-buckets`","readOnly":true,"type":"string"}},"type":"object"}},"description":"Response schema for search_documents.","properties":{"results":{"description":"The search results for the given query. Each Document in this list contains a snippet of content relevant to the search query. Use the DocumentChunk.name field of each result with get_documents to retrieve the full document content.","items":{"$ref":"#/$defs/DocumentChunk"},"type":"array"}},"type":"object"}},{"annotations":{"destructiveHint":false,"idempotentHint":true,"openWorldHint":false,"readOnlyHint":true},"description":"Use answer_query to get a grounded answer to a query about Google developer products. This tool has limited quota. This tool will synthesize information from the corpus to generate an answer to the query. answer_query grounds answers using the same corpus as search_documents. If you get a 429 out of quota error, use search_documents instead.","inputSchema":{"description":"Request message for AnswerQuery.","properties":{"query":{"description":"Required. The query to answer.","type":"string"}},"required":["query"],"type":"object"},"name":"answer_query","outputSchema":{"description":"Response message for AnswerQuery.","properties":{"answerText":{"description":"The answer to the query.","type":"string"}},"type":"object"}},{"annotations":{"destructiveHint":false,"idempotentHint":true,"openWorldHint":false,"readOnlyHint":true},"description":"Use this tool to retrieve the full content of a single document or up to 20 documents in a single call. The document names should be obtained from the `parent` field of results from a call to the `search_documents` tool. Set the `names` parameter to a list of document names.","inputSchema":{"description":"Request schema for get_documents.","properties":{"names":{"description":"Required. The names of the documents to retrieve, as returned by search_documents. A maximum of 20 documents can be retrieved in one call. The documents are returned in the same order as the `names` in the request. Format: `documents/{uri_without_scheme}` Example: `documents/docs.cloud.google.com/storage/docs/creating-buckets`","items":{"type":"string"},"type":"array"}},"required":["names"],"type":"object"},"name":"get_documents","outputSchema":{"$defs":{"Document":{"description":"A Document represents a piece of content from the Developer Knowledge corpus.","properties":{"content":{"description":"Output only. The content of the document in Markdown format.","readOnly":true,"type":"string"},"description":{"description":"Output only. A description of the document.","readOnly":true,"type":"string"},"name":{"description":"Identifier. The resource name of the document. Format: `documents/{uri_without_scheme}` Example: `documents/docs.cloud.google.com/storage/docs/creating-buckets`","type":"string","x-google-identifier":true},"title":{"description":"Output only. The title of the document.","readOnly":true,"type":"string"},"uri":{"description":"Output only. The URI of the content, such as `https://cloud.google.com/storage/docs/creating-buckets`.","readOnly":true,"type":"string"}},"type":"object"}},"description":"Response schema for get_documents.","properties":{"documents":{"description":"Documents requested.","items":{"$ref":"#/$defs/Document"},"type":"array"}},"type":"object"}}]}}
[debug] [2026-05-02T02:54:49.024Z] > command requires scopes: ["email","openid","https://www.googleapis.com/auth/cloudplatformprojects.readonly","https://www.googleapis.com/auth/firebase","https://www.googleapis.com/auth/cloud-platform"]
[debug] [2026-05-02T02:54:49.024Z] > authorizing via signed-in user (kthompson@socfoundry.com)
[debug] [2026-05-02T02:59:03.627Z] > command requires scopes: ["email","openid","https://www.googleapis.com/auth/cloudplatformprojects.readonly","https://www.googleapis.com/auth/firebase","https://www.googleapis.com/auth/cloud-platform"]
[debug] [2026-05-02T02:59:03.629Z] > authorizing via signed-in user (kthompson@socfoundry.com)
[debug] [2026-05-02T02:59:03.629Z] > command requires scopes: ["email","openid","https://www.googleapis.com/auth/cloudplatformprojects.readonly","https://www.googleapis.com/auth/firebase","https://www.googleapis.com/auth/cloud-platform"]
[debug] [2026-05-02T02:59:03.629Z] > authorizing via signed-in user (kthompson@socfoundry.com)
[debug] [2026-05-02T02:59:03.639Z] > command requires scopes: ["email","openid","https://www.googleapis.com/auth/cloudplatformprojects.readonly","https://www.googleapis.com/auth/firebase","https://www.googleapis.com/auth/cloud-platform"]
[debug] [2026-05-02T02:59:03.639Z] > authorizing via signed-in user (kthompson@socfoundry.com)
[debug] [2026-05-02T02:59:03.731Z] Checked if tokens are valid: false, expires at: 1776003429427
[debug] [2026-05-02T02:59:03.731Z] Checked if tokens are valid: false, expires at: 1776003429427
[debug] [2026-05-02T02:59:03.732Z] > refreshing access token with scopes: []
[debug] [2026-05-02T02:59:03.733Z] >>> [apiv2][query] POST https://www.googleapis.com/oauth2/v3/token [none]
[debug] [2026-05-02T02:59:03.733Z] >>> [apiv2][body] POST https://www.googleapis.com/oauth2/v3/token [omitted]
[debug] [2026-05-02T02:59:03.739Z] Checked if tokens are valid: false, expires at: 1776003429427
[debug] [2026-05-02T02:59:03.739Z] Checked if tokens are valid: false, expires at: 1776003429427
[debug] [2026-05-02T02:59:03.739Z] > refreshing access token with scopes: []
[debug] [2026-05-02T02:59:03.739Z] >>> [apiv2][query] POST https://www.googleapis.com/oauth2/v3/token [none]
[debug] [2026-05-02T02:59:03.739Z] >>> [apiv2][body] POST https://www.googleapis.com/oauth2/v3/token [omitted]
[debug] [2026-05-02T02:59:03.745Z] Checked if tokens are valid: false, expires at: 1776003429427
[debug] [2026-05-02T02:59:03.745Z] Checked if tokens are valid: false, expires at: 1776003429427
[debug] [2026-05-02T02:59:03.745Z] > refreshing access token with scopes: []
[debug] [2026-05-02T02:59:03.745Z] >>> [apiv2][query] POST https://www.googleapis.com/oauth2/v3/token [none]
[debug] [2026-05-02T02:59:03.745Z] >>> [apiv2][body] POST https://www.googleapis.com/oauth2/v3/token [omitted]
[debug] [2026-05-02T02:59:03.863Z] <<< [apiv2][status] POST https://www.googleapis.com/oauth2/v3/token 400
[debug] [2026-05-02T02:59:03.864Z] <<< [apiv2][body] POST https://www.googleapis.com/oauth2/v3/token [omitted]
[error] Authentication Error: Your credentials are no longer valid. Please run firebase login --reauth

For CI servers and headless environments, generate a new token with firebase login:ci
[error] Authentication Error: Your credentials are no longer valid. Please run firebase login --reauth

For CI servers and headless environments, generate a new token with firebase login:ci
[debug] [2026-05-02T02:59:03.866Z] <<< [apiv2][status] POST https://www.googleapis.com/oauth2/v3/token 400
[debug] [2026-05-02T02:59:03.866Z] <<< [apiv2][body] POST https://www.googleapis.com/oauth2/v3/token [omitted]
[error] Authentication Error: Your credentials are no longer valid. Please run firebase login --reauth

For CI servers and headless environments, generate a new token with firebase login:ci
[error] Authentication Error: Your credentials are no longer valid. Please run firebase login --reauth

For CI servers and headless environments, generate a new token with firebase login:ci
[debug] [2026-05-02T02:59:03.867Z] <<< [apiv2][status] POST https://www.googleapis.com/oauth2/v3/token 400
[debug] [2026-05-02T02:59:03.867Z] <<< [apiv2][body] POST https://www.googleapis.com/oauth2/v3/token [omitted]
[error] Authentication Error: Your credentials are no longer valid. Please run firebase login --reauth

For CI servers and headless environments, generate a new token with firebase login:ci
[error] Authentication Error: Your credentials are no longer valid. Please run firebase login --reauth

For CI servers and headless environments, generate a new token with firebase login:ci
[debug] [2026-05-02T02:59:03.911Z] > command requires scopes: ["email","openid","https://www.googleapis.com/auth/cloudplatformprojects.readonly","https://www.googleapis.com/auth/firebase","https://www.googleapis.com/auth/cloud-platform"]
[debug] [2026-05-02T02:59:03.911Z] > authorizing via signed-in user (kthompson@socfoundry.com)
[debug] [2026-05-02T02:59:03.912Z] >>> [apiv2][query] POST https://developerknowledge.googleapis.com/mcp [none]
[debug] [2026-05-02T02:59:03.912Z] >>> [apiv2][body] POST https://developerknowledge.googleapis.com/mcp {"method":"tools/list","jsonrpc":"2.0","id":1}
[debug] [2026-05-02T02:59:03.913Z] > command requires scopes: ["email","openid","https://www.googleapis.com/auth/cloudplatformprojects.readonly","https://www.googleapis.com/auth/firebase","https://www.googleapis.com/auth/cloud-platform"]
[debug] [2026-05-02T02:59:03.913Z] > authorizing via signed-in user (kthompson@socfoundry.com)
[debug] [2026-05-02T02:59:03.913Z] > command requires scopes: ["email","openid","https://www.googleapis.com/auth/cloudplatformprojects.readonly","https://www.googleapis.com/auth/firebase","https://www.googleapis.com/auth/cloud-platform"]
[debug] [2026-05-02T02:59:03.913Z] > authorizing via signed-in user (kthompson@socfoundry.com)
[debug] [2026-05-02T02:59:04.059Z] <<< [apiv2][status] POST https://developerknowledge.googleapis.com/mcp 200
[debug] [2026-05-02T02:59:04.059Z] <<< [apiv2][body] POST https://developerknowledge.googleapis.com/mcp {"id":1,"jsonrpc":"2.0","result":{"tools":[{"annotations":{"destructiveHint":false,"idempotentHint":true,"openWorldHint":false,"readOnlyHint":true},"description":"Use this tool to find documentation about Google developer products. The documents contain official APIs, code snippets, release notes, best practices, guides, debugging info, and more. It covers the following products and domains:\n\n\n* ADK: adk.dev\n\n* Android: developer.android.com\n\n* Apigee: docs.apigee.com\n\n* Chrome: developer.chrome.com\n\n* Firebase: firebase.google.com\n\n* Fuchsia: fuchsia.dev\n\n* Go: go.dev\n\n* Google AI: ai.google.dev\n\n* Google Cloud: docs.cloud.google.com\n\n* Google Developers, Ads, Search, Google Maps, Youtube: developers.google.com\n\n* Google Home: developers.home.google.com\n\n* TensorFlow: www.tensorflow.org\n\n* Web: web.dev\n\n\nThis tool returns chunks of text, names, and URLs for matching documents. If the returned chunks are not detailed enough to answer the user's question, use `get_documents` with the `parent` from this tool's output to retrieve the full document content.\n","inputSchema":{"description":"Request schema for search_documents. Use the query field to search for related Google developer documentation.","properties":{"query":{"description":"Required. The raw query string provided by the user, such as \"How to create a Cloud Storage bucket?\".","type":"string"}},"required":["query"],"type":"object"},"name":"search_documents","outputSchema":{"$defs":{"DocumentChunk":{"description":"A DocumentChunk represents a piece of content from a Document in the DeveloperKnowledge corpus. To fetch the entire document content, pass the `parent` to get_document or batch_get_documents.","properties":{"content":{"description":"Output only. The content of the document chunk.","readOnly":true,"type":"string"},"id":{"description":"Output only. The ID of this chunk within the document. The chunk ID is unique within a document, but not globally unique across documents. The chunk ID is not stable and may change over time.","readOnly":true,"type":"string"},"parent":{"description":"Output only. The resource name of the document this chunk is from. Format: `documents/{uri_without_scheme}` Example: `documents/docs.cloud.google.com/storage/docs/creating-buckets`","readOnly":true,"type":"string"}},"type":"object"}},"description":"Response schema for search_documents.","properties":{"results":{"description":"The search results for the given query. Each Document in this list contains a snippet of content relevant to the search query. Use the DocumentChunk.name field of each result with get_documents to retrieve the full document content.","items":{"$ref":"#/$defs/DocumentChunk"},"type":"array"}},"type":"object"}},{"annotations":{"destructiveHint":false,"idempotentHint":true,"openWorldHint":false,"readOnlyHint":true},"description":"Use answer_query to get a grounded answer to a query about Google developer products. This tool has limited quota. This tool will synthesize information from the corpus to generate an answer to the query. answer_query grounds answers using the same corpus as search_documents. If you get a 429 out of quota error, use search_documents instead.","inputSchema":{"description":"Request message for AnswerQuery.","properties":{"query":{"description":"Required. The query to answer.","type":"string"}},"required":["query"],"type":"object"},"name":"answer_query","outputSchema":{"description":"Response message for AnswerQuery.","properties":{"answerText":{"description":"The answer to the query.","type":"string"}},"type":"object"}},{"annotations":{"destructiveHint":false,"idempotentHint":true,"openWorldHint":false,"readOnlyHint":true},"description":"Use this tool to retrieve the full content of a single document or up to 20 documents in a single call. The document names should be obtained from the `parent` field of results from a call to the `search_documents` tool. Set the `names` parameter to a list of document names.","inputSchema":{"description":"Request schema for get_documents.","properties":{"names":{"description":"Required. The names of the documents to retrieve, as returned by search_documents. A maximum of 20 documents can be retrieved in one call. The documents are returned in the same order as the `names` in the request. Format: `documents/{uri_without_scheme}` Example: `documents/docs.cloud.google.com/storage/docs/creating-buckets`","items":{"type":"string"},"type":"array"}},"required":["names"],"type":"object"},"name":"get_documents","outputSchema":{"$defs":{"Document":{"description":"A Document represents a piece of content from the Developer Knowledge corpus.","properties":{"content":{"description":"Output only. The content of the document in Markdown format.","readOnly":true,"type":"string"},"description":{"description":"Output only. A description of the document.","readOnly":true,"type":"string"},"name":{"description":"Identifier. The resource name of the document. Format: `documents/{uri_without_scheme}` Example: `documents/docs.cloud.google.com/storage/docs/creating-buckets`","type":"string","x-google-identifier":true},"title":{"description":"Output only. The title of the document.","readOnly":true,"type":"string"},"uri":{"description":"Output only. The URI of the content, such as `https://cloud.google.com/storage/docs/creating-buckets`.","readOnly":true,"type":"string"}},"type":"object"}},"description":"Response schema for get_documents.","properties":{"documents":{"description":"Documents requested.","items":{"$ref":"#/$defs/Document"},"type":"array"}},"type":"object"}}]}}
[debug] [2026-05-02T02:59:04.060Z] > command requires scopes: ["email","openid","https://www.googleapis.com/auth/cloudplatformprojects.readonly","https://www.googleapis.com/auth/firebase","https://www.googleapis.com/auth/cloud-platform"]
[debug] [2026-05-02T02:59:04.060Z] > authorizing via signed-in user (kthompson@socfoundry.com)
[debug] [2026-05-03T02:30:37.869Z] > command requires scopes: ["email","openid","https://www.googleapis.com/auth/cloudplatformprojects.readonly","https://www.googleapis.com/auth/firebase","https://www.googleapis.com/auth/cloud-platform"]
[debug] [2026-05-03T02:30:37.871Z] > authorizing via signed-in user (kthompson@socfoundry.com)
[debug] [2026-05-03T02:30:37.871Z] > command requires scopes: ["email","openid","https://www.googleapis.com/auth/cloudplatformprojects.readonly","https://www.googleapis.com/auth/firebase","https://www.googleapis.com/auth/cloud-platform"]
[debug] [2026-05-03T02:30:37.871Z] > authorizing via signed-in user (kthompson@socfoundry.com)
[debug] [2026-05-03T02:30:37.879Z] > command requires scopes: ["email","openid","https://www.googleapis.com/auth/cloudplatformprojects.readonly","https://www.googleapis.com/auth/firebase","https://www.googleapis.com/auth/cloud-platform"]
[debug] [2026-05-03T02:30:37.879Z] > authorizing via signed-in user (kthompson@socfoundry.com)
[debug] [2026-05-03T02:30:37.957Z] Checked if tokens are valid: false, expires at: 1776003429427
[debug] [2026-05-03T02:30:37.958Z] Checked if tokens are valid: false, expires at: 1776003429427
[debug] [2026-05-03T02:30:37.958Z] > refreshing access token with scopes: []
[debug] [2026-05-03T02:30:37.959Z] >>> [apiv2][query] POST https://www.googleapis.com/oauth2/v3/token [none]
[debug] [2026-05-03T02:30:37.959Z] >>> [apiv2][body] POST https://www.googleapis.com/oauth2/v3/token [omitted]
[debug] [2026-05-03T02:30:37.963Z] Checked if tokens are valid: false, expires at: 1776003429427
[debug] [2026-05-03T02:30:37.963Z] Checked if tokens are valid: false, expires at: 1776003429427
[debug] [2026-05-03T02:30:37.963Z] > refreshing access token with scopes: []
[debug] [2026-05-03T02:30:37.963Z] >>> [apiv2][query] POST https://www.googleapis.com/oauth2/v3/token [none]
[debug] [2026-05-03T02:30:37.963Z] >>> [apiv2][body] POST https://www.googleapis.com/oauth2/v3/token [omitted]
[debug] [2026-05-03T02:30:37.967Z] Checked if tokens are valid: false, expires at: 1776003429427
[debug] [2026-05-03T02:30:37.967Z] Checked if tokens are valid: false, expires at: 1776003429427
[debug] [2026-05-03T02:30:37.967Z] > refreshing access token with scopes: []
[debug] [2026-05-03T02:30:37.967Z] >>> [apiv2][query] POST https://www.googleapis.com/oauth2/v3/token [none]
[debug] [2026-05-03T02:30:37.967Z] >>> [apiv2][body] POST https://www.googleapis.com/oauth2/v3/token [omitted]
[debug] [2026-05-03T02:30:38.097Z] <<< [apiv2][status] POST https://www.googleapis.com/oauth2/v3/token 400
[debug] [2026-05-03T02:30:38.097Z] <<< [apiv2][body] POST https://www.googleapis.com/oauth2/v3/token [omitted]
[error] Authentication Error: Your credentials are no longer valid. Please run firebase login --reauth

For CI servers and headless environments, generate a new token with firebase login:ci
[error] Authentication Error: Your credentials are no longer valid. Please run firebase login --reauth

For CI servers and headless environments, generate a new token with firebase login:ci
[debug] [2026-05-03T02:30:38.106Z] <<< [apiv2][status] POST https://www.googleapis.com/oauth2/v3/token 400
[debug] [2026-05-03T02:30:38.106Z] <<< [apiv2][body] POST https://www.googleapis.com/oauth2/v3/token [omitted]
[error] Authentication Error: Your credentials are no longer valid. Please run firebase login --reauth

For CI servers and headless environments, generate a new token with firebase login:ci
[error] Authentication Error: Your credentials are no longer valid. Please run firebase login --reauth

For CI servers and headless environments, generate a new token with firebase login:ci
[debug] [2026-05-03T02:30:38.115Z] <<< [apiv2][status] POST https://www.googleapis.com/oauth2/v3/token 400
[debug] [2026-05-03T02:30:38.115Z] <<< [apiv2][body] POST https://www.googleapis.com/oauth2/v3/token [omitted]
[error] Authentication Error: Your credentials are no longer valid. Please run firebase login --reauth

For CI servers and headless environments, generate a new token with firebase login:ci
[error] Authentication Error: Your credentials are no longer valid. Please run firebase login --reauth

For CI servers and headless environments, generate a new token with firebase login:ci
[debug] [2026-05-03T02:30:38.151Z] > command requires scopes: ["email","openid","https://www.googleapis.com/auth/cloudplatformprojects.readonly","https://www.googleapis.com/auth/firebase","https://www.googleapis.com/auth/cloud-platform"]
[debug] [2026-05-03T02:30:38.151Z] > authorizing via signed-in user (kthompson@socfoundry.com)
[debug] [2026-05-03T02:30:38.151Z] >>> [apiv2][query] POST https://developerknowledge.googleapis.com/mcp [none]
[debug] [2026-05-03T02:30:38.151Z] >>> [apiv2][body] POST https://developerknowledge.googleapis.com/mcp {"method":"tools/list","jsonrpc":"2.0","id":1}
[debug] [2026-05-03T02:30:38.159Z] > command requires scopes: ["email","openid","https://www.googleapis.com/auth/cloudplatformprojects.readonly","https://www.googleapis.com/auth/firebase","https://www.googleapis.com/auth/cloud-platform"]
[debug] [2026-05-03T02:30:38.159Z] > authorizing via signed-in user (kthompson@socfoundry.com)
[debug] [2026-05-03T02:30:38.160Z] > command requires scopes: ["email","openid","https://www.googleapis.com/auth/cloudplatformprojects.readonly","https://www.googleapis.com/auth/firebase","https://www.googleapis.com/auth/cloud-platform"]
[debug] [2026-05-03T02:30:38.160Z] > authorizing via signed-in user (kthompson@socfoundry.com)
[debug] [2026-05-03T02:30:38.351Z] <<< [apiv2][status] POST https://developerknowledge.googleapis.com/mcp 200
[debug] [2026-05-03T02:30:38.351Z] <<< [apiv2][body] POST https://developerknowledge.googleapis.com/mcp {"id":1,"jsonrpc":"2.0","result":{"tools":[{"annotations":{"destructiveHint":false,"idempotentHint":true,"openWorldHint":false,"readOnlyHint":true},"description":"Use this tool to find documentation about Google developer products. The documents contain official APIs, code snippets, release notes, best practices, guides, debugging info, and more. It covers the following products and domains:\n\n\n* ADK: adk.dev\n\n* Android: developer.android.com\n\n* Apigee: docs.apigee.com\n\n* Chrome: developer.chrome.com\n\n* Firebase: firebase.google.com\n\n* Fuchsia: fuchsia.dev\n\n* Go: go.dev\n\n* Google AI: ai.google.dev\n\n* Google Cloud: docs.cloud.google.com\n\n* Google Developers, Ads, Search, Google Maps, Youtube: developers.google.com\n\n* Google Home: developers.home.google.com\n\n* TensorFlow: www.tensorflow.org\n\n* Web: web.dev\n\n\nThis tool returns chunks of text, names, and URLs for matching documents. If the returned chunks are not detailed enough to answer the user's question, use `get_documents` with the `parent` from this tool's output to retrieve the full document content.\n","inputSchema":{"description":"Request schema for search_documents. Use the query field to search for related Google developer documentation.","properties":{"query":{"description":"Required. The raw query string provided by the user, such as \"How to create a Cloud Storage bucket?\".","type":"string"}},"required":["query"],"type":"object"},"name":"search_documents","outputSchema":{"$defs":{"DocumentChunk":{"description":"A DocumentChunk represents a piece of content from a Document in the DeveloperKnowledge corpus. To fetch the entire document content, pass the `parent` to get_document or batch_get_documents.","properties":{"content":{"description":"Output only. The content of the document chunk.","readOnly":true,"type":"string"},"id":{"description":"Output only. The ID of this chunk within the document. The chunk ID is unique within a document, but not globally unique across documents. The chunk ID is not stable and may change over time.","readOnly":true,"type":"string"},"parent":{"description":"Output only. The resource name of the document this chunk is from. Format: `documents/{uri_without_scheme}` Example: `documents/docs.cloud.google.com/storage/docs/creating-buckets`","readOnly":true,"type":"string"}},"type":"object"}},"description":"Response schema for search_documents.","properties":{"results":{"description":"The search results for the given query. Each Document in this list contains a snippet of content relevant to the search query. Use the DocumentChunk.name field of each result with get_documents to retrieve the full document content.","items":{"$ref":"#/$defs/DocumentChunk"},"type":"array"}},"type":"object"}},{"annotations":{"destructiveHint":false,"idempotentHint":true,"openWorldHint":false,"readOnlyHint":true},"description":"Use answer_query to get a grounded answer to a query about Google developer products. This tool has limited quota. This tool will synthesize information from the corpus to generate an answer to the query. answer_query grounds answers using the same corpus as search_documents. If you get a 429 out of quota error, use search_documents instead.","inputSchema":{"description":"Request message for AnswerQuery.","properties":{"query":{"description":"Required. The query to answer.","type":"string"}},"required":["query"],"type":"object"},"name":"answer_query","outputSchema":{"description":"Response message for AnswerQuery.","properties":{"answerText":{"description":"The answer to the query.","type":"string"}},"type":"object"}},{"annotations":{"destructiveHint":false,"idempotentHint":true,"openWorldHint":false,"readOnlyHint":true},"description":"Use this tool to retrieve the full content of a single document or up to 20 documents in a single call. The document names should be obtained from the `parent` field of results from a call to the `search_documents` tool. Set the `names` parameter to a list of document names.","inputSchema":{"description":"Request schema for get_documents.","properties":{"names":{"description":"Required. The names of the documents to retrieve, as returned by search_documents. A maximum of 20 documents can be retrieved in one call. The documents are returned in the same order as the `names` in the request. Format: `documents/{uri_without_scheme}` Example: `documents/docs.cloud.google.com/storage/docs/creating-buckets`","items":{"type":"string"},"type":"array"}},"required":["names"],"type":"object"},"name":"get_documents","outputSchema":{"$defs":{"Document":{"description":"A Document represents a piece of content from the Developer Knowledge corpus.","properties":{"content":{"description":"Output only. The content of the document in Markdown format.","readOnly":true,"type":"string"},"description":{"description":"Output only. A description of the document.","readOnly":true,"type":"string"},"name":{"description":"Identifier. The resource name of the document. Format: `documents/{uri_without_scheme}` Example: `documents/docs.cloud.google.com/storage/docs/creating-buckets`","type":"string","x-google-identifier":true},"title":{"description":"Output only. The title of the document.","readOnly":true,"type":"string"},"uri":{"description":"Output only. The URI of the content, such as `https://cloud.google.com/storage/docs/creating-buckets`.","readOnly":true,"type":"string"}},"type":"object"}},"description":"Response schema for get_documents.","properties":{"documents":{"description":"Documents requested.","items":{"$ref":"#/$defs/Document"},"type":"array"}},"type":"object"}}]}}
[debug] [2026-05-03T02:30:38.353Z] > command requires scopes: ["email","openid","https://www.googleapis.com/auth/cloudplatformprojects.readonly","https://www.googleapis.com/auth/firebase","https://www.googleapis.com/auth/cloud-platform"]
[debug] [2026-05-03T02:30:38.353Z] > authorizing via signed-in user (kthompson@socfoundry.com)
[debug] [2026-05-03T02:56:24.740Z] > command requires scopes: ["email","openid","https://www.googleapis.com/auth/cloudplatformprojects.readonly","https://www.googleapis.com/auth/firebase","https://www.googleapis.com/auth/cloud-platform"]
[debug] [2026-05-03T02:56:24.741Z] > authorizing via signed-in user (kthompson@socfoundry.com)
[debug] [2026-05-03T02:56:24.741Z] > command requires scopes: ["email","openid","https://www.googleapis.com/auth/cloudplatformprojects.readonly","https://www.googleapis.com/auth/firebase","https://www.googleapis.com/auth/cloud-platform"]
[debug] [2026-05-03T02:56:24.741Z] > authorizing via signed-in user (kthompson@socfoundry.com)
[debug] [2026-05-03T02:56:24.748Z] > command requires scopes: ["email","openid","https://www.googleapis.com/auth/cloudplatformprojects.readonly","https://www.googleapis.com/auth/firebase","https://www.googleapis.com/auth/cloud-platform"]
[debug] [2026-05-03T02:56:24.748Z] > authorizing via signed-in user (kthompson@socfoundry.com)
[debug] [2026-05-03T02:56:24.816Z] Checked if tokens are valid: false, expires at: 1776003429427
[debug] [2026-05-03T02:56:24.816Z] Checked if tokens are valid: false, expires at: 1776003429427
[debug] [2026-05-03T02:56:24.817Z] > refreshing access token with scopes: []
[debug] [2026-05-03T02:56:24.817Z] >>> [apiv2][query] POST https://www.googleapis.com/oauth2/v3/token [none]
[debug] [2026-05-03T02:56:24.817Z] >>> [apiv2][body] POST https://www.googleapis.com/oauth2/v3/token [omitted]
[debug] [2026-05-03T02:56:24.821Z] Checked if tokens are valid: false, expires at: 1776003429427
[debug] [2026-05-03T02:56:24.821Z] Checked if tokens are valid: false, expires at: 1776003429427
[debug] [2026-05-03T02:56:24.821Z] > refreshing access token with scopes: []
[debug] [2026-05-03T02:56:24.821Z] >>> [apiv2][query] POST https://www.googleapis.com/oauth2/v3/token [none]
[debug] [2026-05-03T02:56:24.821Z] >>> [apiv2][body] POST https://www.googleapis.com/oauth2/v3/token [omitted]
[debug] [2026-05-03T02:56:24.824Z] Checked if tokens are valid: false, expires at: 1776003429427
[debug] [2026-05-03T02:56:24.824Z] Checked if tokens are valid: false, expires at: 1776003429427
[debug] [2026-05-03T02:56:24.824Z] > refreshing access token with scopes: []
[debug] [2026-05-03T02:56:24.824Z] >>> [apiv2][query] POST https://www.googleapis.com/oauth2/v3/token [none]
[debug] [2026-05-03T02:56:24.824Z] >>> [apiv2][body] POST https://www.googleapis.com/oauth2/v3/token [omitted]
[debug] [2026-05-03T02:56:24.975Z] <<< [apiv2][status] POST https://www.googleapis.com/oauth2/v3/token 400
[debug] [2026-05-03T02:56:24.975Z] <<< [apiv2][body] POST https://www.googleapis.com/oauth2/v3/token [omitted]
[error] Authentication Error: Your credentials are no longer valid. Please run firebase login --reauth

For CI servers and headless environments, generate a new token with firebase login:ci
[error] Authentication Error: Your credentials are no longer valid. Please run firebase login --reauth

For CI servers and headless environments, generate a new token with firebase login:ci
[debug] [2026-05-03T02:56:24.975Z] <<< [apiv2][status] POST https://www.googleapis.com/oauth2/v3/token 400
[debug] [2026-05-03T02:56:24.976Z] <<< [apiv2][body] POST https://www.googleapis.com/oauth2/v3/token [omitted]
[error] Authentication Error: Your credentials are no longer valid. Please run firebase login --reauth

For CI servers and headless environments, generate a new token with firebase login:ci
[error] Authentication Error: Your credentials are no longer valid. Please run firebase login --reauth

For CI servers and headless environments, generate a new token with firebase login:ci
[debug] [2026-05-03T02:56:24.976Z] <<< [apiv2][status] POST https://www.googleapis.com/oauth2/v3/token 400
[debug] [2026-05-03T02:56:24.976Z] <<< [apiv2][body] POST https://www.googleapis.com/oauth2/v3/token [omitted]
[error] Authentication Error: Your credentials are no longer valid. Please run firebase login --reauth

For CI servers and headless environments, generate a new token with firebase login:ci
[error] Authentication Error: Your credentials are no longer valid. Please run firebase login --reauth

For CI servers and headless environments, generate a new token with firebase login:ci
[debug] [2026-05-03T02:56:25.017Z] > command requires scopes: ["email","openid","https://www.googleapis.com/auth/cloudplatformprojects.readonly","https://www.googleapis.com/auth/firebase","https://www.googleapis.com/auth/cloud-platform"]
[debug] [2026-05-03T02:56:25.017Z] > authorizing via signed-in user (kthompson@socfoundry.com)
[debug] [2026-05-03T02:56:25.018Z] >>> [apiv2][query] POST https://developerknowledge.googleapis.com/mcp [none]
[debug] [2026-05-03T02:56:25.018Z] >>> [apiv2][body] POST https://developerknowledge.googleapis.com/mcp {"method":"tools/list","jsonrpc":"2.0","id":1}
[debug] [2026-05-03T02:56:25.019Z] > command requires scopes: ["email","openid","https://www.googleapis.com/auth/cloudplatformprojects.readonly","https://www.googleapis.com/auth/firebase","https://www.googleapis.com/auth/cloud-platform"]
[debug] [2026-05-03T02:56:25.019Z] > authorizing via signed-in user (kthompson@socfoundry.com)
[debug] [2026-05-03T02:56:25.020Z] > command requires scopes: ["email","openid","https://www.googleapis.com/auth/cloudplatformprojects.readonly","https://www.googleapis.com/auth/firebase","https://www.googleapis.com/auth/cloud-platform"]
[debug] [2026-05-03T02:56:25.020Z] > authorizing via signed-in user (kthompson@socfoundry.com)
[debug] [2026-05-03T02:56:25.173Z] <<< [apiv2][status] POST https://developerknowledge.googleapis.com/mcp 200
[debug] [2026-05-03T02:56:25.173Z] <<< [apiv2][body] POST https://developerknowledge.googleapis.com/mcp {"id":1,"jsonrpc":"2.0","result":{"tools":[{"annotations":{"destructiveHint":false,"idempotentHint":true,"openWorldHint":false,"readOnlyHint":true},"description":"Use this tool to find documentation about Google developer products. The documents contain official APIs, code snippets, release notes, best practices, guides, debugging info, and more. It covers the following products and domains:\n\n\n* ADK: adk.dev\n\n* Android: developer.android.com\n\n* Apigee: docs.apigee.com\n\n* Chrome: developer.chrome.com\n\n* Firebase: firebase.google.com\n\n* Fuchsia: fuchsia.dev\n\n* Go: go.dev\n\n* Google AI: ai.google.dev\n\n* Google Cloud: docs.cloud.google.com\n\n* Google Developers, Ads, Search, Google Maps, Youtube: developers.google.com\n\n* Google Home: developers.home.google.com\n\n* TensorFlow: www.tensorflow.org\n\n* Web: web.dev\n\n\nThis tool returns chunks of text, names, and URLs for matching documents. If the returned chunks are not detailed enough to answer the user's question, use `get_documents` with the `parent` from this tool's output to retrieve the full document content.\n","inputSchema":{"description":"Request schema for search_documents. Use the query field to search for related Google developer documentation.","properties":{"query":{"description":"Required. The raw query string provided by the user, such as \"How to create a Cloud Storage bucket?\".","type":"string"}},"required":["query"],"type":"object"},"name":"search_documents","outputSchema":{"$defs":{"DocumentChunk":{"description":"A DocumentChunk represents a piece of content from a Document in the DeveloperKnowledge corpus. To fetch the entire document content, pass the `parent` to get_document or batch_get_documents.","properties":{"content":{"description":"Output only. The content of the document chunk.","readOnly":true,"type":"string"},"id":{"description":"Output only. The ID of this chunk within the document. The chunk ID is unique within a document, but not globally unique across documents. The chunk ID is not stable and may change over time.","readOnly":true,"type":"string"},"parent":{"description":"Output only. The resource name of the document this chunk is from. Format: `documents/{uri_without_scheme}` Example: `documents/docs.cloud.google.com/storage/docs/creating-buckets`","readOnly":true,"type":"string"}},"type":"object"}},"description":"Response schema for search_documents.","properties":{"results":{"description":"The search results for the given query. Each Document in this list contains a snippet of content relevant to the search query. Use the DocumentChunk.name field of each result with get_documents to retrieve the full document content.","items":{"$ref":"#/$defs/DocumentChunk"},"type":"array"}},"type":"object"}},{"annotations":{"destructiveHint":false,"idempotentHint":true,"openWorldHint":false,"readOnlyHint":true},"description":"Use answer_query to get a grounded answer to a query about Google developer products. This tool has limited quota. This tool will synthesize information from the corpus to generate an answer to the query. answer_query grounds answers using the same corpus as search_documents. If you get a 429 out of quota error, use search_documents instead.","inputSchema":{"description":"Request message for AnswerQuery.","properties":{"query":{"description":"Required. The query to answer.","type":"string"}},"required":["query"],"type":"object"},"name":"answer_query","outputSchema":{"description":"Response message for AnswerQuery.","properties":{"answerText":{"description":"The answer to the query.","type":"string"}},"type":"object"}},{"annotations":{"destructiveHint":false,"idempotentHint":true,"openWorldHint":false,"readOnlyHint":true},"description":"Use this tool to retrieve the full content of a single document or up to 20 documents in a single call. The document names should be obtained from the `parent` field of results from a call to the `search_documents` tool. Set the `names` parameter to a list of document names.","inputSchema":{"description":"Request schema for get_documents.","properties":{"names":{"description":"Required. The names of the documents to retrieve, as returned by search_documents. A maximum of 20 documents can be retrieved in one call. The documents are returned in the same order as the `names` in the request. Format: `documents/{uri_without_scheme}` Example: `documents/docs.cloud.google.com/storage/docs/creating-buckets`","items":{"type":"string"},"type":"array"}},"required":["names"],"type":"object"},"name":"get_documents","outputSchema":{"$defs":{"Document":{"description":"A Document represents a piece of content from the Developer Knowledge corpus.","properties":{"content":{"description":"Output only. The content of the document in Markdown format.","readOnly":true,"type":"string"},"description":{"description":"Output only. A description of the document.","readOnly":true,"type":"string"},"name":{"description":"Identifier. The resource name of the document. Format: `documents/{uri_without_scheme}` Example: `documents/docs.cloud.google.com/storage/docs/creating-buckets`","type":"string","x-google-identifier":true},"title":{"description":"Output only. The title of the document.","readOnly":true,"type":"string"},"uri":{"description":"Output only. The URI of the content, such as `https://cloud.google.com/storage/docs/creating-buckets`.","readOnly":true,"type":"string"}},"type":"object"}},"description":"Response schema for get_documents.","properties":{"documents":{"description":"Documents requested.","items":{"$ref":"#/$defs/Document"},"type":"array"}},"type":"object"}}]}}
[debug] [2026-05-03T02:56:25.174Z] > command requires scopes: ["email","openid","https://www.googleapis.com/auth/cloudplatformprojects.readonly","https://www.googleapis.com/auth/firebase","https://www.googleapis.com/auth/cloud-platform"]
[debug] [2026-05-03T02:56:25.174Z] > authorizing via signed-in user (kthompson@socfoundry.com)
[debug] [2026-05-03T03:29:09.451Z] > command requires scopes: ["email","openid","https://www.googleapis.com/auth/cloudplatformprojects.readonly","https://www.googleapis.com/auth/firebase","https://www.googleapis.com/auth/cloud-platform"]
[debug] [2026-05-03T03:29:09.453Z] > authorizing via signed-in user (kthompson@socfoundry.com)
[debug] [2026-05-03T03:29:09.453Z] > command requires scopes: ["email","openid","https://www.googleapis.com/auth/cloudplatformprojects.readonly","https://www.googleapis.com/auth/firebase","https://www.googleapis.com/auth/cloud-platform"]
[debug] [2026-05-03T03:29:09.453Z] > authorizing via signed-in user (kthompson@socfoundry.com)
[debug] [2026-05-03T03:29:09.460Z] > command requires scopes: ["email","openid","https://www.googleapis.com/auth/cloudplatformprojects.readonly","https://www.googleapis.com/auth/firebase","https://www.googleapis.com/auth/cloud-platform"]
[debug] [2026-05-03T03:29:09.460Z] > authorizing via signed-in user (kthompson@socfoundry.com)
[debug] [2026-05-03T03:29:09.560Z] Checked if tokens are valid: false, expires at: 1776003429427
[debug] [2026-05-03T03:29:09.560Z] Checked if tokens are valid: false, expires at: 1776003429427
[debug] [2026-05-03T03:29:09.560Z] > refreshing access token with scopes: []
[debug] [2026-05-03T03:29:09.561Z] >>> [apiv2][query] POST https://www.googleapis.com/oauth2/v3/token [none]
[debug] [2026-05-03T03:29:09.561Z] >>> [apiv2][body] POST https://www.googleapis.com/oauth2/v3/token [omitted]
[debug] [2026-05-03T03:29:09.564Z] Checked if tokens are valid: false, expires at: 1776003429427
[debug] [2026-05-03T03:29:09.564Z] Checked if tokens are valid: false, expires at: 1776003429427
[debug] [2026-05-03T03:29:09.564Z] > refreshing access token with scopes: []
[debug] [2026-05-03T03:29:09.564Z] >>> [apiv2][query] POST https://www.googleapis.com/oauth2/v3/token [none]
[debug] [2026-05-03T03:29:09.565Z] >>> [apiv2][body] POST https://www.googleapis.com/oauth2/v3/token [omitted]
[debug] [2026-05-03T03:29:09.568Z] Checked if tokens are valid: false, expires at: 1776003429427
[debug] [2026-05-03T03:29:09.568Z] Checked if tokens are valid: false, expires at: 1776003429427
[debug] [2026-05-03T03:29:09.568Z] > refreshing access token with scopes: []
[debug] [2026-05-03T03:29:09.568Z] >>> [apiv2][query] POST https://www.googleapis.com/oauth2/v3/token [none]
[debug] [2026-05-03T03:29:09.568Z] >>> [apiv2][body] POST https://www.googleapis.com/oauth2/v3/token [omitted]
[debug] [2026-05-03T03:29:09.701Z] <<< [apiv2][status] POST https://www.googleapis.com/oauth2/v3/token 400
[debug] [2026-05-03T03:29:09.701Z] <<< [apiv2][body] POST https://www.googleapis.com/oauth2/v3/token [omitted]
[error] Authentication Error: Your credentials are no longer valid. Please run firebase login --reauth

For CI servers and headless environments, generate a new token with firebase login:ci
[error] Authentication Error: Your credentials are no longer valid. Please run firebase login --reauth

For CI servers and headless environments, generate a new token with firebase login:ci
[debug] [2026-05-03T03:29:09.703Z] <<< [apiv2][status] POST https://www.googleapis.com/oauth2/v3/token 400
[debug] [2026-05-03T03:29:09.703Z] <<< [apiv2][body] POST https://www.googleapis.com/oauth2/v3/token [omitted]
[error] Authentication Error: Your credentials are no longer valid. Please run firebase login --reauth

For CI servers and headless environments, generate a new token with firebase login:ci
[error] Authentication Error: Your credentials are no longer valid. Please run firebase login --reauth

For CI servers and headless environments, generate a new token with firebase login:ci
[debug] [2026-05-03T03:29:09.704Z] <<< [apiv2][status] POST https://www.googleapis.com/oauth2/v3/token 400
[debug] [2026-05-03T03:29:09.704Z] <<< [apiv2][body] POST https://www.googleapis.com/oauth2/v3/token [omitted]
[error] Authentication Error: Your credentials are no longer valid. Please run firebase login --reauth

For CI servers and headless environments, generate a new token with firebase login:ci
[error] Authentication Error: Your credentials are no longer valid. Please run firebase login --reauth

For CI servers and headless environments, generate a new token with firebase login:ci
[debug] [2026-05-03T03:29:09.743Z] > command requires scopes: ["email","openid","https://www.googleapis.com/auth/cloudplatformprojects.readonly","https://www.googleapis.com/auth/firebase","https://www.googleapis.com/auth/cloud-platform"]
[debug] [2026-05-03T03:29:09.743Z] > authorizing via signed-in user (kthompson@socfoundry.com)
[debug] [2026-05-03T03:29:09.743Z] > command requires scopes: ["email","openid","https://www.googleapis.com/auth/cloudplatformprojects.readonly","https://www.googleapis.com/auth/firebase","https://www.googleapis.com/auth/cloud-platform"]
[debug] [2026-05-03T03:29:09.743Z] > authorizing via signed-in user (kthompson@socfoundry.com)
[debug] [2026-05-03T03:29:09.750Z] > command requires scopes: ["email","openid","https://www.googleapis.com/auth/cloudplatformprojects.readonly","https://www.googleapis.com/auth/firebase","https://www.googleapis.com/auth/cloud-platform"]
[debug] [2026-05-03T03:29:09.751Z] > authorizing via signed-in user (kthompson@socfoundry.com)
[debug] [2026-05-03T03:29:09.751Z] >>> [apiv2][query] POST https://developerknowledge.googleapis.com/mcp [none]
[debug] [2026-05-03T03:29:09.751Z] >>> [apiv2][body] POST https://developerknowledge.googleapis.com/mcp {"method":"tools/list","jsonrpc":"2.0","id":1}
[debug] [2026-05-03T03:29:09.892Z] <<< [apiv2][status] POST https://developerknowledge.googleapis.com/mcp 200
[debug] [2026-05-03T03:29:09.892Z] <<< [apiv2][body] POST https://developerknowledge.googleapis.com/mcp {"id":1,"jsonrpc":"2.0","result":{"tools":[{"annotations":{"destructiveHint":false,"idempotentHint":true,"openWorldHint":false,"readOnlyHint":true},"description":"Use this tool to find documentation about Google developer products. The documents contain official APIs, code snippets, release notes, best practices, guides, debugging info, and more. It covers the following products and domains:\n\n\n* ADK: adk.dev\n\n* Android: developer.android.com\n\n* Apigee: docs.apigee.com\n\n* Chrome: developer.chrome.com\n\n* Firebase: firebase.google.com\n\n* Fuchsia: fuchsia.dev\n\n* Go: go.dev\n\n* Google AI: ai.google.dev\n\n* Google Cloud: docs.cloud.google.com\n\n* Google Developers, Ads, Search, Google Maps, Youtube: developers.google.com\n\n* Google Home: developers.home.google.com\n\n* TensorFlow: www.tensorflow.org\n\n* Web: web.dev\n\n\nThis tool returns chunks of text, names, and URLs for matching documents. If the returned chunks are not detailed enough to answer the user's question, use `get_documents` with the `parent` from this tool's output to retrieve the full document content.\n","inputSchema":{"description":"Request schema for search_documents. Use the query field to search for related Google developer documentation.","properties":{"query":{"description":"Required. The raw query string provided by the user, such as \"How to create a Cloud Storage bucket?\".","type":"string"}},"required":["query"],"type":"object"},"name":"search_documents","outputSchema":{"$defs":{"DocumentChunk":{"description":"A DocumentChunk represents a piece of content from a Document in the DeveloperKnowledge corpus. To fetch the entire document content, pass the `parent` to get_document or batch_get_documents.","properties":{"content":{"description":"Output only. The content of the document chunk.","readOnly":true,"type":"string"},"id":{"description":"Output only. The ID of this chunk within the document. The chunk ID is unique within a document, but not globally unique across documents. The chunk ID is not stable and may change over time.","readOnly":true,"type":"string"},"parent":{"description":"Output only. The resource name of the document this chunk is from. Format: `documents/{uri_without_scheme}` Example: `documents/docs.cloud.google.com/storage/docs/creating-buckets`","readOnly":true,"type":"string"}},"type":"object"}},"description":"Response schema for search_documents.","properties":{"results":{"description":"The search results for the given query. Each Document in this list contains a snippet of content relevant to the search query. Use the DocumentChunk.name field of each result with get_documents to retrieve the full document content.","items":{"$ref":"#/$defs/DocumentChunk"},"type":"array"}},"type":"object"}},{"annotations":{"destructiveHint":false,"idempotentHint":true,"openWorldHint":false,"readOnlyHint":true},"description":"Use answer_query to get a grounded answer to a query about Google developer products. This tool has limited quota. This tool will synthesize information from the corpus to generate an answer to the query. answer_query grounds answers using the same corpus as search_documents. If you get a 429 out of quota error, use search_documents instead.","inputSchema":{"description":"Request message for AnswerQuery.","properties":{"query":{"description":"Required. The query to answer.","type":"string"}},"required":["query"],"type":"object"},"name":"answer_query","outputSchema":{"description":"Response message for AnswerQuery.","properties":{"answerText":{"description":"The answer to the query.","type":"string"}},"type":"object"}},{"annotations":{"destructiveHint":false,"idempotentHint":true,"openWorldHint":false,"readOnlyHint":true},"description":"Use this tool to retrieve the full content of a single document or up to 20 documents in a single call. The document names should be obtained from the `parent` field of results from a call to the `search_documents` tool. Set the `names` parameter to a list of document names.","inputSchema":{"description":"Request schema for get_documents.","properties":{"names":{"description":"Required. The names of the documents to retrieve, as returned by search_documents. A maximum of 20 documents can be retrieved in one call. The documents are returned in the same order as the `names` in the request. Format: `documents/{uri_without_scheme}` Example: `documents/docs.cloud.google.com/storage/docs/creating-buckets`","items":{"type":"string"},"type":"array"}},"required":["names"],"type":"object"},"name":"get_documents","outputSchema":{"$defs":{"Document":{"description":"A Document represents a piece of content from the Developer Knowledge corpus.","properties":{"content":{"description":"Output only. The content of the document in Markdown format.","readOnly":true,"type":"string"},"description":{"description":"Output only. A description of the document.","readOnly":true,"type":"string"},"name":{"description":"Identifier. The resource name of the document. Format: `documents/{uri_without_scheme}` Example: `documents/docs.cloud.google.com/storage/docs/creating-buckets`","type":"string","x-google-identifier":true},"title":{"description":"Output only. The title of the document.","readOnly":true,"type":"string"},"uri":{"description":"Output only. The URI of the content, such as `https://cloud.google.com/storage/docs/creating-buckets`.","readOnly":true,"type":"string"}},"type":"object"}},"description":"Response schema for get_documents.","properties":{"documents":{"description":"Documents requested.","items":{"$ref":"#/$defs/Document"},"type":"array"}},"type":"object"}}]}}
[debug] [2026-05-03T03:29:09.893Z] > command requires scopes: ["email","openid","https://www.googleapis.com/auth/cloudplatformprojects.readonly","https://www.googleapis.com/auth/firebase","https://www.googleapis.com/auth/cloud-platform"]
[debug] [2026-05-03T03:29:09.893Z] > authorizing via signed-in user (kthompson@socfoundry.com)
[debug] [2026-05-03T03:33:05.348Z] > command requires scopes: ["email","openid","https://www.googleapis.com/auth/cloudplatformprojects.readonly","https://www.googleapis.com/auth/firebase","https://www.googleapis.com/auth/cloud-platform"]
[debug] [2026-05-03T03:33:05.349Z] > authorizing via signed-in user (kthompson@socfoundry.com)
[debug] [2026-05-03T03:33:05.349Z] > command requires scopes: ["email","openid","https://www.googleapis.com/auth/cloudplatformprojects.readonly","https://www.googleapis.com/auth/firebase","https://www.googleapis.com/auth/cloud-platform"]
[debug] [2026-05-03T03:33:05.349Z] > authorizing via signed-in user (kthompson@socfoundry.com)
[debug] [2026-05-03T03:33:05.356Z] > command requires scopes: ["email","openid","https://www.googleapis.com/auth/cloudplatformprojects.readonly","https://www.googleapis.com/auth/firebase","https://www.googleapis.com/auth/cloud-platform"]
[debug] [2026-05-03T03:33:05.356Z] > authorizing via signed-in user (kthompson@socfoundry.com)
[debug] [2026-05-03T03:33:05.430Z] Checked if tokens are valid: false, expires at: 1776003429427
[debug] [2026-05-03T03:33:05.431Z] Checked if tokens are valid: false, expires at: 1776003429427
[debug] [2026-05-03T03:33:05.431Z] > refreshing access token with scopes: []
[debug] [2026-05-03T03:33:05.431Z] >>> [apiv2][query] POST https://www.googleapis.com/oauth2/v3/token [none]
[debug] [2026-05-03T03:33:05.431Z] >>> [apiv2][body] POST https://www.googleapis.com/oauth2/v3/token [omitted]
[debug] [2026-05-03T03:33:05.435Z] Checked if tokens are valid: false, expires at: 1776003429427
[debug] [2026-05-03T03:33:05.435Z] Checked if tokens are valid: false, expires at: 1776003429427
[debug] [2026-05-03T03:33:05.435Z] > refreshing access token with scopes: []
[debug] [2026-05-03T03:33:05.435Z] >>> [apiv2][query] POST https://www.googleapis.com/oauth2/v3/token [none]
[debug] [2026-05-03T03:33:05.435Z] >>> [apiv2][body] POST https://www.googleapis.com/oauth2/v3/token [omitted]
[debug] [2026-05-03T03:33:05.438Z] Checked if tokens are valid: false, expires at: 1776003429427
[debug] [2026-05-03T03:33:05.438Z] Checked if tokens are valid: false, expires at: 1776003429427
[debug] [2026-05-03T03:33:05.438Z] > refreshing access token with scopes: []
[debug] [2026-05-03T03:33:05.439Z] >>> [apiv2][query] POST https://www.googleapis.com/oauth2/v3/token [none]
[debug] [2026-05-03T03:33:05.439Z] >>> [apiv2][body] POST https://www.googleapis.com/oauth2/v3/token [omitted]
[debug] [2026-05-03T03:33:05.558Z] <<< [apiv2][status] POST https://www.googleapis.com/oauth2/v3/token 400
[debug] [2026-05-03T03:33:05.558Z] <<< [apiv2][body] POST https://www.googleapis.com/oauth2/v3/token [omitted]
[error] Authentication Error: Your credentials are no longer valid. Please run firebase login --reauth

For CI servers and headless environments, generate a new token with firebase login:ci
[error] Authentication Error: Your credentials are no longer valid. Please run firebase login --reauth

For CI servers and headless environments, generate a new token with firebase login:ci
[debug] [2026-05-03T03:33:05.562Z] <<< [apiv2][status] POST https://www.googleapis.com/oauth2/v3/token 400
[debug] [2026-05-03T03:33:05.562Z] <<< [apiv2][body] POST https://www.googleapis.com/oauth2/v3/token [omitted]
[error] Authentication Error: Your credentials are no longer valid. Please run firebase login --reauth

For CI servers and headless environments, generate a new token with firebase login:ci
[error] Authentication Error: Your credentials are no longer valid. Please run firebase login --reauth

For CI servers and headless environments, generate a new token with firebase login:ci
[debug] [2026-05-03T03:33:05.569Z] <<< [apiv2][status] POST https://www.googleapis.com/oauth2/v3/token 400
[debug] [2026-05-03T03:33:05.569Z] <<< [apiv2][body] POST https://www.googleapis.com/oauth2/v3/token [omitted]
[error] Authentication Error: Your credentials are no longer valid. Please run firebase login --reauth

For CI servers and headless environments, generate a new token with firebase login:ci
[error] Authentication Error: Your credentials are no longer valid. Please run firebase login --reauth

For CI servers and headless environments, generate a new token with firebase login:ci
[debug] [2026-05-03T03:33:05.600Z] > command requires scopes: ["email","openid","https://www.googleapis.com/auth/cloudplatformprojects.readonly","https://www.googleapis.com/auth/firebase","https://www.googleapis.com/auth/cloud-platform"]
[debug] [2026-05-03T03:33:05.600Z] > authorizing via signed-in user (kthompson@socfoundry.com)
[debug] [2026-05-03T03:33:05.601Z] > command requires scopes: ["email","openid","https://www.googleapis.com/auth/cloudplatformprojects.readonly","https://www.googleapis.com/auth/firebase","https://www.googleapis.com/auth/cloud-platform"]
[debug] [2026-05-03T03:33:05.601Z] > authorizing via signed-in user (kthompson@socfoundry.com)
[debug] [2026-05-03T03:33:05.601Z] > command requires scopes: ["email","openid","https://www.googleapis.com/auth/cloudplatformprojects.readonly","https://www.googleapis.com/auth/firebase","https://www.googleapis.com/auth/cloud-platform"]
[debug] [2026-05-03T03:33:05.601Z] > authorizing via signed-in user (kthompson@socfoundry.com)
[debug] [2026-05-03T03:33:05.602Z] >>> [apiv2][query] POST https://developerknowledge.googleapis.com/mcp [none]
[debug] [2026-05-03T03:33:05.602Z] >>> [apiv2][body] POST https://developerknowledge.googleapis.com/mcp {"method":"tools/list","jsonrpc":"2.0","id":1}
[debug] [2026-05-03T03:33:05.722Z] <<< [apiv2][status] POST https://developerknowledge.googleapis.com/mcp 200
[debug] [2026-05-03T03:33:05.722Z] <<< [apiv2][body] POST https://developerknowledge.googleapis.com/mcp {"id":1,"jsonrpc":"2.0","result":{"tools":[{"annotations":{"destructiveHint":false,"idempotentHint":true,"openWorldHint":false,"readOnlyHint":true},"description":"Use this tool to find documentation about Google developer products. The documents contain official APIs, code snippets, release notes, best practices, guides, debugging info, and more. It covers the following products and domains:\n\n\n* ADK: adk.dev\n\n* Android: developer.android.com\n\n* Apigee: docs.apigee.com\n\n* Chrome: developer.chrome.com\n\n* Firebase: firebase.google.com\n\n* Fuchsia: fuchsia.dev\n\n* Go: go.dev\n\n* Google AI: ai.google.dev\n\n* Google Cloud: docs.cloud.google.com\n\n* Google Developers, Ads, Search, Google Maps, Youtube: developers.google.com\n\n* Google Home: developers.home.google.com\n\n* TensorFlow: www.tensorflow.org\n\n* Web: web.dev\n\n\nThis tool returns chunks of text, names, and URLs for matching documents. If the returned chunks are not detailed enough to answer the user's question, use `get_documents` with the `parent` from this tool's output to retrieve the full document content.\n","inputSchema":{"description":"Request schema for search_documents. Use the query field to search for related Google developer documentation.","properties":{"query":{"description":"Required. The raw query string provided by the user, such as \"How to create a Cloud Storage bucket?\".","type":"string"}},"required":["query"],"type":"object"},"name":"search_documents","outputSchema":{"$defs":{"DocumentChunk":{"description":"A DocumentChunk represents a piece of content from a Document in the DeveloperKnowledge corpus. To fetch the entire document content, pass the `parent` to get_document or batch_get_documents.","properties":{"content":{"description":"Output only. The content of the document chunk.","readOnly":true,"type":"string"},"id":{"description":"Output only. The ID of this chunk within the document. The chunk ID is unique within a document, but not globally unique across documents. The chunk ID is not stable and may change over time.","readOnly":true,"type":"string"},"parent":{"description":"Output only. The resource name of the document this chunk is from. Format: `documents/{uri_without_scheme}` Example: `documents/docs.cloud.google.com/storage/docs/creating-buckets`","readOnly":true,"type":"string"}},"type":"object"}},"description":"Response schema for search_documents.","properties":{"results":{"description":"The search results for the given query. Each Document in this list contains a snippet of content relevant to the search query. Use the DocumentChunk.name field of each result with get_documents to retrieve the full document content.","items":{"$ref":"#/$defs/DocumentChunk"},"type":"array"}},"type":"object"}},{"annotations":{"destructiveHint":false,"idempotentHint":true,"openWorldHint":false,"readOnlyHint":true},"description":"Use answer_query to get a grounded answer to a query about Google developer products. This tool has limited quota. This tool will synthesize information from the corpus to generate an answer to the query. answer_query grounds answers using the same corpus as search_documents. If you get a 429 out of quota error, use search_documents instead.","inputSchema":{"description":"Request message for AnswerQuery.","properties":{"query":{"description":"Required. The query to answer.","type":"string"}},"required":["query"],"type":"object"},"name":"answer_query","outputSchema":{"description":"Response message for AnswerQuery.","properties":{"answerText":{"description":"The answer to the query.","type":"string"}},"type":"object"}},{"annotations":{"destructiveHint":false,"idempotentHint":true,"openWorldHint":false,"readOnlyHint":true},"description":"Use this tool to retrieve the full content of a single document or up to 20 documents in a single call. The document names should be obtained from the `parent` field of results from a call to the `search_documents` tool. Set the `names` parameter to a list of document names.","inputSchema":{"description":"Request schema for get_documents.","properties":{"names":{"description":"Required. The names of the documents to retrieve, as returned by search_documents. A maximum of 20 documents can be retrieved in one call. The documents are returned in the same order as the `names` in the request. Format: `documents/{uri_without_scheme}` Example: `documents/docs.cloud.google.com/storage/docs/creating-buckets`","items":{"type":"string"},"type":"array"}},"required":["names"],"type":"object"},"name":"get_documents","outputSchema":{"$defs":{"Document":{"description":"A Document represents a piece of content from the Developer Knowledge corpus.","properties":{"content":{"description":"Output only. The content of the document in Markdown format.","readOnly":true,"type":"string"},"description":{"description":"Output only. A description of the document.","readOnly":true,"type":"string"},"name":{"description":"Identifier. The resource name of the document. Format: `documents/{uri_without_scheme}` Example: `documents/docs.cloud.google.com/storage/docs/creating-buckets`","type":"string","x-google-identifier":true},"title":{"description":"Output only. The title of the document.","readOnly":true,"type":"string"},"uri":{"description":"Output only. The URI of the content, such as `https://cloud.google.com/storage/docs/creating-buckets`.","readOnly":true,"type":"string"}},"type":"object"}},"description":"Response schema for get_documents.","properties":{"documents":{"description":"Documents requested.","items":{"$ref":"#/$defs/Document"},"type":"array"}},"type":"object"}}]}}
[debug] [2026-05-03T03:33:05.723Z] > command requires scopes: ["email","openid","https://www.googleapis.com/auth/cloudplatformprojects.readonly","https://www.googleapis.com/auth/firebase","https://www.googleapis.com/auth/cloud-platform"]
[debug] [2026-05-03T03:33:05.723Z] > authorizing via signed-in user (kthompson@socfoundry.com)
[debug] [2026-05-03T04:35:17.552Z] > command requires scopes: ["email","openid","https://www.googleapis.com/auth/cloudplatformprojects.readonly","https://www.googleapis.com/auth/firebase","https://www.googleapis.com/auth/cloud-platform"]
[debug] [2026-05-03T04:35:17.553Z] > authorizing via signed-in user (kthompson@socfoundry.com)
[debug] [2026-05-03T04:35:17.553Z] > command requires scopes: ["email","openid","https://www.googleapis.com/auth/cloudplatformprojects.readonly","https://www.googleapis.com/auth/firebase","https://www.googleapis.com/auth/cloud-platform"]
[debug] [2026-05-03T04:35:17.553Z] > authorizing via signed-in user (kthompson@socfoundry.com)
[debug] [2026-05-03T04:35:17.560Z] > command requires scopes: ["email","openid","https://www.googleapis.com/auth/cloudplatformprojects.readonly","https://www.googleapis.com/auth/firebase","https://www.googleapis.com/auth/cloud-platform"]
[debug] [2026-05-03T04:35:17.560Z] > authorizing via signed-in user (kthompson@socfoundry.com)
[debug] [2026-05-03T04:35:17.630Z] Checked if tokens are valid: false, expires at: 1776003429427
[debug] [2026-05-03T04:35:17.630Z] Checked if tokens are valid: false, expires at: 1776003429427
[debug] [2026-05-03T04:35:17.631Z] > refreshing access token with scopes: []
[debug] [2026-05-03T04:35:17.631Z] >>> [apiv2][query] POST https://www.googleapis.com/oauth2/v3/token [none]
[debug] [2026-05-03T04:35:17.631Z] >>> [apiv2][body] POST https://www.googleapis.com/oauth2/v3/token [omitted]
[debug] [2026-05-03T04:35:17.636Z] Checked if tokens are valid: false, expires at: 1776003429427
[debug] [2026-05-03T04:35:17.636Z] Checked if tokens are valid: false, expires at: 1776003429427
[debug] [2026-05-03T04:35:17.636Z] > refreshing access token with scopes: []
[debug] [2026-05-03T04:35:17.636Z] >>> [apiv2][query] POST https://www.googleapis.com/oauth2/v3/token [none]
[debug] [2026-05-03T04:35:17.636Z] >>> [apiv2][body] POST https://www.googleapis.com/oauth2/v3/token [omitted]
[debug] [2026-05-03T04:35:17.639Z] Checked if tokens are valid: false, expires at: 1776003429427
[debug] [2026-05-03T04:35:17.639Z] Checked if tokens are valid: false, expires at: 1776003429427
[debug] [2026-05-03T04:35:17.639Z] > refreshing access token with scopes: []
[debug] [2026-05-03T04:35:17.640Z] >>> [apiv2][query] POST https://www.googleapis.com/oauth2/v3/token [none]
[debug] [2026-05-03T04:35:17.640Z] >>> [apiv2][body] POST https://www.googleapis.com/oauth2/v3/token [omitted]
[debug] [2026-05-03T04:35:17.771Z] <<< [apiv2][status] POST https://www.googleapis.com/oauth2/v3/token 400
[debug] [2026-05-03T04:35:17.771Z] <<< [apiv2][body] POST https://www.googleapis.com/oauth2/v3/token [omitted]
[error] Authentication Error: Your credentials are no longer valid. Please run firebase login --reauth

For CI servers and headless environments, generate a new token with firebase login:ci
[error] Authentication Error: Your credentials are no longer valid. Please run firebase login --reauth

For CI servers and headless environments, generate a new token with firebase login:ci
[debug] [2026-05-03T04:35:17.774Z] <<< [apiv2][status] POST https://www.googleapis.com/oauth2/v3/token 400
[debug] [2026-05-03T04:35:17.774Z] <<< [apiv2][body] POST https://www.googleapis.com/oauth2/v3/token [omitted]
[error] Authentication Error: Your credentials are no longer valid. Please run firebase login --reauth

For CI servers and headless environments, generate a new token with firebase login:ci
[error] Authentication Error: Your credentials are no longer valid. Please run firebase login --reauth

For CI servers and headless environments, generate a new token with firebase login:ci
[debug] [2026-05-03T04:35:17.781Z] <<< [apiv2][status] POST https://www.googleapis.com/oauth2/v3/token 400
[debug] [2026-05-03T04:35:17.781Z] <<< [apiv2][body] POST https://www.googleapis.com/oauth2/v3/token [omitted]
[error] Authentication Error: Your credentials are no longer valid. Please run firebase login --reauth

For CI servers and headless environments, generate a new token with firebase login:ci
[error] Authentication Error: Your credentials are no longer valid. Please run firebase login --reauth

For CI servers and headless environments, generate a new token with firebase login:ci
[debug] [2026-05-03T04:35:17.819Z] > command requires scopes: ["email","openid","https://www.googleapis.com/auth/cloudplatformprojects.readonly","https://www.googleapis.com/auth/firebase","https://www.googleapis.com/auth/cloud-platform"]
[debug] [2026-05-03T04:35:17.819Z] > authorizing via signed-in user (kthompson@socfoundry.com)
[debug] [2026-05-03T04:35:17.819Z] > command requires scopes: ["email","openid","https://www.googleapis.com/auth/cloudplatformprojects.readonly","https://www.googleapis.com/auth/firebase","https://www.googleapis.com/auth/cloud-platform"]
[debug] [2026-05-03T04:35:17.819Z] > authorizing via signed-in user (kthompson@socfoundry.com)
[debug] [2026-05-03T04:35:17.822Z] > command requires scopes: ["email","openid","https://www.googleapis.com/auth/cloudplatformprojects.readonly","https://www.googleapis.com/auth/firebase","https://www.googleapis.com/auth/cloud-platform"]
[debug] [2026-05-03T04:35:17.822Z] > authorizing via signed-in user (kthompson@socfoundry.com)
[debug] [2026-05-03T04:35:17.822Z] >>> [apiv2][query] POST https://developerknowledge.googleapis.com/mcp [none]
[debug] [2026-05-03T04:35:17.822Z] >>> [apiv2][body] POST https://developerknowledge.googleapis.com/mcp {"method":"tools/list","jsonrpc":"2.0","id":1}
[debug] [2026-05-03T04:35:17.968Z] <<< [apiv2][status] POST https://developerknowledge.googleapis.com/mcp 200
[debug] [2026-05-03T04:35:17.968Z] <<< [apiv2][body] POST https://developerknowledge.googleapis.com/mcp {"id":1,"jsonrpc":"2.0","result":{"tools":[{"annotations":{"destructiveHint":false,"idempotentHint":true,"openWorldHint":false,"readOnlyHint":true},"description":"Use this tool to find documentation about Google developer products. The documents contain official APIs, code snippets, release notes, best practices, guides, debugging info, and more. It covers the following products and domains:\n\n\n* ADK: adk.dev\n\n* Android: developer.android.com\n\n* Apigee: docs.apigee.com\n\n* Chrome: developer.chrome.com\n\n* Firebase: firebase.google.com\n\n* Fuchsia: fuchsia.dev\n\n* Go: go.dev\n\n* Google AI: ai.google.dev\n\n* Google Cloud: docs.cloud.google.com\n\n* Google Developers, Ads, Search, Google Maps, Youtube: developers.google.com\n\n* Google Home: developers.home.google.com\n\n* TensorFlow: www.tensorflow.org\n\n* Web: web.dev\n\n\nThis tool returns chunks of text, names, and URLs for matching documents. If the returned chunks are not detailed enough to answer the user's question, use `get_documents` with the `parent` from this tool's output to retrieve the full document content.\n","inputSchema":{"description":"Request schema for search_documents. Use the query field to search for related Google developer documentation.","properties":{"query":{"description":"Required. The raw query string provided by the user, such as \"How to create a Cloud Storage bucket?\".","type":"string"}},"required":["query"],"type":"object"},"name":"search_documents","outputSchema":{"$defs":{"DocumentChunk":{"description":"A DocumentChunk represents a piece of content from a Document in the DeveloperKnowledge corpus. To fetch the entire document content, pass the `parent` to get_document or batch_get_documents.","properties":{"content":{"description":"Output only. The content of the document chunk.","readOnly":true,"type":"string"},"id":{"description":"Output only. The ID of this chunk within the document. The chunk ID is unique within a document, but not globally unique across documents. The chunk ID is not stable and may change over time.","readOnly":true,"type":"string"},"parent":{"description":"Output only. The resource name of the document this chunk is from. Format: `documents/{uri_without_scheme}` Example: `documents/docs.cloud.google.com/storage/docs/creating-buckets`","readOnly":true,"type":"string"}},"type":"object"}},"description":"Response schema for search_documents.","properties":{"results":{"description":"The search results for the given query. Each Document in this list contains a snippet of content relevant to the search query. Use the DocumentChunk.name field of each result with get_documents to retrieve the full document content.","items":{"$ref":"#/$defs/DocumentChunk"},"type":"array"}},"type":"object"}},{"annotations":{"destructiveHint":false,"idempotentHint":true,"openWorldHint":false,"readOnlyHint":true},"description":"Use answer_query to get a grounded answer to a query about Google developer products. This tool has limited quota. This tool will synthesize information from the corpus to generate an answer to the query. answer_query grounds answers using the same corpus as search_documents. If you get a 429 out of quota error, use search_documents instead.","inputSchema":{"description":"Request message for AnswerQuery.","properties":{"query":{"description":"Required. The query to answer.","type":"string"}},"required":["query"],"type":"object"},"name":"answer_query","outputSchema":{"description":"Response message for AnswerQuery.","properties":{"answerText":{"description":"The answer to the query.","type":"string"}},"type":"object"}},{"annotations":{"destructiveHint":false,"idempotentHint":true,"openWorldHint":false,"readOnlyHint":true},"description":"Use this tool to retrieve the full content of a single document or up to 20 documents in a single call. The document names should be obtained from the `parent` field of results from a call to the `search_documents` tool. Set the `names` parameter to a list of document names.","inputSchema":{"description":"Request schema for get_documents.","properties":{"names":{"description":"Required. The names of the documents to retrieve, as returned by search_documents. A maximum of 20 documents can be retrieved in one call. The documents are returned in the same order as the `names` in the request. Format: `documents/{uri_without_scheme}` Example: `documents/docs.cloud.google.com/storage/docs/creating-buckets`","items":{"type":"string"},"type":"array"}},"required":["names"],"type":"object"},"name":"get_documents","outputSchema":{"$defs":{"Document":{"description":"A Document represents a piece of content from the Developer Knowledge corpus.","properties":{"content":{"description":"Output only. The content of the document in Markdown format.","readOnly":true,"type":"string"},"description":{"description":"Output only. A description of the document.","readOnly":true,"type":"string"},"name":{"description":"Identifier. The resource name of the document. Format: `documents/{uri_without_scheme}` Example: `documents/docs.cloud.google.com/storage/docs/creating-buckets`","type":"string","x-google-identifier":true},"title":{"description":"Output only. The title of the document.","readOnly":true,"type":"string"},"uri":{"description":"Output only. The URI of the content, such as `https://cloud.google.com/storage/docs/creating-buckets`.","readOnly":true,"type":"string"}},"type":"object"}},"description":"Response schema for get_documents.","properties":{"documents":{"description":"Documents requested.","items":{"$ref":"#/$defs/Document"},"type":"array"}},"type":"object"}}]}}
[debug] [2026-05-03T04:35:17.969Z] > command requires scopes: ["email","openid","https://www.googleapis.com/auth/cloudplatformprojects.readonly","https://www.googleapis.com/auth/firebase","https://www.googleapis.com/auth/cloud-platform"]
[debug] [2026-05-03T04:35:17.969Z] > authorizing via signed-in user (kthompson@socfoundry.com)
[debug] [2026-05-03T04:53:06.971Z] > command requires scopes: ["email","openid","https://www.googleapis.com/auth/cloudplatformprojects.readonly","https://www.googleapis.com/auth/firebase","https://www.googleapis.com/auth/cloud-platform"]
[debug] [2026-05-03T04:53:06.972Z] > authorizing via signed-in user (kthompson@socfoundry.com)
[debug] [2026-05-03T04:53:06.972Z] > command requires scopes: ["email","openid","https://www.googleapis.com/auth/cloudplatformprojects.readonly","https://www.googleapis.com/auth/firebase","https://www.googleapis.com/auth/cloud-platform"]
[debug] [2026-05-03T04:53:06.972Z] > authorizing via signed-in user (kthompson@socfoundry.com)
[debug] [2026-05-03T04:53:06.979Z] > command requires scopes: ["email","openid","https://www.googleapis.com/auth/cloudplatformprojects.readonly","https://www.googleapis.com/auth/firebase","https://www.googleapis.com/auth/cloud-platform"]
[debug] [2026-05-03T04:53:06.980Z] > authorizing via signed-in user (kthompson@socfoundry.com)
[debug] [2026-05-03T04:53:07.061Z] Checked if tokens are valid: false, expires at: 1776003429427
[debug] [2026-05-03T04:53:07.061Z] Checked if tokens are valid: false, expires at: 1776003429427
[debug] [2026-05-03T04:53:07.061Z] > refreshing access token with scopes: []
[debug] [2026-05-03T04:53:07.062Z] >>> [apiv2][query] POST https://www.googleapis.com/oauth2/v3/token [none]
[debug] [2026-05-03T04:53:07.062Z] >>> [apiv2][body] POST https://www.googleapis.com/oauth2/v3/token [omitted]
[debug] [2026-05-03T04:53:07.065Z] Checked if tokens are valid: false, expires at: 1776003429427
[debug] [2026-05-03T04:53:07.065Z] Checked if tokens are valid: false, expires at: 1776003429427
[debug] [2026-05-03T04:53:07.065Z] > refreshing access token with scopes: []
[debug] [2026-05-03T04:53:07.065Z] >>> [apiv2][query] POST https://www.googleapis.com/oauth2/v3/token [none]
[debug] [2026-05-03T04:53:07.065Z] >>> [apiv2][body] POST https://www.googleapis.com/oauth2/v3/token [omitted]
[debug] [2026-05-03T04:53:07.068Z] Checked if tokens are valid: false, expires at: 1776003429427
[debug] [2026-05-03T04:53:07.068Z] Checked if tokens are valid: false, expires at: 1776003429427
[debug] [2026-05-03T04:53:07.068Z] > refreshing access token with scopes: []
[debug] [2026-05-03T04:53:07.068Z] >>> [apiv2][query] POST https://www.googleapis.com/oauth2/v3/token [none]
[debug] [2026-05-03T04:53:07.068Z] >>> [apiv2][body] POST https://www.googleapis.com/oauth2/v3/token [omitted]
[debug] [2026-05-03T04:53:07.205Z] <<< [apiv2][status] POST https://www.googleapis.com/oauth2/v3/token 400
[debug] [2026-05-03T04:53:07.205Z] <<< [apiv2][body] POST https://www.googleapis.com/oauth2/v3/token [omitted]
[error] Authentication Error: Your credentials are no longer valid. Please run firebase login --reauth

For CI servers and headless environments, generate a new token with firebase login:ci
[error] Authentication Error: Your credentials are no longer valid. Please run firebase login --reauth

For CI servers and headless environments, generate a new token with firebase login:ci
[debug] [2026-05-03T04:53:07.212Z] <<< [apiv2][status] POST https://www.googleapis.com/oauth2/v3/token 400
[debug] [2026-05-03T04:53:07.212Z] <<< [apiv2][body] POST https://www.googleapis.com/oauth2/v3/token [omitted]
[error] Authentication Error: Your credentials are no longer valid. Please run firebase login --reauth

For CI servers and headless environments, generate a new token with firebase login:ci
[error] Authentication Error: Your credentials are no longer valid. Please run firebase login --reauth

For CI servers and headless environments, generate a new token with firebase login:ci
[debug] [2026-05-03T04:53:07.219Z] <<< [apiv2][status] POST https://www.googleapis.com/oauth2/v3/token 400
[debug] [2026-05-03T04:53:07.219Z] <<< [apiv2][body] POST https://www.googleapis.com/oauth2/v3/token [omitted]
[error] Authentication Error: Your credentials are no longer valid. Please run firebase login --reauth

For CI servers and headless environments, generate a new token with firebase login:ci
[error] Authentication Error: Your credentials are no longer valid. Please run firebase login --reauth

For CI servers and headless environments, generate a new token with firebase login:ci
[debug] [2026-05-03T04:53:07.251Z] > command requires scopes: ["email","openid","https://www.googleapis.com/auth/cloudplatformprojects.readonly","https://www.googleapis.com/auth/firebase","https://www.googleapis.com/auth/cloud-platform"]
[debug] [2026-05-03T04:53:07.251Z] > authorizing via signed-in user (kthompson@socfoundry.com)
[debug] [2026-05-03T04:53:07.251Z] > command requires scopes: ["email","openid","https://www.googleapis.com/auth/cloudplatformprojects.readonly","https://www.googleapis.com/auth/firebase","https://www.googleapis.com/auth/cloud-platform"]
[debug] [2026-05-03T04:53:07.251Z] > authorizing via signed-in user (kthompson@socfoundry.com)
[debug] [2026-05-03T04:53:07.260Z] > command requires scopes: ["email","openid","https://www.googleapis.com/auth/cloudplatformprojects.readonly","https://www.googleapis.com/auth/firebase","https://www.googleapis.com/auth/cloud-platform"]
[debug] [2026-05-03T04:53:07.260Z] > authorizing via signed-in user (kthompson@socfoundry.com)
[debug] [2026-05-03T04:53:07.260Z] >>> [apiv2][query] POST https://developerknowledge.googleapis.com/mcp [none]
[debug] [2026-05-03T04:53:07.260Z] >>> [apiv2][body] POST https://developerknowledge.googleapis.com/mcp {"method":"tools/list","jsonrpc":"2.0","id":1}
[debug] [2026-05-03T04:53:07.414Z] <<< [apiv2][status] POST https://developerknowledge.googleapis.com/mcp 200
[debug] [2026-05-03T04:53:07.414Z] <<< [apiv2][body] POST https://developerknowledge.googleapis.com/mcp {"id":1,"jsonrpc":"2.0","result":{"tools":[{"annotations":{"destructiveHint":false,"idempotentHint":true,"openWorldHint":false,"readOnlyHint":true},"description":"Use this tool to find documentation about Google developer products. The documents contain official APIs, code snippets, release notes, best practices, guides, debugging info, and more. It covers the following products and domains:\n\n\n* ADK: adk.dev\n\n* Android: developer.android.com\n\n* Apigee: docs.apigee.com\n\n* Chrome: developer.chrome.com\n\n* Firebase: firebase.google.com\n\n* Fuchsia: fuchsia.dev\n\n* Go: go.dev\n\n* Google AI: ai.google.dev\n\n* Google Cloud: docs.cloud.google.com\n\n* Google Developers, Ads, Search, Google Maps, Youtube: developers.google.com\n\n* Google Home: developers.home.google.com\n\n* TensorFlow: www.tensorflow.org\n\n* Web: web.dev\n\n\nThis tool returns chunks of text, names, and URLs for matching documents. If the returned chunks are not detailed enough to answer the user's question, use `get_documents` with the `parent` from this tool's output to retrieve the full document content.\n","inputSchema":{"description":"Request schema for search_documents. Use the query field to search for related Google developer documentation.","properties":{"query":{"description":"Required. The raw query string provided by the user, such as \"How to create a Cloud Storage bucket?\".","type":"string"}},"required":["query"],"type":"object"},"name":"search_documents","outputSchema":{"$defs":{"DocumentChunk":{"description":"A DocumentChunk represents a piece of content from a Document in the DeveloperKnowledge corpus. To fetch the entire document content, pass the `parent` to get_document or batch_get_documents.","properties":{"content":{"description":"Output only. The content of the document chunk.","readOnly":true,"type":"string"},"id":{"description":"Output only. The ID of this chunk within the document. The chunk ID is unique within a document, but not globally unique across documents. The chunk ID is not stable and may change over time.","readOnly":true,"type":"string"},"parent":{"description":"Output only. The resource name of the document this chunk is from. Format: `documents/{uri_without_scheme}` Example: `documents/docs.cloud.google.com/storage/docs/creating-buckets`","readOnly":true,"type":"string"}},"type":"object"}},"description":"Response schema for search_documents.","properties":{"results":{"description":"The search results for the given query. Each Document in this list contains a snippet of content relevant to the search query. Use the DocumentChunk.name field of each result with get_documents to retrieve the full document content.","items":{"$ref":"#/$defs/DocumentChunk"},"type":"array"}},"type":"object"}},{"annotations":{"destructiveHint":false,"idempotentHint":true,"openWorldHint":false,"readOnlyHint":true},"description":"Use answer_query to get a grounded answer to a query about Google developer products. This tool has limited quota. This tool will synthesize information from the corpus to generate an answer to the query. answer_query grounds answers using the same corpus as search_documents. If you get a 429 out of quota error, use search_documents instead.","inputSchema":{"description":"Request message for AnswerQuery.","properties":{"query":{"description":"Required. The query to answer.","type":"string"}},"required":["query"],"type":"object"},"name":"answer_query","outputSchema":{"description":"Response message for AnswerQuery.","properties":{"answerText":{"description":"The answer to the query.","type":"string"}},"type":"object"}},{"annotations":{"destructiveHint":false,"idempotentHint":true,"openWorldHint":false,"readOnlyHint":true},"description":"Use this tool to retrieve the full content of a single document or up to 20 documents in a single call. The document names should be obtained from the `parent` field of results from a call to the `search_documents` tool. Set the `names` parameter to a list of document names.","inputSchema":{"description":"Request schema for get_documents.","properties":{"names":{"description":"Required. The names of the documents to retrieve, as returned by search_documents. A maximum of 20 documents can be retrieved in one call. The documents are returned in the same order as the `names` in the request. Format: `documents/{uri_without_scheme}` Example: `documents/docs.cloud.google.com/storage/docs/creating-buckets`","items":{"type":"string"},"type":"array"}},"required":["names"],"type":"object"},"name":"get_documents","outputSchema":{"$defs":{"Document":{"description":"A Document represents a piece of content from the Developer Knowledge corpus.","properties":{"content":{"description":"Output only. The content of the document in Markdown format.","readOnly":true,"type":"string"},"description":{"description":"Output only. A description of the document.","readOnly":true,"type":"string"},"name":{"description":"Identifier. The resource name of the document. Format: `documents/{uri_without_scheme}` Example: `documents/docs.cloud.google.com/storage/docs/creating-buckets`","type":"string","x-google-identifier":true},"title":{"description":"Output only. The title of the document.","readOnly":true,"type":"string"},"uri":{"description":"Output only. The URI of the content, such as `https://cloud.google.com/storage/docs/creating-buckets`.","readOnly":true,"type":"string"}},"type":"object"}},"description":"Response schema for get_documents.","properties":{"documents":{"description":"Documents requested.","items":{"$ref":"#/$defs/Document"},"type":"array"}},"type":"object"}}]}}
[debug] [2026-05-03T04:53:07.415Z] > command requires scopes: ["email","openid","https://www.googleapis.com/auth/cloudplatformprojects.readonly","https://www.googleapis.com/auth/firebase","https://www.googleapis.com/auth/cloud-platform"]
[debug] [2026-05-03T04:53:07.415Z] > authorizing via signed-in user (kthompson@socfoundry.com)
[debug] [2026-05-03T14:27:58.393Z] > command requires scopes: ["email","openid","https://www.googleapis.com/auth/cloudplatformprojects.readonly","https://www.googleapis.com/auth/firebase","https://www.googleapis.com/auth/cloud-platform"]
[debug] [2026-05-03T14:27:58.394Z] > authorizing via signed-in user (kthompson@socfoundry.com)
[debug] [2026-05-03T14:27:58.394Z] > command requires scopes: ["email","openid","https://www.googleapis.com/auth/cloudplatformprojects.readonly","https://www.googleapis.com/auth/firebase","https://www.googleapis.com/auth/cloud-platform"]
[debug] [2026-05-03T14:27:58.394Z] > authorizing via signed-in user (kthompson@socfoundry.com)
[debug] [2026-05-03T14:27:58.402Z] > command requires scopes: ["email","openid","https://www.googleapis.com/auth/cloudplatformprojects.readonly","https://www.googleapis.com/auth/firebase","https://www.googleapis.com/auth/cloud-platform"]
[debug] [2026-05-03T14:27:58.402Z] > authorizing via signed-in user (kthompson@socfoundry.com)
[debug] [2026-05-03T14:27:58.490Z] Checked if tokens are valid: false, expires at: 1776003429427
[debug] [2026-05-03T14:27:58.490Z] Checked if tokens are valid: false, expires at: 1776003429427
[debug] [2026-05-03T14:27:58.490Z] > refreshing access token with scopes: []
[debug] [2026-05-03T14:27:58.491Z] >>> [apiv2][query] POST https://www.googleapis.com/oauth2/v3/token [none]
[debug] [2026-05-03T14:27:58.491Z] >>> [apiv2][body] POST https://www.googleapis.com/oauth2/v3/token [omitted]
[debug] [2026-05-03T14:27:58.494Z] Checked if tokens are valid: false, expires at: 1776003429427
[debug] [2026-05-03T14:27:58.494Z] Checked if tokens are valid: false, expires at: 1776003429427
[debug] [2026-05-03T14:27:58.494Z] > refreshing access token with scopes: []
[debug] [2026-05-03T14:27:58.494Z] >>> [apiv2][query] POST https://www.googleapis.com/oauth2/v3/token [none]
[debug] [2026-05-03T14:27:58.494Z] >>> [apiv2][body] POST https://www.googleapis.com/oauth2/v3/token [omitted]
[debug] [2026-05-03T14:27:58.497Z] Checked if tokens are valid: false, expires at: 1776003429427
[debug] [2026-05-03T14:27:58.497Z] Checked if tokens are valid: false, expires at: 1776003429427
[debug] [2026-05-03T14:27:58.497Z] > refreshing access token with scopes: []
[debug] [2026-05-03T14:27:58.497Z] >>> [apiv2][query] POST https://www.googleapis.com/oauth2/v3/token [none]
[debug] [2026-05-03T14:27:58.497Z] >>> [apiv2][body] POST https://www.googleapis.com/oauth2/v3/token [omitted]
[debug] [2026-05-03T14:27:58.621Z] <<< [apiv2][status] POST https://www.googleapis.com/oauth2/v3/token 400
[debug] [2026-05-03T14:27:58.621Z] <<< [apiv2][body] POST https://www.googleapis.com/oauth2/v3/token [omitted]
[error] Authentication Error: Your credentials are no longer valid. Please run firebase login --reauth

For CI servers and headless environments, generate a new token with firebase login:ci
[error] Authentication Error: Your credentials are no longer valid. Please run firebase login --reauth

For CI servers and headless environments, generate a new token with firebase login:ci
[debug] [2026-05-03T14:27:58.636Z] <<< [apiv2][status] POST https://www.googleapis.com/oauth2/v3/token 400
[debug] [2026-05-03T14:27:58.636Z] <<< [apiv2][body] POST https://www.googleapis.com/oauth2/v3/token [omitted]
[error] Authentication Error: Your credentials are no longer valid. Please run firebase login --reauth

For CI servers and headless environments, generate a new token with firebase login:ci
[error] Authentication Error: Your credentials are no longer valid. Please run firebase login --reauth

For CI servers and headless environments, generate a new token with firebase login:ci
[debug] [2026-05-03T14:27:58.642Z] <<< [apiv2][status] POST https://www.googleapis.com/oauth2/v3/token 400
[debug] [2026-05-03T14:27:58.642Z] <<< [apiv2][body] POST https://www.googleapis.com/oauth2/v3/token [omitted]
[error] Authentication Error: Your credentials are no longer valid. Please run firebase login --reauth

For CI servers and headless environments, generate a new token with firebase login:ci
[error] Authentication Error: Your credentials are no longer valid. Please run firebase login --reauth

For CI servers and headless environments, generate a new token with firebase login:ci
[debug] [2026-05-03T14:27:58.659Z] > command requires scopes: ["email","openid","https://www.googleapis.com/auth/cloudplatformprojects.readonly","https://www.googleapis.com/auth/firebase","https://www.googleapis.com/auth/cloud-platform"]
[debug] [2026-05-03T14:27:58.659Z] > authorizing via signed-in user (kthompson@socfoundry.com)
[debug] [2026-05-03T14:27:58.659Z] >>> [apiv2][query] POST https://developerknowledge.googleapis.com/mcp [none]
[debug] [2026-05-03T14:27:58.660Z] >>> [apiv2][body] POST https://developerknowledge.googleapis.com/mcp {"method":"tools/list","jsonrpc":"2.0","id":1}
[debug] [2026-05-03T14:27:58.685Z] > command requires scopes: ["email","openid","https://www.googleapis.com/auth/cloudplatformprojects.readonly","https://www.googleapis.com/auth/firebase","https://www.googleapis.com/auth/cloud-platform"]
[debug] [2026-05-03T14:27:58.685Z] > authorizing via signed-in user (kthompson@socfoundry.com)
[debug] [2026-05-03T14:27:58.686Z] > command requires scopes: ["email","openid","https://www.googleapis.com/auth/cloudplatformprojects.readonly","https://www.googleapis.com/auth/firebase","https://www.googleapis.com/auth/cloud-platform"]
[debug] [2026-05-03T14:27:58.686Z] > authorizing via signed-in user (kthompson@socfoundry.com)
[debug] [2026-05-03T14:27:58.811Z] <<< [apiv2][status] POST https://developerknowledge.googleapis.com/mcp 200
[debug] [2026-05-03T14:27:58.811Z] <<< [apiv2][body] POST https://developerknowledge.googleapis.com/mcp {"id":1,"jsonrpc":"2.0","result":{"tools":[{"annotations":{"destructiveHint":false,"idempotentHint":true,"openWorldHint":false,"readOnlyHint":true},"description":"Use this tool to find documentation about Google developer products. The documents contain official APIs, code snippets, release notes, best practices, guides, debugging info, and more. It covers the following products and domains:\n\n\n* ADK: adk.dev\n\n* Android: developer.android.com\n\n* Apigee: docs.apigee.com\n\n* Chrome: developer.chrome.com\n\n* Firebase: firebase.google.com\n\n* Fuchsia: fuchsia.dev\n\n* Go: go.dev\n\n* Google AI: ai.google.dev\n\n* Google Cloud: docs.cloud.google.com\n\n* Google Developers, Ads, Search, Google Maps, Youtube: developers.google.com\n\n* Google Home: developers.home.google.com\n\n* TensorFlow: www.tensorflow.org\n\n* Web: web.dev\n\n\nThis tool returns chunks of text, names, and URLs for matching documents. If the returned chunks are not detailed enough to answer the user's question, use `get_documents` with the `parent` from this tool's output to retrieve the full document content.\n","inputSchema":{"description":"Request schema for search_documents. Use the query field to search for related Google developer documentation.","properties":{"query":{"description":"Required. The raw query string provided by the user, such as \"How to create a Cloud Storage bucket?\".","type":"string"}},"required":["query"],"type":"object"},"name":"search_documents","outputSchema":{"$defs":{"DocumentChunk":{"description":"A DocumentChunk represents a piece of content from a Document in the DeveloperKnowledge corpus. To fetch the entire document content, pass the `parent` to get_document or batch_get_documents.","properties":{"content":{"description":"Output only. The content of the document chunk.","readOnly":true,"type":"string"},"id":{"description":"Output only. The ID of this chunk within the document. The chunk ID is unique within a document, but not globally unique across documents. The chunk ID is not stable and may change over time.","readOnly":true,"type":"string"},"parent":{"description":"Output only. The resource name of the document this chunk is from. Format: `documents/{uri_without_scheme}` Example: `documents/docs.cloud.google.com/storage/docs/creating-buckets`","readOnly":true,"type":"string"}},"type":"object"}},"description":"Response schema for search_documents.","properties":{"results":{"description":"The search results for the given query. Each Document in this list contains a snippet of content relevant to the search query. Use the DocumentChunk.name field of each result with get_documents to retrieve the full document content.","items":{"$ref":"#/$defs/DocumentChunk"},"type":"array"}},"type":"object"}},{"annotations":{"destructiveHint":false,"idempotentHint":true,"openWorldHint":false,"readOnlyHint":true},"description":"Use answer_query to get a grounded answer to a query about Google developer products. This tool has limited quota. This tool will synthesize information from the corpus to generate an answer to the query. answer_query grounds answers using the same corpus as search_documents. If you get a 429 out of quota error, use search_documents instead.","inputSchema":{"description":"Request message for AnswerQuery.","properties":{"query":{"description":"Required. The query to answer.","type":"string"}},"required":["query"],"type":"object"},"name":"answer_query","outputSchema":{"description":"Response message for AnswerQuery.","properties":{"answerText":{"description":"The answer to the query.","type":"string"}},"type":"object"}},{"annotations":{"destructiveHint":false,"idempotentHint":true,"openWorldHint":false,"readOnlyHint":true},"description":"Use this tool to retrieve the full content of a single document or up to 20 documents in a single call. The document names should be obtained from the `parent` field of results from a call to the `search_documents` tool. Set the `names` parameter to a list of document names.","inputSchema":{"description":"Request schema for get_documents.","properties":{"names":{"description":"Required. The names of the documents to retrieve, as returned by search_documents. A maximum of 20 documents can be retrieved in one call. The documents are returned in the same order as the `names` in the request. Format: `documents/{uri_without_scheme}` Example: `documents/docs.cloud.google.com/storage/docs/creating-buckets`","items":{"type":"string"},"type":"array"}},"required":["names"],"type":"object"},"name":"get_documents","outputSchema":{"$defs":{"Document":{"description":"A Document represents a piece of content from the Developer Knowledge corpus.","properties":{"content":{"description":"Output only. The content of the document in Markdown format.","readOnly":true,"type":"string"},"description":{"description":"Output only. A description of the document.","readOnly":true,"type":"string"},"name":{"description":"Identifier. The resource name of the document. Format: `documents/{uri_without_scheme}` Example: `documents/docs.cloud.google.com/storage/docs/creating-buckets`","type":"string","x-google-identifier":true},"title":{"description":"Output only. The title of the document.","readOnly":true,"type":"string"},"uri":{"description":"Output only. The URI of the content, such as `https://cloud.google.com/storage/docs/creating-buckets`.","readOnly":true,"type":"string"}},"type":"object"}},"description":"Response schema for get_documents.","properties":{"documents":{"description":"Documents requested.","items":{"$ref":"#/$defs/Document"},"type":"array"}},"type":"object"}}]}}
[debug] [2026-05-03T14:27:58.813Z] > command requires scopes: ["email","openid","https://www.googleapis.com/auth/cloudplatformprojects.readonly","https://www.googleapis.com/auth/firebase","https://www.googleapis.com/auth/cloud-platform"]
[debug] [2026-05-03T14:27:58.813Z] > authorizing via signed-in user (kthompson@socfoundry.com)
[debug] [2026-05-09T18:58:31.244Z] > command requires scopes: ["email","openid","https://www.googleapis.com/auth/cloudplatformprojects.readonly","https://www.googleapis.com/auth/firebase","https://www.googleapis.com/auth/cloud-platform"]
[debug] [2026-05-09T18:58:31.245Z] > authorizing via signed-in user (kthompson@socfoundry.com)
[debug] [2026-05-09T18:58:31.245Z] > command requires scopes: ["email","openid","https://www.googleapis.com/auth/cloudplatformprojects.readonly","https://www.googleapis.com/auth/firebase","https://www.googleapis.com/auth/cloud-platform"]
[debug] [2026-05-09T18:58:31.245Z] > authorizing via signed-in user (kthompson@socfoundry.com)
[debug] [2026-05-09T18:58:31.252Z] > command requires scopes: ["email","openid","https://www.googleapis.com/auth/cloudplatformprojects.readonly","https://www.googleapis.com/auth/firebase","https://www.googleapis.com/auth/cloud-platform"]
[debug] [2026-05-09T18:58:31.252Z] > authorizing via signed-in user (kthompson@socfoundry.com)
[debug] [2026-05-09T18:58:31.324Z] Checked if tokens are valid: false, expires at: 1776003429427
[debug] [2026-05-09T18:58:31.324Z] Checked if tokens are valid: false, expires at: 1776003429427
[debug] [2026-05-09T18:58:31.324Z] > refreshing access token with scopes: []
[debug] [2026-05-09T18:58:31.325Z] >>> [apiv2][query] POST https://www.googleapis.com/oauth2/v3/token [none]
[debug] [2026-05-09T18:58:31.325Z] >>> [apiv2][body] POST https://www.googleapis.com/oauth2/v3/token [omitted]
[debug] [2026-05-09T18:58:31.328Z] Checked if tokens are valid: false, expires at: 1776003429427
[debug] [2026-05-09T18:58:31.328Z] Checked if tokens are valid: false, expires at: 1776003429427
[debug] [2026-05-09T18:58:31.328Z] > refreshing access token with scopes: []
[debug] [2026-05-09T18:58:31.329Z] >>> [apiv2][query] POST https://www.googleapis.com/oauth2/v3/token [none]
[debug] [2026-05-09T18:58:31.329Z] >>> [apiv2][body] POST https://www.googleapis.com/oauth2/v3/token [omitted]
[debug] [2026-05-09T18:58:31.332Z] Checked if tokens are valid: false, expires at: 1776003429427
[debug] [2026-05-09T18:58:31.332Z] Checked if tokens are valid: false, expires at: 1776003429427
[debug] [2026-05-09T18:58:31.332Z] > refreshing access token with scopes: []
[debug] [2026-05-09T18:58:31.332Z] >>> [apiv2][query] POST https://www.googleapis.com/oauth2/v3/token [none]
[debug] [2026-05-09T18:58:31.332Z] >>> [apiv2][body] POST https://www.googleapis.com/oauth2/v3/token [omitted]
[debug] [2026-05-09T18:58:31.448Z] <<< [apiv2][status] POST https://www.googleapis.com/oauth2/v3/token 400
[debug] [2026-05-09T18:58:31.448Z] <<< [apiv2][body] POST https://www.googleapis.com/oauth2/v3/token [omitted]
[error] Authentication Error: Your credentials are no longer valid. Please run firebase login --reauth

For CI servers and headless environments, generate a new token with firebase login:ci
[error] Authentication Error: Your credentials are no longer valid. Please run firebase login --reauth

For CI servers and headless environments, generate a new token with firebase login:ci
[debug] [2026-05-09T18:58:31.454Z] <<< [apiv2][status] POST https://www.googleapis.com/oauth2/v3/token 400
[debug] [2026-05-09T18:58:31.455Z] <<< [apiv2][body] POST https://www.googleapis.com/oauth2/v3/token [omitted]
[error] Authentication Error: Your credentials are no longer valid. Please run firebase login --reauth

For CI servers and headless environments, generate a new token with firebase login:ci
[error] Authentication Error: Your credentials are no longer valid. Please run firebase login --reauth

For CI servers and headless environments, generate a new token with firebase login:ci
[debug] [2026-05-09T18:58:31.457Z] <<< [apiv2][status] POST https://www.googleapis.com/oauth2/v3/token 400
[debug] [2026-05-09T18:58:31.457Z] <<< [apiv2][body] POST https://www.googleapis.com/oauth2/v3/token [omitted]
[error] Authentication Error: Your credentials are no longer valid. Please run firebase login --reauth

For CI servers and headless environments, generate a new token with firebase login:ci
[error] Authentication Error: Your credentials are no longer valid. Please run firebase login --reauth

For CI servers and headless environments, generate a new token with firebase login:ci
[debug] [2026-05-09T18:58:31.488Z] > command requires scopes: ["email","openid","https://www.googleapis.com/auth/cloudplatformprojects.readonly","https://www.googleapis.com/auth/firebase","https://www.googleapis.com/auth/cloud-platform"]
[debug] [2026-05-09T18:58:31.488Z] > authorizing via signed-in user (kthompson@socfoundry.com)
[debug] [2026-05-09T18:58:31.489Z] > command requires scopes: ["email","openid","https://www.googleapis.com/auth/cloudplatformprojects.readonly","https://www.googleapis.com/auth/firebase","https://www.googleapis.com/auth/cloud-platform"]
[debug] [2026-05-09T18:58:31.489Z] > authorizing via signed-in user (kthompson@socfoundry.com)
[debug] [2026-05-09T18:58:31.501Z] > command requires scopes: ["email","openid","https://www.googleapis.com/auth/cloudplatformprojects.readonly","https://www.googleapis.com/auth/firebase","https://www.googleapis.com/auth/cloud-platform"]
[debug] [2026-05-09T18:58:31.502Z] > authorizing via signed-in user (kthompson@socfoundry.com)
[debug] [2026-05-09T18:58:31.502Z] >>> [apiv2][query] POST https://developerknowledge.googleapis.com/mcp [none]
[debug] [2026-05-09T18:58:31.502Z] >>> [apiv2][body] POST https://developerknowledge.googleapis.com/mcp {"method":"tools/list","jsonrpc":"2.0","id":1}
[debug] [2026-05-09T18:58:31.681Z] <<< [apiv2][status] POST https://developerknowledge.googleapis.com/mcp 200
[debug] [2026-05-09T18:58:31.681Z] <<< [apiv2][body] POST https://developerknowledge.googleapis.com/mcp {"id":1,"jsonrpc":"2.0","result":{"tools":[{"annotations":{"destructiveHint":false,"idempotentHint":true,"openWorldHint":false,"readOnlyHint":true},"description":"Use this tool to find documentation about Google developer products. The documents contain official APIs, code snippets, release notes, best practices, guides, debugging info, and more. It covers the following products and domains:\n\n\n* ADK: adk.dev\n\n* Android: developer.android.com\n\n* Apigee: docs.apigee.com\n\n* Chrome: developer.chrome.com\n\n* Firebase: firebase.google.com\n\n* Fuchsia: fuchsia.dev\n\n* Go: go.dev\n\n* Google AI: ai.google.dev\n\n* Google Cloud: docs.cloud.google.com\n\n* Google Developers, Ads, Search, Google Maps, Youtube: developers.google.com\n\n* Google Home: developers.home.google.com\n\n* TensorFlow: www.tensorflow.org\n\n* Web: web.dev\n\n\nThis tool returns chunks of text, names, and URLs for matching documents. If the returned chunks are not detailed enough to answer the user's question, use `get_documents` with the `parent` from this tool's output to retrieve the full document content.\n","inputSchema":{"description":"Request schema for search_documents. Use the query field to search for related Google developer documentation.","properties":{"query":{"description":"Required. The raw query string provided by the user, such as \"How to create a Cloud Storage bucket?\".","type":"string"}},"required":["query"],"type":"object"},"name":"search_documents","outputSchema":{"$defs":{"DocumentChunk":{"description":"A DocumentChunk represents a piece of content from a Document in the DeveloperKnowledge corpus. To fetch the entire document content, pass the `parent` to get_document or batch_get_documents.","properties":{"content":{"description":"Output only. The content of the document chunk.","readOnly":true,"type":"string"},"id":{"description":"Output only. The ID of this chunk within the document. The chunk ID is unique within a document, but not globally unique across documents. The chunk ID is not stable and may change over time.","readOnly":true,"type":"string"},"parent":{"description":"Output only. The resource name of the document this chunk is from. Format: `documents/{uri_without_scheme}` Example: `documents/docs.cloud.google.com/storage/docs/creating-buckets`","readOnly":true,"type":"string"}},"type":"object"}},"description":"Response schema for search_documents.","properties":{"results":{"description":"The search results for the given query. Each Document in this list contains a snippet of content relevant to the search query. Use the DocumentChunk.name field of each result with get_documents to retrieve the full document content.","items":{"$ref":"#/$defs/DocumentChunk"},"type":"array"}},"type":"object"}},{"annotations":{"destructiveHint":false,"idempotentHint":true,"openWorldHint":false,"readOnlyHint":true},"description":"Use answer_query to get a grounded answer to a query about Google developer products. This tool has limited quota. This tool will synthesize information from the corpus to generate an answer to the query. answer_query grounds answers using the same corpus as search_documents. If you get a 429 out of quota error, use search_documents instead.","inputSchema":{"description":"Request message for AnswerQuery.","properties":{"query":{"description":"Required. The query to answer.","type":"string"}},"required":["query"],"type":"object"},"name":"answer_query","outputSchema":{"description":"Response message for AnswerQuery.","properties":{"answerText":{"description":"The answer to the query.","type":"string"}},"type":"object"}},{"annotations":{"destructiveHint":false,"idempotentHint":true,"openWorldHint":false,"readOnlyHint":true},"description":"Use this tool to retrieve the full content of a single document or up to 20 documents in a single call. The document names should be obtained from the `parent` field of results from a call to the `search_documents` tool. Set the `names` parameter to a list of document names.","inputSchema":{"description":"Request schema for get_documents.","properties":{"names":{"description":"Required. The names of the documents to retrieve, as returned by search_documents. A maximum of 20 documents can be retrieved in one call. The documents are returned in the same order as the `names` in the request. Format: `documents/{uri_without_scheme}` Example: `documents/docs.cloud.google.com/storage/docs/creating-buckets`","items":{"type":"string"},"type":"array"}},"required":["names"],"type":"object"},"name":"get_documents","outputSchema":{"$defs":{"Document":{"description":"A Document represents a piece of content from the Developer Knowledge corpus.","properties":{"content":{"description":"Output only. The content of the document in Markdown format.","readOnly":true,"type":"string"},"description":{"description":"Output only. A description of the document.","readOnly":true,"type":"string"},"name":{"description":"Identifier. The resource name of the document. Format: `documents/{uri_without_scheme}` Example: `documents/docs.cloud.google.com/storage/docs/creating-buckets`","type":"string","x-google-identifier":true},"title":{"description":"Output only. The title of the document.","readOnly":true,"type":"string"},"uri":{"description":"Output only. The URI of the content, such as `https://cloud.google.com/storage/docs/creating-buckets`.","readOnly":true,"type":"string"}},"type":"object"}},"description":"Response schema for get_documents.","properties":{"documents":{"description":"Documents requested.","items":{"$ref":"#/$defs/Document"},"type":"array"}},"type":"object"}}]}}
[debug] [2026-05-09T18:58:31.683Z] > command requires scopes: ["email","openid","https://www.googleapis.com/auth/cloudplatformprojects.readonly","https://www.googleapis.com/auth/firebase","https://www.googleapis.com/auth/cloud-platform"]
[debug] [2026-05-09T18:58:31.683Z] > authorizing via signed-in user (kthompson@socfoundry.com)
[debug] [2026-05-09T18:59:07.936Z] > command requires scopes: ["email","openid","https://www.googleapis.com/auth/cloudplatformprojects.readonly","https://www.googleapis.com/auth/firebase","https://www.googleapis.com/auth/cloud-platform"]
[debug] [2026-05-09T18:59:07.937Z] > authorizing via signed-in user (kthompson@socfoundry.com)
[debug] [2026-05-09T18:59:07.937Z] > command requires scopes: ["email","openid","https://www.googleapis.com/auth/cloudplatformprojects.readonly","https://www.googleapis.com/auth/firebase","https://www.googleapis.com/auth/cloud-platform"]
[debug] [2026-05-09T18:59:07.937Z] > authorizing via signed-in user (kthompson@socfoundry.com)
[debug] [2026-05-09T18:59:07.946Z] > command requires scopes: ["email","openid","https://www.googleapis.com/auth/cloudplatformprojects.readonly","https://www.googleapis.com/auth/firebase","https://www.googleapis.com/auth/cloud-platform"]
[debug] [2026-05-09T18:59:07.946Z] > authorizing via signed-in user (kthompson@socfoundry.com)
[debug] [2026-05-09T18:59:08.030Z] Checked if tokens are valid: false, expires at: 1776003429427
[debug] [2026-05-09T18:59:08.030Z] Checked if tokens are valid: false, expires at: 1776003429427
[debug] [2026-05-09T18:59:08.030Z] > refreshing access token with scopes: []
[debug] [2026-05-09T18:59:08.031Z] >>> [apiv2][query] POST https://www.googleapis.com/oauth2/v3/token [none]
[debug] [2026-05-09T18:59:08.031Z] >>> [apiv2][body] POST https://www.googleapis.com/oauth2/v3/token [omitted]
[debug] [2026-05-09T18:59:08.034Z] Checked if tokens are valid: false, expires at: 1776003429427
[debug] [2026-05-09T18:59:08.034Z] Checked if tokens are valid: false, expires at: 1776003429427
[debug] [2026-05-09T18:59:08.034Z] > refreshing access token with scopes: []
[debug] [2026-05-09T18:59:08.034Z] >>> [apiv2][query] POST https://www.googleapis.com/oauth2/v3/token [none]
[debug] [2026-05-09T18:59:08.034Z] >>> [apiv2][body] POST https://www.googleapis.com/oauth2/v3/token [omitted]
[debug] [2026-05-09T18:59:08.038Z] Checked if tokens are valid: false, expires at: 1776003429427
[debug] [2026-05-09T18:59:08.038Z] Checked if tokens are valid: false, expires at: 1776003429427
[debug] [2026-05-09T18:59:08.038Z] > refreshing access token with scopes: []
[debug] [2026-05-09T18:59:08.038Z] >>> [apiv2][query] POST https://www.googleapis.com/oauth2/v3/token [none]
[debug] [2026-05-09T18:59:08.038Z] >>> [apiv2][body] POST https://www.googleapis.com/oauth2/v3/token [omitted]
[debug] [2026-05-09T18:59:08.139Z] <<< [apiv2][status] POST https://www.googleapis.com/oauth2/v3/token 400
[debug] [2026-05-09T18:59:08.139Z] <<< [apiv2][body] POST https://www.googleapis.com/oauth2/v3/token [omitted]
[error] Authentication Error: Your credentials are no longer valid. Please run firebase login --reauth

For CI servers and headless environments, generate a new token with firebase login:ci
[error] Authentication Error: Your credentials are no longer valid. Please run firebase login --reauth

For CI servers and headless environments, generate a new token with firebase login:ci
[debug] [2026-05-09T18:59:08.148Z] <<< [apiv2][status] POST https://www.googleapis.com/oauth2/v3/token 400
[debug] [2026-05-09T18:59:08.148Z] <<< [apiv2][body] POST https://www.googleapis.com/oauth2/v3/token [omitted]
[error] Authentication Error: Your credentials are no longer valid. Please run firebase login --reauth

For CI servers and headless environments, generate a new token with firebase login:ci
[error] Authentication Error: Your credentials are no longer valid. Please run firebase login --reauth

For CI servers and headless environments, generate a new token with firebase login:ci
[debug] [2026-05-09T18:59:08.154Z] <<< [apiv2][status] POST https://www.googleapis.com/oauth2/v3/token 400
[debug] [2026-05-09T18:59:08.154Z] <<< [apiv2][body] POST https://www.googleapis.com/oauth2/v3/token [omitted]
[error] Authentication Error: Your credentials are no longer valid. Please run firebase login --reauth

For CI servers and headless environments, generate a new token with firebase login:ci
[error] Authentication Error: Your credentials are no longer valid. Please run firebase login --reauth

For CI servers and headless environments, generate a new token with firebase login:ci
[debug] [2026-05-09T18:59:08.182Z] > command requires scopes: ["email","openid","https://www.googleapis.com/auth/cloudplatformprojects.readonly","https://www.googleapis.com/auth/firebase","https://www.googleapis.com/auth/cloud-platform"]
[debug] [2026-05-09T18:59:08.182Z] > authorizing via signed-in user (kthompson@socfoundry.com)
[debug] [2026-05-09T18:59:08.182Z] >>> [apiv2][query] POST https://developerknowledge.googleapis.com/mcp [none]
[debug] [2026-05-09T18:59:08.182Z] >>> [apiv2][body] POST https://developerknowledge.googleapis.com/mcp {"method":"tools/list","jsonrpc":"2.0","id":1}
[debug] [2026-05-09T18:59:08.196Z] > command requires scopes: ["email","openid","https://www.googleapis.com/auth/cloudplatformprojects.readonly","https://www.googleapis.com/auth/firebase","https://www.googleapis.com/auth/cloud-platform"]
[debug] [2026-05-09T18:59:08.196Z] > authorizing via signed-in user (kthompson@socfoundry.com)
[debug] [2026-05-09T18:59:08.196Z] > command requires scopes: ["email","openid","https://www.googleapis.com/auth/cloudplatformprojects.readonly","https://www.googleapis.com/auth/firebase","https://www.googleapis.com/auth/cloud-platform"]
[debug] [2026-05-09T18:59:08.196Z] > authorizing via signed-in user (kthompson@socfoundry.com)
[debug] [2026-05-09T18:59:08.294Z] <<< [apiv2][status] POST https://developerknowledge.googleapis.com/mcp 200
[debug] [2026-05-09T18:59:08.294Z] <<< [apiv2][body] POST https://developerknowledge.googleapis.com/mcp {"id":1,"jsonrpc":"2.0","result":{"tools":[{"annotations":{"destructiveHint":false,"idempotentHint":true,"openWorldHint":false,"readOnlyHint":true},"description":"Use this tool to find documentation about Google developer products. The documents contain official APIs, code snippets, release notes, best practices, guides, debugging info, and more. It covers the following products and domains:\n\n\n* ADK: adk.dev\n\n* Android: developer.android.com\n\n* Apigee: docs.apigee.com\n\n* Chrome: developer.chrome.com\n\n* Firebase: firebase.google.com\n\n* Fuchsia: fuchsia.dev\n\n* Go: go.dev\n\n* Google AI: ai.google.dev\n\n* Google Cloud: docs.cloud.google.com\n\n* Google Developers, Ads, Search, Google Maps, Youtube: developers.google.com\n\n* Google Home: developers.home.google.com\n\n* TensorFlow: www.tensorflow.org\n\n* Web: web.dev\n\n\nThis tool returns chunks of text, names, and URLs for matching documents. If the returned chunks are not detailed enough to answer the user's question, use `get_documents` with the `parent` from this tool's output to retrieve the full document content.\n","inputSchema":{"description":"Request schema for search_documents. Use the query field to search for related Google developer documentation.","properties":{"query":{"description":"Required. The raw query string provided by the user, such as \"How to create a Cloud Storage bucket?\".","type":"string"}},"required":["query"],"type":"object"},"name":"search_documents","outputSchema":{"$defs":{"DocumentChunk":{"description":"A DocumentChunk represents a piece of content from a Document in the DeveloperKnowledge corpus. To fetch the entire document content, pass the `parent` to get_document or batch_get_documents.","properties":{"content":{"description":"Output only. The content of the document chunk.","readOnly":true,"type":"string"},"id":{"description":"Output only. The ID of this chunk within the document. The chunk ID is unique within a document, but not globally unique across documents. The chunk ID is not stable and may change over time.","readOnly":true,"type":"string"},"parent":{"description":"Output only. The resource name of the document this chunk is from. Format: `documents/{uri_without_scheme}` Example: `documents/docs.cloud.google.com/storage/docs/creating-buckets`","readOnly":true,"type":"string"}},"type":"object"}},"description":"Response schema for search_documents.","properties":{"results":{"description":"The search results for the given query. Each Document in this list contains a snippet of content relevant to the search query. Use the DocumentChunk.name field of each result with get_documents to retrieve the full document content.","items":{"$ref":"#/$defs/DocumentChunk"},"type":"array"}},"type":"object"}},{"annotations":{"destructiveHint":false,"idempotentHint":true,"openWorldHint":false,"readOnlyHint":true},"description":"Use answer_query to get a grounded answer to a query about Google developer products. This tool has limited quota. This tool will synthesize information from the corpus to generate an answer to the query. answer_query grounds answers using the same corpus as search_documents. If you get a 429 out of quota error, use search_documents instead.","inputSchema":{"description":"Request message for AnswerQuery.","properties":{"query":{"description":"Required. The query to answer.","type":"string"}},"required":["query"],"type":"object"},"name":"answer_query","outputSchema":{"description":"Response message for AnswerQuery.","properties":{"answerText":{"description":"The answer to the query.","type":"string"}},"type":"object"}},{"annotations":{"destructiveHint":false,"idempotentHint":true,"openWorldHint":false,"readOnlyHint":true},"description":"Use this tool to retrieve the full content of a single document or up to 20 documents in a single call. The document names should be obtained from the `parent` field of results from a call to the `search_documents` tool. Set the `names` parameter to a list of document names.","inputSchema":{"description":"Request schema for get_documents.","properties":{"names":{"description":"Required. The names of the documents to retrieve, as returned by search_documents. A maximum of 20 documents can be retrieved in one call. The documents are returned in the same order as the `names` in the request. Format: `documents/{uri_without_scheme}` Example: `documents/docs.cloud.google.com/storage/docs/creating-buckets`","items":{"type":"string"},"type":"array"}},"required":["names"],"type":"object"},"name":"get_documents","outputSchema":{"$defs":{"Document":{"description":"A Document represents a piece of content from the Developer Knowledge corpus.","properties":{"content":{"description":"Output only. The content of the document in Markdown format.","readOnly":true,"type":"string"},"description":{"description":"Output only. A description of the document.","readOnly":true,"type":"string"},"name":{"description":"Identifier. The resource name of the document. Format: `documents/{uri_without_scheme}` Example: `documents/docs.cloud.google.com/storage/docs/creating-buckets`","type":"string","x-google-identifier":true},"title":{"description":"Output only. The title of the document.","readOnly":true,"type":"string"},"uri":{"description":"Output only. The URI of the content, such as `https://cloud.google.com/storage/docs/creating-buckets`.","readOnly":true,"type":"string"}},"type":"object"}},"description":"Response schema for get_documents.","properties":{"documents":{"description":"Documents requested.","items":{"$ref":"#/$defs/Document"},"type":"array"}},"type":"object"}}]}}
[debug] [2026-05-09T18:59:08.295Z] > command requires scopes: ["email","openid","https://www.googleapis.com/auth/cloudplatformprojects.readonly","https://www.googleapis.com/auth/firebase","https://www.googleapis.com/auth/cloud-platform"]
[debug] [2026-05-09T18:59:08.295Z] > authorizing via signed-in user (kthompson@socfoundry.com)
[debug] [2026-05-10T02:45:48.779Z] > command requires scopes: ["email","openid","https://www.googleapis.com/auth/cloudplatformprojects.readonly","https://www.googleapis.com/auth/firebase","https://www.googleapis.com/auth/cloud-platform"]
[debug] [2026-05-10T02:45:48.780Z] > authorizing via signed-in user (kthompson@socfoundry.com)
[debug] [2026-05-10T02:45:48.780Z] > command requires scopes: ["email","openid","https://www.googleapis.com/auth/cloudplatformprojects.readonly","https://www.googleapis.com/auth/firebase","https://www.googleapis.com/auth/cloud-platform"]
[debug] [2026-05-10T02:45:48.780Z] > authorizing via signed-in user (kthompson@socfoundry.com)
[debug] [2026-05-10T02:45:48.788Z] > command requires scopes: ["email","openid","https://www.googleapis.com/auth/cloudplatformprojects.readonly","https://www.googleapis.com/auth/firebase","https://www.googleapis.com/auth/cloud-platform"]
[debug] [2026-05-10T02:45:48.788Z] > authorizing via signed-in user (kthompson@socfoundry.com)
[debug] [2026-05-10T02:45:48.887Z] Checked if tokens are valid: false, expires at: 1776003429427
[debug] [2026-05-10T02:45:48.887Z] Checked if tokens are valid: false, expires at: 1776003429427
[debug] [2026-05-10T02:45:48.887Z] > refreshing access token with scopes: []
[debug] [2026-05-10T02:45:48.888Z] >>> [apiv2][query] POST https://www.googleapis.com/oauth2/v3/token [none]
[debug] [2026-05-10T02:45:48.888Z] >>> [apiv2][body] POST https://www.googleapis.com/oauth2/v3/token [omitted]
[debug] [2026-05-10T02:45:48.894Z] Checked if tokens are valid: false, expires at: 1776003429427
[debug] [2026-05-10T02:45:48.894Z] Checked if tokens are valid: false, expires at: 1776003429427
[debug] [2026-05-10T02:45:48.894Z] > refreshing access token with scopes: []
[debug] [2026-05-10T02:45:48.894Z] >>> [apiv2][query] POST https://www.googleapis.com/oauth2/v3/token [none]
[debug] [2026-05-10T02:45:48.894Z] >>> [apiv2][body] POST https://www.googleapis.com/oauth2/v3/token [omitted]
[debug] [2026-05-10T02:45:48.898Z] Checked if tokens are valid: false, expires at: 1776003429427
[debug] [2026-05-10T02:45:48.899Z] Checked if tokens are valid: false, expires at: 1776003429427
[debug] [2026-05-10T02:45:48.899Z] > refreshing access token with scopes: []
[debug] [2026-05-10T02:45:48.899Z] >>> [apiv2][query] POST https://www.googleapis.com/oauth2/v3/token [none]
[debug] [2026-05-10T02:45:48.899Z] >>> [apiv2][body] POST https://www.googleapis.com/oauth2/v3/token [omitted]
[debug] [2026-05-10T02:45:49.028Z] <<< [apiv2][status] POST https://www.googleapis.com/oauth2/v3/token 400
[debug] [2026-05-10T02:45:49.028Z] <<< [apiv2][body] POST https://www.googleapis.com/oauth2/v3/token [omitted]
[error] Authentication Error: Your credentials are no longer valid. Please run firebase login --reauth

For CI servers and headless environments, generate a new token with firebase login:ci
[error] Authentication Error: Your credentials are no longer valid. Please run firebase login --reauth

For CI servers and headless environments, generate a new token with firebase login:ci
[debug] [2026-05-10T02:45:49.028Z] <<< [apiv2][status] POST https://www.googleapis.com/oauth2/v3/token 400
[debug] [2026-05-10T02:45:49.028Z] <<< [apiv2][body] POST https://www.googleapis.com/oauth2/v3/token [omitted]
[error] Authentication Error: Your credentials are no longer valid. Please run firebase login --reauth

For CI servers and headless environments, generate a new token with firebase login:ci
[error] Authentication Error: Your credentials are no longer valid. Please run firebase login --reauth

For CI servers and headless environments, generate a new token with firebase login:ci
[debug] [2026-05-10T02:45:49.043Z] <<< [apiv2][status] POST https://www.googleapis.com/oauth2/v3/token 400
[debug] [2026-05-10T02:45:49.043Z] <<< [apiv2][body] POST https://www.googleapis.com/oauth2/v3/token [omitted]
[error] Authentication Error: Your credentials are no longer valid. Please run firebase login --reauth

For CI servers and headless environments, generate a new token with firebase login:ci
[error] Authentication Error: Your credentials are no longer valid. Please run firebase login --reauth

For CI servers and headless environments, generate a new token with firebase login:ci
[debug] [2026-05-10T02:45:49.068Z] > command requires scopes: ["email","openid","https://www.googleapis.com/auth/cloudplatformprojects.readonly","https://www.googleapis.com/auth/firebase","https://www.googleapis.com/auth/cloud-platform"]
[debug] [2026-05-10T02:45:49.068Z] > authorizing via signed-in user (kthompson@socfoundry.com)
[debug] [2026-05-10T02:45:49.068Z] > command requires scopes: ["email","openid","https://www.googleapis.com/auth/cloudplatformprojects.readonly","https://www.googleapis.com/auth/firebase","https://www.googleapis.com/auth/cloud-platform"]
[debug] [2026-05-10T02:45:49.068Z] > authorizing via signed-in user (kthompson@socfoundry.com)
[debug] [2026-05-10T02:45:49.090Z] > command requires scopes: ["email","openid","https://www.googleapis.com/auth/cloudplatformprojects.readonly","https://www.googleapis.com/auth/firebase","https://www.googleapis.com/auth/cloud-platform"]
[debug] [2026-05-10T02:45:49.090Z] > authorizing via signed-in user (kthompson@socfoundry.com)
[debug] [2026-05-10T02:45:49.090Z] >>> [apiv2][query] POST https://developerknowledge.googleapis.com/mcp [none]
[debug] [2026-05-10T02:45:49.090Z] >>> [apiv2][body] POST https://developerknowledge.googleapis.com/mcp {"method":"tools/list","jsonrpc":"2.0","id":1}
[debug] [2026-05-10T02:45:49.249Z] <<< [apiv2][status] POST https://developerknowledge.googleapis.com/mcp 200
[debug] [2026-05-10T02:45:49.249Z] <<< [apiv2][body] POST https://developerknowledge.googleapis.com/mcp {"id":1,"jsonrpc":"2.0","result":{"tools":[{"annotations":{"destructiveHint":false,"idempotentHint":true,"openWorldHint":false,"readOnlyHint":true},"description":"Use this tool to find documentation about Google developer products. The documents contain official APIs, code snippets, release notes, best practices, guides, debugging info, and more. It covers the following products and domains:\n\n\n* ADK: adk.dev\n\n* Android: developer.android.com\n\n* Apigee: docs.apigee.com\n\n* Chrome: developer.chrome.com\n\n* Firebase: firebase.google.com\n\n* Fuchsia: fuchsia.dev\n\n* Go: go.dev\n\n* Google AI: ai.google.dev\n\n* Google Cloud: docs.cloud.google.com\n\n* Google Developers, Ads, Search, Google Maps, Youtube: developers.google.com\n\n* Google Home: developers.home.google.com\n\n* TensorFlow: www.tensorflow.org\n\n* Web: web.dev\n\n\nThis tool returns chunks of text, names, and URLs for matching documents. If the returned chunks are not detailed enough to answer the user's question, use `get_documents` with the `parent` from this tool's output to retrieve the full document content.\n","inputSchema":{"description":"Request schema for search_documents. Use the query field to search for related Google developer documentation.","properties":{"query":{"description":"Required. The raw query string provided by the user, such as \"How to create a Cloud Storage bucket?\".","type":"string"}},"required":["query"],"type":"object"},"name":"search_documents","outputSchema":{"$defs":{"DocumentChunk":{"description":"A DocumentChunk represents a piece of content from a Document in the DeveloperKnowledge corpus. To fetch the entire document content, pass the `parent` to get_document or batch_get_documents.","properties":{"content":{"description":"Output only. The content of the document chunk.","readOnly":true,"type":"string"},"id":{"description":"Output only. The ID of this chunk within the document. The chunk ID is unique within a document, but not globally unique across documents. The chunk ID is not stable and may change over time.","readOnly":true,"type":"string"},"parent":{"description":"Output only. The resource name of the document this chunk is from. Format: `documents/{uri_without_scheme}` Example: `documents/docs.cloud.google.com/storage/docs/creating-buckets`","readOnly":true,"type":"string"}},"type":"object"}},"description":"Response schema for search_documents.","properties":{"results":{"description":"The search results for the given query. Each Document in this list contains a snippet of content relevant to the search query. Use the DocumentChunk.name field of each result with get_documents to retrieve the full document content.","items":{"$ref":"#/$defs/DocumentChunk"},"type":"array"}},"type":"object"}},{"annotations":{"destructiveHint":false,"idempotentHint":true,"openWorldHint":false,"readOnlyHint":true},"description":"Use answer_query to get a grounded answer to a query about Google developer products. This tool has limited quota. This tool will synthesize information from the corpus to generate an answer to the query. answer_query grounds answers using the same corpus as search_documents. If you get a 429 out of quota error, use search_documents instead.","inputSchema":{"description":"Request message for AnswerQuery.","properties":{"query":{"description":"Required. The query to answer.","type":"string"}},"required":["query"],"type":"object"},"name":"answer_query","outputSchema":{"description":"Response message for AnswerQuery.","properties":{"answerText":{"description":"The answer to the query.","type":"string"}},"type":"object"}},{"annotations":{"destructiveHint":false,"idempotentHint":true,"openWorldHint":false,"readOnlyHint":true},"description":"Use this tool to retrieve the full content of a single document or up to 20 documents in a single call. The document names should be obtained from the `parent` field of results from a call to the `search_documents` tool. Set the `names` parameter to a list of document names.","inputSchema":{"description":"Request schema for get_documents.","properties":{"names":{"description":"Required. The names of the documents to retrieve, as returned by search_documents. A maximum of 20 documents can be retrieved in one call. The documents are returned in the same order as the `names` in the request. Format: `documents/{uri_without_scheme}` Example: `documents/docs.cloud.google.com/storage/docs/creating-buckets`","items":{"type":"string"},"type":"array"}},"required":["names"],"type":"object"},"name":"get_documents","outputSchema":{"$defs":{"Document":{"description":"A Document represents a piece of content from the Developer Knowledge corpus.","properties":{"content":{"description":"Output only. The content of the document in Markdown format.","readOnly":true,"type":"string"},"description":{"description":"Output only. A description of the document.","readOnly":true,"type":"string"},"name":{"description":"Identifier. The resource name of the document. Format: `documents/{uri_without_scheme}` Example: `documents/docs.cloud.google.com/storage/docs/creating-buckets`","type":"string","x-google-identifier":true},"title":{"description":"Output only. The title of the document.","readOnly":true,"type":"string"},"uri":{"description":"Output only. The URI of the content, such as `https://cloud.google.com/storage/docs/creating-buckets`.","readOnly":true,"type":"string"}},"type":"object"}},"description":"Response schema for get_documents.","properties":{"documents":{"description":"Documents requested.","items":{"$ref":"#/$defs/Document"},"type":"array"}},"type":"object"}}]}}
[debug] [2026-05-10T02:45:49.253Z] > command requires scopes: ["email","openid","https://www.googleapis.com/auth/cloudplatformprojects.readonly","https://www.googleapis.com/auth/firebase","https://www.googleapis.com/auth/cloud-platform"]
[debug] [2026-05-10T02:45:49.254Z] > authorizing via signed-in user (kthompson@socfoundry.com)
[debug] [2026-05-10T02:50:22.812Z] > command requires scopes: ["email","openid","https://www.googleapis.com/auth/cloudplatformprojects.readonly","https://www.googleapis.com/auth/firebase","https://www.googleapis.com/auth/cloud-platform"]
[debug] [2026-05-10T02:50:22.813Z] > authorizing via signed-in user (kthompson@socfoundry.com)
[debug] [2026-05-10T02:50:22.813Z] > command requires scopes: ["email","openid","https://www.googleapis.com/auth/cloudplatformprojects.readonly","https://www.googleapis.com/auth/firebase","https://www.googleapis.com/auth/cloud-platform"]
[debug] [2026-05-10T02:50:22.813Z] > authorizing via signed-in user (kthompson@socfoundry.com)
[debug] [2026-05-10T02:50:22.822Z] > command requires scopes: ["email","openid","https://www.googleapis.com/auth/cloudplatformprojects.readonly","https://www.googleapis.com/auth/firebase","https://www.googleapis.com/auth/cloud-platform"]
[debug] [2026-05-10T02:50:22.822Z] > authorizing via signed-in user (kthompson@socfoundry.com)
[debug] [2026-05-10T02:50:22.909Z] Checked if tokens are valid: false, expires at: 1776003429427
[debug] [2026-05-10T02:50:22.909Z] Checked if tokens are valid: false, expires at: 1776003429427
[debug] [2026-05-10T02:50:22.909Z] > refreshing access token with scopes: []
[debug] [2026-05-10T02:50:22.910Z] >>> [apiv2][query] POST https://www.googleapis.com/oauth2/v3/token [none]
[debug] [2026-05-10T02:50:22.910Z] >>> [apiv2][body] POST https://www.googleapis.com/oauth2/v3/token [omitted]
[debug] [2026-05-10T02:50:22.913Z] Checked if tokens are valid: false, expires at: 1776003429427
[debug] [2026-05-10T02:50:22.913Z] Checked if tokens are valid: false, expires at: 1776003429427
[debug] [2026-05-10T02:50:22.913Z] > refreshing access token with scopes: []
[debug] [2026-05-10T02:50:22.913Z] >>> [apiv2][query] POST https://www.googleapis.com/oauth2/v3/token [none]
[debug] [2026-05-10T02:50:22.913Z] >>> [apiv2][body] POST https://www.googleapis.com/oauth2/v3/token [omitted]
[debug] [2026-05-10T02:50:22.916Z] Checked if tokens are valid: false, expires at: 1776003429427
[debug] [2026-05-10T02:50:22.916Z] Checked if tokens are valid: false, expires at: 1776003429427
[debug] [2026-05-10T02:50:22.916Z] > refreshing access token with scopes: []
[debug] [2026-05-10T02:50:22.916Z] >>> [apiv2][query] POST https://www.googleapis.com/oauth2/v3/token [none]
[debug] [2026-05-10T02:50:22.916Z] >>> [apiv2][body] POST https://www.googleapis.com/oauth2/v3/token [omitted]
[debug] [2026-05-10T02:50:23.025Z] <<< [apiv2][status] POST https://www.googleapis.com/oauth2/v3/token 400
[debug] [2026-05-10T02:50:23.025Z] <<< [apiv2][body] POST https://www.googleapis.com/oauth2/v3/token [omitted]
[error] Authentication Error: Your credentials are no longer valid. Please run firebase login --reauth

For CI servers and headless environments, generate a new token with firebase login:ci
[error] Authentication Error: Your credentials are no longer valid. Please run firebase login --reauth

For CI servers and headless environments, generate a new token with firebase login:ci
[debug] [2026-05-10T02:50:23.026Z] <<< [apiv2][status] POST https://www.googleapis.com/oauth2/v3/token 400
[debug] [2026-05-10T02:50:23.026Z] <<< [apiv2][body] POST https://www.googleapis.com/oauth2/v3/token [omitted]
[error] Authentication Error: Your credentials are no longer valid. Please run firebase login --reauth

For CI servers and headless environments, generate a new token with firebase login:ci
[error] Authentication Error: Your credentials are no longer valid. Please run firebase login --reauth

For CI servers and headless environments, generate a new token with firebase login:ci
[debug] [2026-05-10T02:50:23.030Z] <<< [apiv2][status] POST https://www.googleapis.com/oauth2/v3/token 400
[debug] [2026-05-10T02:50:23.030Z] <<< [apiv2][body] POST https://www.googleapis.com/oauth2/v3/token [omitted]
[error] Authentication Error: Your credentials are no longer valid. Please run firebase login --reauth

For CI servers and headless environments, generate a new token with firebase login:ci
[error] Authentication Error: Your credentials are no longer valid. Please run firebase login --reauth

For CI servers and headless environments, generate a new token with firebase login:ci
[debug] [2026-05-10T02:50:23.067Z] > command requires scopes: ["email","openid","https://www.googleapis.com/auth/cloudplatformprojects.readonly","https://www.googleapis.com/auth/firebase","https://www.googleapis.com/auth/cloud-platform"]
[debug] [2026-05-10T02:50:23.067Z] > authorizing via signed-in user (kthompson@socfoundry.com)
[debug] [2026-05-10T02:50:23.067Z] >>> [apiv2][query] POST https://developerknowledge.googleapis.com/mcp [none]
[debug] [2026-05-10T02:50:23.068Z] >>> [apiv2][body] POST https://developerknowledge.googleapis.com/mcp {"method":"tools/list","jsonrpc":"2.0","id":1}
[debug] [2026-05-10T02:50:23.075Z] > command requires scopes: ["email","openid","https://www.googleapis.com/auth/cloudplatformprojects.readonly","https://www.googleapis.com/auth/firebase","https://www.googleapis.com/auth/cloud-platform"]
[debug] [2026-05-10T02:50:23.075Z] > authorizing via signed-in user (kthompson@socfoundry.com)
[debug] [2026-05-10T02:50:23.075Z] > command requires scopes: ["email","openid","https://www.googleapis.com/auth/cloudplatformprojects.readonly","https://www.googleapis.com/auth/firebase","https://www.googleapis.com/auth/cloud-platform"]
[debug] [2026-05-10T02:50:23.075Z] > authorizing via signed-in user (kthompson@socfoundry.com)
[debug] [2026-05-10T02:50:23.210Z] <<< [apiv2][status] POST https://developerknowledge.googleapis.com/mcp 200
[debug] [2026-05-10T02:50:23.210Z] <<< [apiv2][body] POST https://developerknowledge.googleapis.com/mcp {"id":1,"jsonrpc":"2.0","result":{"tools":[{"annotations":{"destructiveHint":false,"idempotentHint":true,"openWorldHint":false,"readOnlyHint":true},"description":"Use this tool to find documentation about Google developer products. The documents contain official APIs, code snippets, release notes, best practices, guides, debugging info, and more. It covers the following products and domains:\n\n\n* ADK: adk.dev\n\n* Android: developer.android.com\n\n* Apigee: docs.apigee.com\n\n* Chrome: developer.chrome.com\n\n* Firebase: firebase.google.com\n\n* Fuchsia: fuchsia.dev\n\n* Go: go.dev\n\n* Google AI: ai.google.dev\n\n* Google Cloud: docs.cloud.google.com\n\n* Google Developers, Ads, Search, Google Maps, Youtube: developers.google.com\n\n* Google Home: developers.home.google.com\n\n* TensorFlow: www.tensorflow.org\n\n* Web: web.dev\n\n\nThis tool returns chunks of text, names, and URLs for matching documents. If the returned chunks are not detailed enough to answer the user's question, use `get_documents` with the `parent` from this tool's output to retrieve the full document content.\n","inputSchema":{"description":"Request schema for search_documents. Use the query field to search for related Google developer documentation.","properties":{"query":{"description":"Required. The raw query string provided by the user, such as \"How to create a Cloud Storage bucket?\".","type":"string"}},"required":["query"],"type":"object"},"name":"search_documents","outputSchema":{"$defs":{"DocumentChunk":{"description":"A DocumentChunk represents a piece of content from a Document in the DeveloperKnowledge corpus. To fetch the entire document content, pass the `parent` to get_document or batch_get_documents.","properties":{"content":{"description":"Output only. The content of the document chunk.","readOnly":true,"type":"string"},"id":{"description":"Output only. The ID of this chunk within the document. The chunk ID is unique within a document, but not globally unique across documents. The chunk ID is not stable and may change over time.","readOnly":true,"type":"string"},"parent":{"description":"Output only. The resource name of the document this chunk is from. Format: `documents/{uri_without_scheme}` Example: `documents/docs.cloud.google.com/storage/docs/creating-buckets`","readOnly":true,"type":"string"}},"type":"object"}},"description":"Response schema for search_documents.","properties":{"results":{"description":"The search results for the given query. Each Document in this list contains a snippet of content relevant to the search query. Use the DocumentChunk.name field of each result with get_documents to retrieve the full document content.","items":{"$ref":"#/$defs/DocumentChunk"},"type":"array"}},"type":"object"}},{"annotations":{"destructiveHint":false,"idempotentHint":true,"openWorldHint":false,"readOnlyHint":true},"description":"Use answer_query to get a grounded answer to a query about Google developer products. This tool has limited quota. This tool will synthesize information from the corpus to generate an answer to the query. answer_query grounds answers using the same corpus as search_documents. If you get a 429 out of quota error, use search_documents instead.","inputSchema":{"description":"Request message for AnswerQuery.","properties":{"query":{"description":"Required. The query to answer.","type":"string"}},"required":["query"],"type":"object"},"name":"answer_query","outputSchema":{"description":"Response message for AnswerQuery.","properties":{"answerText":{"description":"The answer to the query.","type":"string"}},"type":"object"}},{"annotations":{"destructiveHint":false,"idempotentHint":true,"openWorldHint":false,"readOnlyHint":true},"description":"Use this tool to retrieve the full content of a single document or up to 20 documents in a single call. The document names should be obtained from the `parent` field of results from a call to the `search_documents` tool. Set the `names` parameter to a list of document names.","inputSchema":{"description":"Request schema for get_documents.","properties":{"names":{"description":"Required. The names of the documents to retrieve, as returned by search_documents. A maximum of 20 documents can be retrieved in one call. The documents are returned in the same order as the `names` in the request. Format: `documents/{uri_without_scheme}` Example: `documents/docs.cloud.google.com/storage/docs/creating-buckets`","items":{"type":"string"},"type":"array"}},"required":["names"],"type":"object"},"name":"get_documents","outputSchema":{"$defs":{"Document":{"description":"A Document represents a piece of content from the Developer Knowledge corpus.","properties":{"content":{"description":"Output only. The content of the document in Markdown format.","readOnly":true,"type":"string"},"description":{"description":"Output only. A description of the document.","readOnly":true,"type":"string"},"name":{"description":"Identifier. The resource name of the document. Format: `documents/{uri_without_scheme}` Example: `documents/docs.cloud.google.com/storage/docs/creating-buckets`","type":"string","x-google-identifier":true},"title":{"description":"Output only. The title of the document.","readOnly":true,"type":"string"},"uri":{"description":"Output only. The URI of the content, such as `https://cloud.google.com/storage/docs/creating-buckets`.","readOnly":true,"type":"string"}},"type":"object"}},"description":"Response schema for get_documents.","properties":{"documents":{"description":"Documents requested.","items":{"$ref":"#/$defs/Document"},"type":"array"}},"type":"object"}}]}}
[debug] [2026-05-10T02:50:23.211Z] > command requires scopes: ["email","openid","https://www.googleapis.com/auth/cloudplatformprojects.readonly","https://www.googleapis.com/auth/firebase","https://www.googleapis.com/auth/cloud-platform"]
[debug] [2026-05-10T02:50:23.211Z] > authorizing via signed-in user (kthompson@socfoundry.com)
[debug] [2026-05-10T04:46:53.519Z] > command requires scopes: ["email","openid","https://www.googleapis.com/auth/cloudplatformprojects.readonly","https://www.googleapis.com/auth/firebase","https://www.googleapis.com/auth/cloud-platform"]
[debug] [2026-05-10T04:46:53.520Z] > authorizing via signed-in user (kthompson@socfoundry.com)
[debug] [2026-05-10T04:46:53.520Z] > command requires scopes: ["email","openid","https://www.googleapis.com/auth/cloudplatformprojects.readonly","https://www.googleapis.com/auth/firebase","https://www.googleapis.com/auth/cloud-platform"]
[debug] [2026-05-10T04:46:53.520Z] > authorizing via signed-in user (kthompson@socfoundry.com)
[debug] [2026-05-10T04:46:53.527Z] > command requires scopes: ["email","openid","https://www.googleapis.com/auth/cloudplatformprojects.readonly","https://www.googleapis.com/auth/firebase","https://www.googleapis.com/auth/cloud-platform"]
[debug] [2026-05-10T04:46:53.527Z] > authorizing via signed-in user (kthompson@socfoundry.com)
[debug] [2026-05-10T04:46:53.613Z] Checked if tokens are valid: false, expires at: 1776003429427
[debug] [2026-05-10T04:46:53.613Z] Checked if tokens are valid: false, expires at: 1776003429427
[debug] [2026-05-10T04:46:53.613Z] > refreshing access token with scopes: []
[debug] [2026-05-10T04:46:53.614Z] >>> [apiv2][query] POST https://www.googleapis.com/oauth2/v3/token [none]
[debug] [2026-05-10T04:46:53.614Z] >>> [apiv2][body] POST https://www.googleapis.com/oauth2/v3/token [omitted]
[debug] [2026-05-10T04:46:53.618Z] Checked if tokens are valid: false, expires at: 1776003429427
[debug] [2026-05-10T04:46:53.618Z] Checked if tokens are valid: false, expires at: 1776003429427
[debug] [2026-05-10T04:46:53.618Z] > refreshing access token with scopes: []
[debug] [2026-05-10T04:46:53.618Z] >>> [apiv2][query] POST https://www.googleapis.com/oauth2/v3/token [none]
[debug] [2026-05-10T04:46:53.618Z] >>> [apiv2][body] POST https://www.googleapis.com/oauth2/v3/token [omitted]
[debug] [2026-05-10T04:46:53.622Z] Checked if tokens are valid: false, expires at: 1776003429427
[debug] [2026-05-10T04:46:53.622Z] Checked if tokens are valid: false, expires at: 1776003429427
[debug] [2026-05-10T04:46:53.622Z] > refreshing access token with scopes: []
[debug] [2026-05-10T04:46:53.622Z] >>> [apiv2][query] POST https://www.googleapis.com/oauth2/v3/token [none]
[debug] [2026-05-10T04:46:53.622Z] >>> [apiv2][body] POST https://www.googleapis.com/oauth2/v3/token [omitted]
[debug] [2026-05-10T04:46:53.738Z] <<< [apiv2][status] POST https://www.googleapis.com/oauth2/v3/token 400
[debug] [2026-05-10T04:46:53.738Z] <<< [apiv2][body] POST https://www.googleapis.com/oauth2/v3/token [omitted]
[error] Authentication Error: Your credentials are no longer valid. Please run firebase login --reauth

For CI servers and headless environments, generate a new token with firebase login:ci
[error] Authentication Error: Your credentials are no longer valid. Please run firebase login --reauth

For CI servers and headless environments, generate a new token with firebase login:ci
[debug] [2026-05-10T04:46:53.744Z] <<< [apiv2][status] POST https://www.googleapis.com/oauth2/v3/token 400
[debug] [2026-05-10T04:46:53.744Z] <<< [apiv2][body] POST https://www.googleapis.com/oauth2/v3/token [omitted]
[error] Authentication Error: Your credentials are no longer valid. Please run firebase login --reauth

For CI servers and headless environments, generate a new token with firebase login:ci
[error] Authentication Error: Your credentials are no longer valid. Please run firebase login --reauth

For CI servers and headless environments, generate a new token with firebase login:ci
[debug] [2026-05-10T04:46:53.749Z] <<< [apiv2][status] POST https://www.googleapis.com/oauth2/v3/token 400
[debug] [2026-05-10T04:46:53.749Z] <<< [apiv2][body] POST https://www.googleapis.com/oauth2/v3/token [omitted]
[error] Authentication Error: Your credentials are no longer valid. Please run firebase login --reauth

For CI servers and headless environments, generate a new token with firebase login:ci
[error] Authentication Error: Your credentials are no longer valid. Please run firebase login --reauth

For CI servers and headless environments, generate a new token with firebase login:ci
[debug] [2026-05-10T04:46:53.781Z] > command requires scopes: ["email","openid","https://www.googleapis.com/auth/cloudplatformprojects.readonly","https://www.googleapis.com/auth/firebase","https://www.googleapis.com/auth/cloud-platform"]
[debug] [2026-05-10T04:46:53.781Z] > authorizing via signed-in user (kthompson@socfoundry.com)
[debug] [2026-05-10T04:46:53.781Z] > command requires scopes: ["email","openid","https://www.googleapis.com/auth/cloudplatformprojects.readonly","https://www.googleapis.com/auth/firebase","https://www.googleapis.com/auth/cloud-platform"]
[debug] [2026-05-10T04:46:53.782Z] > authorizing via signed-in user (kthompson@socfoundry.com)
[debug] [2026-05-10T04:46:53.793Z] > command requires scopes: ["email","openid","https://www.googleapis.com/auth/cloudplatformprojects.readonly","https://www.googleapis.com/auth/firebase","https://www.googleapis.com/auth/cloud-platform"]
[debug] [2026-05-10T04:46:53.793Z] > authorizing via signed-in user (kthompson@socfoundry.com)
[debug] [2026-05-10T04:46:53.793Z] >>> [apiv2][query] POST https://developerknowledge.googleapis.com/mcp [none]
[debug] [2026-05-10T04:46:53.793Z] >>> [apiv2][body] POST https://developerknowledge.googleapis.com/mcp {"method":"tools/list","jsonrpc":"2.0","id":1}
[debug] [2026-05-10T04:46:53.953Z] <<< [apiv2][status] POST https://developerknowledge.googleapis.com/mcp 200
[debug] [2026-05-10T04:46:53.953Z] <<< [apiv2][body] POST https://developerknowledge.googleapis.com/mcp {"id":1,"jsonrpc":"2.0","result":{"tools":[{"annotations":{"destructiveHint":false,"idempotentHint":true,"openWorldHint":false,"readOnlyHint":true},"description":"Use this tool to find documentation about Google developer products. The documents contain official APIs, code snippets, release notes, best practices, guides, debugging info, and more. It covers the following products and domains:\n\n\n* ADK: adk.dev\n\n* Android: developer.android.com\n\n* Apigee: docs.apigee.com\n\n* Chrome: developer.chrome.com\n\n* Firebase: firebase.google.com\n\n* Fuchsia: fuchsia.dev\n\n* Go: go.dev\n\n* Google AI: ai.google.dev\n\n* Google Cloud: docs.cloud.google.com\n\n* Google Developers, Ads, Search, Google Maps, Youtube: developers.google.com\n\n* Google Home: developers.home.google.com\n\n* TensorFlow: www.tensorflow.org\n\n* Web: web.dev\n\n\nThis tool returns chunks of text, names, and URLs for matching documents. If the returned chunks are not detailed enough to answer the user's question, use `get_documents` with the `parent` from this tool's output to retrieve the full document content.\n","inputSchema":{"description":"Request schema for search_documents. Use the query field to search for related Google developer documentation.","properties":{"query":{"description":"Required. The raw query string provided by the user, such as \"How to create a Cloud Storage bucket?\".","type":"string"}},"required":["query"],"type":"object"},"name":"search_documents","outputSchema":{"$defs":{"DocumentChunk":{"description":"A DocumentChunk represents a piece of content from a Document in the DeveloperKnowledge corpus. To fetch the entire document content, pass the `parent` to get_document or batch_get_documents.","properties":{"content":{"description":"Output only. The content of the document chunk.","readOnly":true,"type":"string"},"id":{"description":"Output only. The ID of this chunk within the document. The chunk ID is unique within a document, but not globally unique across documents. The chunk ID is not stable and may change over time.","readOnly":true,"type":"string"},"parent":{"description":"Output only. The resource name of the document this chunk is from. Format: `documents/{uri_without_scheme}` Example: `documents/docs.cloud.google.com/storage/docs/creating-buckets`","readOnly":true,"type":"string"}},"type":"object"}},"description":"Response schema for search_documents.","properties":{"results":{"description":"The search results for the given query. Each Document in this list contains a snippet of content relevant to the search query. Use the DocumentChunk.name field of each result with get_documents to retrieve the full document content.","items":{"$ref":"#/$defs/DocumentChunk"},"type":"array"}},"type":"object"}},{"annotations":{"destructiveHint":false,"idempotentHint":true,"openWorldHint":false,"readOnlyHint":true},"description":"Use answer_query to get a grounded answer to a query about Google developer products. This tool has limited quota. This tool will synthesize information from the corpus to generate an answer to the query. answer_query grounds answers using the same corpus as search_documents. If you get a 429 out of quota error, use search_documents instead.","inputSchema":{"description":"Request message for AnswerQuery.","properties":{"query":{"description":"Required. The query to answer.","type":"string"}},"required":["query"],"type":"object"},"name":"answer_query","outputSchema":{"description":"Response message for AnswerQuery.","properties":{"answerText":{"description":"The answer to the query.","type":"string"}},"type":"object"}},{"annotations":{"destructiveHint":false,"idempotentHint":true,"openWorldHint":false,"readOnlyHint":true},"description":"Use this tool to retrieve the full content of a single document or up to 20 documents in a single call. The document names should be obtained from the `parent` field of results from a call to the `search_documents` tool. Set the `names` parameter to a list of document names.","inputSchema":{"description":"Request schema for get_documents.","properties":{"names":{"description":"Required. The names of the documents to retrieve, as returned by search_documents. A maximum of 20 documents can be retrieved in one call. The documents are returned in the same order as the `names` in the request. Format: `documents/{uri_without_scheme}` Example: `documents/docs.cloud.google.com/storage/docs/creating-buckets`","items":{"type":"string"},"type":"array"}},"required":["names"],"type":"object"},"name":"get_documents","outputSchema":{"$defs":{"Document":{"description":"A Document represents a piece of content from the Developer Knowledge corpus.","properties":{"content":{"description":"Output only. The content of the document in Markdown format.","readOnly":true,"type":"string"},"description":{"description":"Output only. A description of the document.","readOnly":true,"type":"string"},"name":{"description":"Identifier. The resource name of the document. Format: `documents/{uri_without_scheme}` Example: `documents/docs.cloud.google.com/storage/docs/creating-buckets`","type":"string","x-google-identifier":true},"title":{"description":"Output only. The title of the document.","readOnly":true,"type":"string"},"uri":{"description":"Output only. The URI of the content, such as `https://cloud.google.com/storage/docs/creating-buckets`.","readOnly":true,"type":"string"}},"type":"object"}},"description":"Response schema for get_documents.","properties":{"documents":{"description":"Documents requested.","items":{"$ref":"#/$defs/Document"},"type":"array"}},"type":"object"}}]}}
[debug] [2026-05-10T04:46:53.954Z] > command requires scopes: ["email","openid","https://www.googleapis.com/auth/cloudplatformprojects.readonly","https://www.googleapis.com/auth/firebase","https://www.googleapis.com/auth/cloud-platform"]
[debug] [2026-05-10T04:46:53.954Z] > authorizing via signed-in user (kthompson@socfoundry.com)
[debug] [2026-05-11T02:40:07.893Z] > command requires scopes: ["email","openid","https://www.googleapis.com/auth/cloudplatformprojects.readonly","https://www.googleapis.com/auth/firebase","https://www.googleapis.com/auth/cloud-platform"]
[debug] [2026-05-11T02:40:07.895Z] > authorizing via signed-in user (kthompson@socfoundry.com)
[debug] [2026-05-11T02:40:07.895Z] > command requires scopes: ["email","openid","https://www.googleapis.com/auth/cloudplatformprojects.readonly","https://www.googleapis.com/auth/firebase","https://www.googleapis.com/auth/cloud-platform"]
[debug] [2026-05-11T02:40:07.895Z] > authorizing via signed-in user (kthompson@socfoundry.com)
[debug] [2026-05-11T02:40:07.905Z] > command requires scopes: ["email","openid","https://www.googleapis.com/auth/cloudplatformprojects.readonly","https://www.googleapis.com/auth/firebase","https://www.googleapis.com/auth/cloud-platform"]
[debug] [2026-05-11T02:40:07.905Z] > authorizing via signed-in user (kthompson@socfoundry.com)
[debug] [2026-05-11T02:40:07.999Z] Checked if tokens are valid: false, expires at: 1776003429427
[debug] [2026-05-11T02:40:07.999Z] Checked if tokens are valid: false, expires at: 1776003429427
[debug] [2026-05-11T02:40:07.999Z] > refreshing access token with scopes: []
[debug] [2026-05-11T02:40:08.000Z] >>> [apiv2][query] POST https://www.googleapis.com/oauth2/v3/token [none]
[debug] [2026-05-11T02:40:08.000Z] >>> [apiv2][body] POST https://www.googleapis.com/oauth2/v3/token [omitted]
[debug] [2026-05-11T02:40:08.002Z] Checked if tokens are valid: false, expires at: 1776003429427
[debug] [2026-05-11T02:40:08.002Z] Checked if tokens are valid: false, expires at: 1776003429427
[debug] [2026-05-11T02:40:08.002Z] > refreshing access token with scopes: []
[debug] [2026-05-11T02:40:08.003Z] >>> [apiv2][query] POST https://www.googleapis.com/oauth2/v3/token [none]
[debug] [2026-05-11T02:40:08.003Z] >>> [apiv2][body] POST https://www.googleapis.com/oauth2/v3/token [omitted]
[debug] [2026-05-11T02:40:08.006Z] Checked if tokens are valid: false, expires at: 1776003429427
[debug] [2026-05-11T02:40:08.006Z] Checked if tokens are valid: false, expires at: 1776003429427
[debug] [2026-05-11T02:40:08.006Z] > refreshing access token with scopes: []
[debug] [2026-05-11T02:40:08.006Z] >>> [apiv2][query] POST https://www.googleapis.com/oauth2/v3/token [none]
[debug] [2026-05-11T02:40:08.006Z] >>> [apiv2][body] POST https://www.googleapis.com/oauth2/v3/token [omitted]
[debug] [2026-05-11T02:40:08.138Z] <<< [apiv2][status] POST https://www.googleapis.com/oauth2/v3/token 400
[debug] [2026-05-11T02:40:08.138Z] <<< [apiv2][body] POST https://www.googleapis.com/oauth2/v3/token [omitted]
[error] Authentication Error: Your credentials are no longer valid. Please run firebase login --reauth

For CI servers and headless environments, generate a new token with firebase login:ci
[error] Authentication Error: Your credentials are no longer valid. Please run firebase login --reauth

For CI servers and headless environments, generate a new token with firebase login:ci
[debug] [2026-05-11T02:40:08.142Z] <<< [apiv2][status] POST https://www.googleapis.com/oauth2/v3/token 400
[debug] [2026-05-11T02:40:08.142Z] <<< [apiv2][body] POST https://www.googleapis.com/oauth2/v3/token [omitted]
[error] Authentication Error: Your credentials are no longer valid. Please run firebase login --reauth

For CI servers and headless environments, generate a new token with firebase login:ci
[error] Authentication Error: Your credentials are no longer valid. Please run firebase login --reauth

For CI servers and headless environments, generate a new token with firebase login:ci
[debug] [2026-05-11T02:40:08.143Z] <<< [apiv2][status] POST https://www.googleapis.com/oauth2/v3/token 400
[debug] [2026-05-11T02:40:08.143Z] <<< [apiv2][body] POST https://www.googleapis.com/oauth2/v3/token [omitted]
[error] Authentication Error: Your credentials are no longer valid. Please run firebase login --reauth

For CI servers and headless environments, generate a new token with firebase login:ci
[error] Authentication Error: Your credentials are no longer valid. Please run firebase login --reauth

For CI servers and headless environments, generate a new token with firebase login:ci
[debug] [2026-05-11T02:40:08.180Z] > command requires scopes: ["email","openid","https://www.googleapis.com/auth/cloudplatformprojects.readonly","https://www.googleapis.com/auth/firebase","https://www.googleapis.com/auth/cloud-platform"]
[debug] [2026-05-11T02:40:08.180Z] > authorizing via signed-in user (kthompson@socfoundry.com)
[debug] [2026-05-11T02:40:08.181Z] >>> [apiv2][query] POST https://developerknowledge.googleapis.com/mcp [none]
[debug] [2026-05-11T02:40:08.181Z] >>> [apiv2][body] POST https://developerknowledge.googleapis.com/mcp {"method":"tools/list","jsonrpc":"2.0","id":1}
[debug] [2026-05-11T02:40:08.187Z] > command requires scopes: ["email","openid","https://www.googleapis.com/auth/cloudplatformprojects.readonly","https://www.googleapis.com/auth/firebase","https://www.googleapis.com/auth/cloud-platform"]
[debug] [2026-05-11T02:40:08.187Z] > authorizing via signed-in user (kthompson@socfoundry.com)
[debug] [2026-05-11T02:40:08.187Z] > command requires scopes: ["email","openid","https://www.googleapis.com/auth/cloudplatformprojects.readonly","https://www.googleapis.com/auth/firebase","https://www.googleapis.com/auth/cloud-platform"]
[debug] [2026-05-11T02:40:08.187Z] > authorizing via signed-in user (kthompson@socfoundry.com)
[debug] [2026-05-11T02:40:08.335Z] <<< [apiv2][status] POST https://developerknowledge.googleapis.com/mcp 200
[debug] [2026-05-11T02:40:08.335Z] <<< [apiv2][body] POST https://developerknowledge.googleapis.com/mcp {"id":1,"jsonrpc":"2.0","result":{"tools":[{"annotations":{"destructiveHint":false,"idempotentHint":true,"openWorldHint":false,"readOnlyHint":true},"description":"Use this tool to find documentation about Google developer products. The documents contain official APIs, code snippets, release notes, best practices, guides, debugging info, and more. It covers the following products and domains:\n\n\n* ADK: adk.dev\n\n* Android: developer.android.com\n\n* Apigee: docs.apigee.com\n\n* Chrome: developer.chrome.com\n\n* Firebase: firebase.google.com\n\n* Fuchsia: fuchsia.dev\n\n* Go: go.dev\n\n* Google AI: ai.google.dev\n\n* Google Cloud: docs.cloud.google.com\n\n* Google Developers, Ads, Search, Google Maps, Youtube: developers.google.com\n\n* Google Home: developers.home.google.com\n\n* TensorFlow: www.tensorflow.org\n\n* Web: web.dev\n\n\nThis tool returns chunks of text, names, and URLs for matching documents. If the returned chunks are not detailed enough to answer the user's question, use `get_documents` with the `parent` from this tool's output to retrieve the full document content.\n","inputSchema":{"description":"Request schema for search_documents. Use the query field to search for related Google developer documentation.","properties":{"query":{"description":"Required. The raw query string provided by the user, such as \"How to create a Cloud Storage bucket?\".","type":"string"}},"required":["query"],"type":"object"},"name":"search_documents","outputSchema":{"$defs":{"DocumentChunk":{"description":"A DocumentChunk represents a piece of content from a Document in the DeveloperKnowledge corpus. To fetch the entire document content, pass the `parent` to get_document or batch_get_documents.","properties":{"content":{"description":"Output only. The content of the document chunk.","readOnly":true,"type":"string"},"id":{"description":"Output only. The ID of this chunk within the document. The chunk ID is unique within a document, but not globally unique across documents. The chunk ID is not stable and may change over time.","readOnly":true,"type":"string"},"parent":{"description":"Output only. The resource name of the document this chunk is from. Format: `documents/{uri_without_scheme}` Example: `documents/docs.cloud.google.com/storage/docs/creating-buckets`","readOnly":true,"type":"string"}},"type":"object"}},"description":"Response schema for search_documents.","properties":{"results":{"description":"The search results for the given query. Each Document in this list contains a snippet of content relevant to the search query. Use the DocumentChunk.name field of each result with get_documents to retrieve the full document content.","items":{"$ref":"#/$defs/DocumentChunk"},"type":"array"}},"type":"object"}},{"annotations":{"destructiveHint":false,"idempotentHint":true,"openWorldHint":false,"readOnlyHint":true},"description":"Use answer_query to get a grounded answer to a query about Google developer products. This tool has limited quota. This tool will synthesize information from the corpus to generate an answer to the query. answer_query grounds answers using the same corpus as search_documents. If you get a 429 out of quota error, use search_documents instead.","inputSchema":{"description":"Request message for AnswerQuery.","properties":{"query":{"description":"Required. The query to answer.","type":"string"}},"required":["query"],"type":"object"},"name":"answer_query","outputSchema":{"description":"Response message for AnswerQuery.","properties":{"answerText":{"description":"The answer to the query.","type":"string"}},"type":"object"}},{"annotations":{"destructiveHint":false,"idempotentHint":true,"openWorldHint":false,"readOnlyHint":true},"description":"Use this tool to retrieve the full content of a single document or up to 20 documents in a single call. The document names should be obtained from the `parent` field of results from a call to the `search_documents` tool. Set the `names` parameter to a list of document names.","inputSchema":{"description":"Request schema for get_documents.","properties":{"names":{"description":"Required. The names of the documents to retrieve, as returned by search_documents. A maximum of 20 documents can be retrieved in one call. The documents are returned in the same order as the `names` in the request. Format: `documents/{uri_without_scheme}` Example: `documents/docs.cloud.google.com/storage/docs/creating-buckets`","items":{"type":"string"},"type":"array"}},"required":["names"],"type":"object"},"name":"get_documents","outputSchema":{"$defs":{"Document":{"description":"A Document represents a piece of content from the Developer Knowledge corpus.","properties":{"content":{"description":"Output only. The content of the document in Markdown format.","readOnly":true,"type":"string"},"description":{"description":"Output only. A description of the document.","readOnly":true,"type":"string"},"name":{"description":"Identifier. The resource name of the document. Format: `documents/{uri_without_scheme}` Example: `documents/docs.cloud.google.com/storage/docs/creating-buckets`","type":"string","x-google-identifier":true},"title":{"description":"Output only. The title of the document.","readOnly":true,"type":"string"},"uri":{"description":"Output only. The URI of the content, such as `https://cloud.google.com/storage/docs/creating-buckets`.","readOnly":true,"type":"string"}},"type":"object"}},"description":"Response schema for get_documents.","properties":{"documents":{"description":"Documents requested.","items":{"$ref":"#/$defs/Document"},"type":"array"}},"type":"object"}}]}}
[debug] [2026-05-11T02:40:08.337Z] > command requires scopes: ["email","openid","https://www.googleapis.com/auth/cloudplatformprojects.readonly","https://www.googleapis.com/auth/firebase","https://www.googleapis.com/auth/cloud-platform"]
[debug] [2026-05-11T02:40:08.337Z] > authorizing via signed-in user (kthompson@socfoundry.com)
[debug] [2026-05-17T01:28:09.718Z] > command requires scopes: ["email","openid","https://www.googleapis.com/auth/cloudplatformprojects.readonly","https://www.googleapis.com/auth/firebase","https://www.googleapis.com/auth/cloud-platform"]
[debug] [2026-05-17T01:28:09.719Z] > authorizing via signed-in user (kthompson@socfoundry.com)
[debug] [2026-05-17T01:28:09.719Z] > command requires scopes: ["email","openid","https://www.googleapis.com/auth/cloudplatformprojects.readonly","https://www.googleapis.com/auth/firebase","https://www.googleapis.com/auth/cloud-platform"]
[debug] [2026-05-17T01:28:09.719Z] > authorizing via signed-in user (kthompson@socfoundry.com)
[debug] [2026-05-17T01:28:09.728Z] > command requires scopes: ["email","openid","https://www.googleapis.com/auth/cloudplatformprojects.readonly","https://www.googleapis.com/auth/firebase","https://www.googleapis.com/auth/cloud-platform"]
[debug] [2026-05-17T01:28:09.728Z] > authorizing via signed-in user (kthompson@socfoundry.com)
[debug] [2026-05-17T01:28:09.834Z] Checked if tokens are valid: false, expires at: 1776003429427
[debug] [2026-05-17T01:28:09.834Z] Checked if tokens are valid: false, expires at: 1776003429427
[debug] [2026-05-17T01:28:09.834Z] > refreshing access token with scopes: []
[debug] [2026-05-17T01:28:09.835Z] >>> [apiv2][query] POST https://www.googleapis.com/oauth2/v3/token [none]
[debug] [2026-05-17T01:28:09.835Z] >>> [apiv2][body] POST https://www.googleapis.com/oauth2/v3/token [omitted]
[debug] [2026-05-17T01:28:09.838Z] Checked if tokens are valid: false, expires at: 1776003429427
[debug] [2026-05-17T01:28:09.838Z] Checked if tokens are valid: false, expires at: 1776003429427
[debug] [2026-05-17T01:28:09.838Z] > refreshing access token with scopes: []
[debug] [2026-05-17T01:28:09.838Z] >>> [apiv2][query] POST https://www.googleapis.com/oauth2/v3/token [none]
[debug] [2026-05-17T01:28:09.838Z] >>> [apiv2][body] POST https://www.googleapis.com/oauth2/v3/token [omitted]
[debug] [2026-05-17T01:28:09.841Z] Checked if tokens are valid: false, expires at: 1776003429427
[debug] [2026-05-17T01:28:09.841Z] Checked if tokens are valid: false, expires at: 1776003429427
[debug] [2026-05-17T01:28:09.841Z] > refreshing access token with scopes: []
[debug] [2026-05-17T01:28:09.841Z] >>> [apiv2][query] POST https://www.googleapis.com/oauth2/v3/token [none]
[debug] [2026-05-17T01:28:09.841Z] >>> [apiv2][body] POST https://www.googleapis.com/oauth2/v3/token [omitted]
[debug] [2026-05-17T01:28:09.958Z] <<< [apiv2][status] POST https://www.googleapis.com/oauth2/v3/token 400
[debug] [2026-05-17T01:28:09.959Z] <<< [apiv2][body] POST https://www.googleapis.com/oauth2/v3/token [omitted]
[error] Authentication Error: Your credentials are no longer valid. Please run firebase login --reauth

For CI servers and headless environments, generate a new token with firebase login:ci
[error] Authentication Error: Your credentials are no longer valid. Please run firebase login --reauth

For CI servers and headless environments, generate a new token with firebase login:ci
[debug] [2026-05-17T01:28:09.964Z] <<< [apiv2][status] POST https://www.googleapis.com/oauth2/v3/token 400
[debug] [2026-05-17T01:28:09.964Z] <<< [apiv2][body] POST https://www.googleapis.com/oauth2/v3/token [omitted]
[error] Authentication Error: Your credentials are no longer valid. Please run firebase login --reauth

For CI servers and headless environments, generate a new token with firebase login:ci
[error] Authentication Error: Your credentials are no longer valid. Please run firebase login --reauth

For CI servers and headless environments, generate a new token with firebase login:ci
[debug] [2026-05-17T01:28:09.967Z] <<< [apiv2][status] POST https://www.googleapis.com/oauth2/v3/token 400
[debug] [2026-05-17T01:28:09.967Z] <<< [apiv2][body] POST https://www.googleapis.com/oauth2/v3/token [omitted]
[error] Authentication Error: Your credentials are no longer valid. Please run firebase login --reauth

For CI servers and headless environments, generate a new token with firebase login:ci
[error] Authentication Error: Your credentials are no longer valid. Please run firebase login --reauth

For CI servers and headless environments, generate a new token with firebase login:ci
[debug] [2026-05-17T01:28:10.000Z] > command requires scopes: ["email","openid","https://www.googleapis.com/auth/cloudplatformprojects.readonly","https://www.googleapis.com/auth/firebase","https://www.googleapis.com/auth/cloud-platform"]
[debug] [2026-05-17T01:28:10.000Z] > authorizing via signed-in user (kthompson@socfoundry.com)
[debug] [2026-05-17T01:28:10.000Z] >>> [apiv2][query] POST https://developerknowledge.googleapis.com/mcp [none]
[debug] [2026-05-17T01:28:10.000Z] >>> [apiv2][body] POST https://developerknowledge.googleapis.com/mcp {"method":"tools/list","jsonrpc":"2.0","id":1}
[debug] [2026-05-17T01:28:10.007Z] > command requires scopes: ["email","openid","https://www.googleapis.com/auth/cloudplatformprojects.readonly","https://www.googleapis.com/auth/firebase","https://www.googleapis.com/auth/cloud-platform"]
[debug] [2026-05-17T01:28:10.008Z] > authorizing via signed-in user (kthompson@socfoundry.com)
[debug] [2026-05-17T01:28:10.008Z] > command requires scopes: ["email","openid","https://www.googleapis.com/auth/cloudplatformprojects.readonly","https://www.googleapis.com/auth/firebase","https://www.googleapis.com/auth/cloud-platform"]
[debug] [2026-05-17T01:28:10.008Z] > authorizing via signed-in user (kthompson@socfoundry.com)
[debug] [2026-05-17T01:28:10.149Z] <<< [apiv2][status] POST https://developerknowledge.googleapis.com/mcp 200
[debug] [2026-05-17T01:28:10.149Z] <<< [apiv2][body] POST https://developerknowledge.googleapis.com/mcp {"id":1,"jsonrpc":"2.0","result":{"tools":[{"annotations":{"destructiveHint":false,"idempotentHint":true,"openWorldHint":false,"readOnlyHint":true},"description":"Use this tool to find documentation about Google developer products. The documents contain official APIs, code snippets, release notes, best practices, guides, debugging info, and more. It covers the following products and domains:\n\n\n* ADK: adk.dev\n\n* Android: developer.android.com\n\n* Apigee: docs.apigee.com\n\n* Chrome: developer.chrome.com\n\n* Firebase: firebase.google.com\n\n* Fuchsia: fuchsia.dev\n\n* Gemini CLI: geminicli.com\n\n* Go: go.dev\n\n* Google AI: ai.google.dev\n\n* Google Antigravity: antigravity.google\n\n* Google Cloud: docs.cloud.google.com\n\n* Google Developers, Ads, Search, Google Maps, Youtube: developers.google.com\n\n* Google Home: developers.home.google.com\n\n* TensorFlow: www.tensorflow.org\n\n* Web: web.dev\n\n\nThis tool returns chunks of text, names, and URLs for matching documents. If the returned chunks are not detailed enough to answer the user's question, use `get_documents` with the `parent` from this tool's output to retrieve the full document content.\n","inputSchema":{"description":"Request schema for search_documents. Use the query field to search for related Google developer documentation.","properties":{"query":{"description":"Required. The raw query string provided by the user, such as \"How to create a Cloud Storage bucket?\".","type":"string"}},"required":["query"],"type":"object"},"name":"search_documents","outputSchema":{"$defs":{"DocumentChunk":{"description":"A DocumentChunk represents a piece of content from a Document in the DeveloperKnowledge corpus. To fetch the entire document content, pass the `parent` to get_document or batch_get_documents.","properties":{"content":{"description":"Output only. The content of the document chunk.","readOnly":true,"type":"string"},"id":{"description":"Output only. The ID of this chunk within the document. The chunk ID is unique within a document, but not globally unique across documents. The chunk ID is not stable and may change over time.","readOnly":true,"type":"string"},"parent":{"description":"Output only. The resource name of the document this chunk is from. Format: `documents/{uri_without_scheme}` Example: `documents/docs.cloud.google.com/storage/docs/creating-buckets`","readOnly":true,"type":"string"}},"type":"object"}},"description":"Response schema for search_documents.","properties":{"results":{"description":"The search results for the given query. Each Document in this list contains a snippet of content relevant to the search query. Use the DocumentChunk.name field of each result with get_documents to retrieve the full document content.","items":{"$ref":"#/$defs/DocumentChunk"},"type":"array"}},"type":"object"}},{"annotations":{"destructiveHint":false,"idempotentHint":true,"openWorldHint":false,"readOnlyHint":true},"description":"Use answer_query to get a grounded answer to a query about Google developer products. This tool has limited quota. This tool will synthesize information from the corpus to generate an answer to the query. answer_query grounds answers using the same corpus as search_documents. If you get a 429 out of quota error, use search_documents instead.","inputSchema":{"description":"Request message for AnswerQuery.","properties":{"query":{"description":"Required. The query to answer.","type":"string"}},"required":["query"],"type":"object"},"name":"answer_query","outputSchema":{"description":"Response message for AnswerQuery.","properties":{"answerText":{"description":"The answer to the query.","type":"string"}},"type":"object"}},{"annotations":{"destructiveHint":false,"idempotentHint":true,"openWorldHint":false,"readOnlyHint":true},"description":"Use this tool to retrieve the full content of a single document or up to 20 documents in a single call. The document names should be obtained from the `parent` field of results from a call to the `search_documents` tool. Set the `names` parameter to a list of document names.","inputSchema":{"description":"Request schema for get_documents.","properties":{"names":{"description":"Required. The names of the documents to retrieve, as returned by search_documents. A maximum of 20 documents can be retrieved in one call. The documents are returned in the same order as the `names` in the request. Format: `documents/{uri_without_scheme}` Example: `documents/docs.cloud.google.com/storage/docs/creating-buckets`","items":{"type":"string"},"type":"array"}},"required":["names"],"type":"object"},"name":"get_documents","outputSchema":{"$defs":{"Document":{"description":"A Document represents a piece of content from the Developer Knowledge corpus.","properties":{"content":{"description":"Output only. The content of the document in Markdown format.","readOnly":true,"type":"string"},"description":{"description":"Output only. A description of the document.","readOnly":true,"type":"string"},"name":{"description":"Identifier. The resource name of the document. Format: `documents/{uri_without_scheme}` Example: `documents/docs.cloud.google.com/storage/docs/creating-buckets`","type":"string","x-google-identifier":true},"title":{"description":"Output only. The title of the document.","readOnly":true,"type":"string"},"uri":{"description":"Output only. The URI of the content, such as `https://cloud.google.com/storage/docs/creating-buckets`.","readOnly":true,"type":"string"}},"type":"object"}},"description":"Response schema for get_documents.","properties":{"documents":{"description":"Documents requested.","items":{"$ref":"#/$defs/Document"},"type":"array"}},"type":"object"}}]}}
[debug] [2026-05-17T01:28:10.150Z] > command requires scopes: ["email","openid","https://www.googleapis.com/auth/cloudplatformprojects.readonly","https://www.googleapis.com/auth/firebase","https://www.googleapis.com/auth/cloud-platform"]
[debug] [2026-05-17T01:28:10.150Z] > authorizing via signed-in user (kthompson@socfoundry.com)
[debug] [2026-05-17T01:31:15.296Z] > command requires scopes: ["email","openid","https://www.googleapis.com/auth/cloudplatformprojects.readonly","https://www.googleapis.com/auth/firebase","https://www.googleapis.com/auth/cloud-platform"]
[debug] [2026-05-17T01:31:15.297Z] > authorizing via signed-in user (kthompson@socfoundry.com)
[debug] [2026-05-17T01:31:15.297Z] > command requires scopes: ["email","openid","https://www.googleapis.com/auth/cloudplatformprojects.readonly","https://www.googleapis.com/auth/firebase","https://www.googleapis.com/auth/cloud-platform"]
[debug] [2026-05-17T01:31:15.297Z] > authorizing via signed-in user (kthompson@socfoundry.com)
[debug] [2026-05-17T01:31:15.304Z] > command requires scopes: ["email","openid","https://www.googleapis.com/auth/cloudplatformprojects.readonly","https://www.googleapis.com/auth/firebase","https://www.googleapis.com/auth/cloud-platform"]
[debug] [2026-05-17T01:31:15.304Z] > authorizing via signed-in user (kthompson@socfoundry.com)
[debug] [2026-05-17T01:31:15.372Z] Checked if tokens are valid: false, expires at: 1776003429427
[debug] [2026-05-17T01:31:15.372Z] Checked if tokens are valid: false, expires at: 1776003429427
[debug] [2026-05-17T01:31:15.372Z] > refreshing access token with scopes: []
[debug] [2026-05-17T01:31:15.373Z] >>> [apiv2][query] POST https://www.googleapis.com/oauth2/v3/token [none]
[debug] [2026-05-17T01:31:15.373Z] >>> [apiv2][body] POST https://www.googleapis.com/oauth2/v3/token [omitted]
[debug] [2026-05-17T01:31:15.378Z] Checked if tokens are valid: false, expires at: 1776003429427
[debug] [2026-05-17T01:31:15.378Z] Checked if tokens are valid: false, expires at: 1776003429427
[debug] [2026-05-17T01:31:15.378Z] > refreshing access token with scopes: []
[debug] [2026-05-17T01:31:15.378Z] >>> [apiv2][query] POST https://www.googleapis.com/oauth2/v3/token [none]
[debug] [2026-05-17T01:31:15.378Z] >>> [apiv2][body] POST https://www.googleapis.com/oauth2/v3/token [omitted]
[debug] [2026-05-17T01:31:15.380Z] Checked if tokens are valid: false, expires at: 1776003429427
[debug] [2026-05-17T01:31:15.380Z] Checked if tokens are valid: false, expires at: 1776003429427
[debug] [2026-05-17T01:31:15.380Z] > refreshing access token with scopes: []
[debug] [2026-05-17T01:31:15.381Z] >>> [apiv2][query] POST https://www.googleapis.com/oauth2/v3/token [none]
[debug] [2026-05-17T01:31:15.381Z] >>> [apiv2][body] POST https://www.googleapis.com/oauth2/v3/token [omitted]
[debug] [2026-05-17T01:31:15.485Z] <<< [apiv2][status] POST https://www.googleapis.com/oauth2/v3/token 400
[debug] [2026-05-17T01:31:15.485Z] <<< [apiv2][body] POST https://www.googleapis.com/oauth2/v3/token [omitted]
[error] Authentication Error: Your credentials are no longer valid. Please run firebase login --reauth

For CI servers and headless environments, generate a new token with firebase login:ci
[error] Authentication Error: Your credentials are no longer valid. Please run firebase login --reauth

For CI servers and headless environments, generate a new token with firebase login:ci
[debug] [2026-05-17T01:31:15.488Z] <<< [apiv2][status] POST https://www.googleapis.com/oauth2/v3/token 400
[debug] [2026-05-17T01:31:15.489Z] <<< [apiv2][body] POST https://www.googleapis.com/oauth2/v3/token [omitted]
[error] Authentication Error: Your credentials are no longer valid. Please run firebase login --reauth

For CI servers and headless environments, generate a new token with firebase login:ci
[error] Authentication Error: Your credentials are no longer valid. Please run firebase login --reauth

For CI servers and headless environments, generate a new token with firebase login:ci
[debug] [2026-05-17T01:31:15.494Z] <<< [apiv2][status] POST https://www.googleapis.com/oauth2/v3/token 400
[debug] [2026-05-17T01:31:15.495Z] <<< [apiv2][body] POST https://www.googleapis.com/oauth2/v3/token [omitted]
[error] Authentication Error: Your credentials are no longer valid. Please run firebase login --reauth

For CI servers and headless environments, generate a new token with firebase login:ci
[error] Authentication Error: Your credentials are no longer valid. Please run firebase login --reauth

For CI servers and headless environments, generate a new token with firebase login:ci
[debug] [2026-05-17T01:31:15.526Z] > command requires scopes: ["email","openid","https://www.googleapis.com/auth/cloudplatformprojects.readonly","https://www.googleapis.com/auth/firebase","https://www.googleapis.com/auth/cloud-platform"]
[debug] [2026-05-17T01:31:15.527Z] > authorizing via signed-in user (kthompson@socfoundry.com)
[debug] [2026-05-17T01:31:15.527Z] > command requires scopes: ["email","openid","https://www.googleapis.com/auth/cloudplatformprojects.readonly","https://www.googleapis.com/auth/firebase","https://www.googleapis.com/auth/cloud-platform"]
[debug] [2026-05-17T01:31:15.527Z] > authorizing via signed-in user (kthompson@socfoundry.com)
[debug] [2026-05-17T01:31:15.535Z] > command requires scopes: ["email","openid","https://www.googleapis.com/auth/cloudplatformprojects.readonly","https://www.googleapis.com/auth/firebase","https://www.googleapis.com/auth/cloud-platform"]
[debug] [2026-05-17T01:31:15.535Z] > authorizing via signed-in user (kthompson@socfoundry.com)
[debug] [2026-05-17T01:31:15.535Z] >>> [apiv2][query] POST https://developerknowledge.googleapis.com/mcp [none]
[debug] [2026-05-17T01:31:15.535Z] >>> [apiv2][body] POST https://developerknowledge.googleapis.com/mcp {"method":"tools/list","jsonrpc":"2.0","id":1}
[debug] [2026-05-17T01:31:15.673Z] <<< [apiv2][status] POST https://developerknowledge.googleapis.com/mcp 200
[debug] [2026-05-17T01:31:15.673Z] <<< [apiv2][body] POST https://developerknowledge.googleapis.com/mcp {"id":1,"jsonrpc":"2.0","result":{"tools":[{"annotations":{"destructiveHint":false,"idempotentHint":true,"openWorldHint":false,"readOnlyHint":true},"description":"Use this tool to find documentation about Google developer products. The documents contain official APIs, code snippets, release notes, best practices, guides, debugging info, and more. It covers the following products and domains:\n\n\n* ADK: adk.dev\n\n* Android: developer.android.com\n\n* Apigee: docs.apigee.com\n\n* Chrome: developer.chrome.com\n\n* Firebase: firebase.google.com\n\n* Fuchsia: fuchsia.dev\n\n* Gemini CLI: geminicli.com\n\n* Go: go.dev\n\n* Google AI: ai.google.dev\n\n* Google Antigravity: antigravity.google\n\n* Google Cloud: docs.cloud.google.com\n\n* Google Developers, Ads, Search, Google Maps, Youtube: developers.google.com\n\n* Google Home: developers.home.google.com\n\n* TensorFlow: www.tensorflow.org\n\n* Web: web.dev\n\n\nThis tool returns chunks of text, names, and URLs for matching documents. If the returned chunks are not detailed enough to answer the user's question, use `get_documents` with the `parent` from this tool's output to retrieve the full document content.\n","inputSchema":{"description":"Request schema for search_documents. Use the query field to search for related Google developer documentation.","properties":{"query":{"description":"Required. The raw query string provided by the user, such as \"How to create a Cloud Storage bucket?\".","type":"string"}},"required":["query"],"type":"object"},"name":"search_documents","outputSchema":{"$defs":{"DocumentChunk":{"description":"A DocumentChunk represents a piece of content from a Document in the DeveloperKnowledge corpus. To fetch the entire document content, pass the `parent` to get_document or batch_get_documents.","properties":{"content":{"description":"Output only. The content of the document chunk.","readOnly":true,"type":"string"},"id":{"description":"Output only. The ID of this chunk within the document. The chunk ID is unique within a document, but not globally unique across documents. The chunk ID is not stable and may change over time.","readOnly":true,"type":"string"},"parent":{"description":"Output only. The resource name of the document this chunk is from. Format: `documents/{uri_without_scheme}` Example: `documents/docs.cloud.google.com/storage/docs/creating-buckets`","readOnly":true,"type":"string"}},"type":"object"}},"description":"Response schema for search_documents.","properties":{"results":{"description":"The search results for the given query. Each Document in this list contains a snippet of content relevant to the search query. Use the DocumentChunk.name field of each result with get_documents to retrieve the full document content.","items":{"$ref":"#/$defs/DocumentChunk"},"type":"array"}},"type":"object"}},{"annotations":{"destructiveHint":false,"idempotentHint":true,"openWorldHint":false,"readOnlyHint":true},"description":"Use answer_query to get a grounded answer to a query about Google developer products. This tool has limited quota. This tool will synthesize information from the corpus to generate an answer to the query. answer_query grounds answers using the same corpus as search_documents. If you get a 429 out of quota error, use search_documents instead.","inputSchema":{"description":"Request message for AnswerQuery.","properties":{"query":{"description":"Required. The query to answer.","type":"string"}},"required":["query"],"type":"object"},"name":"answer_query","outputSchema":{"description":"Response message for AnswerQuery.","properties":{"answerText":{"description":"The answer to the query.","type":"string"}},"type":"object"}},{"annotations":{"destructiveHint":false,"idempotentHint":true,"openWorldHint":false,"readOnlyHint":true},"description":"Use this tool to retrieve the full content of a single document or up to 20 documents in a single call. The document names should be obtained from the `parent` field of results from a call to the `search_documents` tool. Set the `names` parameter to a list of document names.","inputSchema":{"description":"Request schema for get_documents.","properties":{"names":{"description":"Required. The names of the documents to retrieve, as returned by search_documents. A maximum of 20 documents can be retrieved in one call. The documents are returned in the same order as the `names` in the request. Format: `documents/{uri_without_scheme}` Example: `documents/docs.cloud.google.com/storage/docs/creating-buckets`","items":{"type":"string"},"type":"array"}},"required":["names"],"type":"object"},"name":"get_documents","outputSchema":{"$defs":{"Document":{"description":"A Document represents a piece of content from the Developer Knowledge corpus.","properties":{"content":{"description":"Output only. The content of the document in Markdown format.","readOnly":true,"type":"string"},"description":{"description":"Output only. A description of the document.","readOnly":true,"type":"string"},"name":{"description":"Identifier. The resource name of the document. Format: `documents/{uri_without_scheme}` Example: `documents/docs.cloud.google.com/storage/docs/creating-buckets`","type":"string","x-google-identifier":true},"title":{"description":"Output only. The title of the document.","readOnly":true,"type":"string"},"uri":{"description":"Output only. The URI of the content, such as `https://cloud.google.com/storage/docs/creating-buckets`.","readOnly":true,"type":"string"}},"type":"object"}},"description":"Response schema for get_documents.","properties":{"documents":{"description":"Documents requested.","items":{"$ref":"#/$defs/Document"},"type":"array"}},"type":"object"}}]}}
[debug] [2026-05-17T01:31:15.674Z] > command requires scopes: ["email","openid","https://www.googleapis.com/auth/cloudplatformprojects.readonly","https://www.googleapis.com/auth/firebase","https://www.googleapis.com/auth/cloud-platform"]
[debug] [2026-05-17T01:31:15.674Z] > authorizing via signed-in user (kthompson@socfoundry.com)
[debug] [2026-05-17T01:31:56.630Z] > command requires scopes: ["email","openid","https://www.googleapis.com/auth/cloudplatformprojects.readonly","https://www.googleapis.com/auth/firebase","https://www.googleapis.com/auth/cloud-platform"]
[debug] [2026-05-17T01:31:56.631Z] > authorizing via signed-in user (kthompson@socfoundry.com)
[debug] [2026-05-17T01:31:56.631Z] > command requires scopes: ["email","openid","https://www.googleapis.com/auth/cloudplatformprojects.readonly","https://www.googleapis.com/auth/firebase","https://www.googleapis.com/auth/cloud-platform"]
[debug] [2026-05-17T01:31:56.631Z] > authorizing via signed-in user (kthompson@socfoundry.com)
[debug] [2026-05-17T01:31:56.639Z] > command requires scopes: ["email","openid","https://www.googleapis.com/auth/cloudplatformprojects.readonly","https://www.googleapis.com/auth/firebase","https://www.googleapis.com/auth/cloud-platform"]
[debug] [2026-05-17T01:31:56.640Z] > authorizing via signed-in user (kthompson@socfoundry.com)
[debug] [2026-05-17T01:31:56.736Z] Checked if tokens are valid: false, expires at: 1776003429427
[debug] [2026-05-17T01:31:56.736Z] Checked if tokens are valid: false, expires at: 1776003429427
[debug] [2026-05-17T01:31:56.736Z] > refreshing access token with scopes: []
[debug] [2026-05-17T01:31:56.737Z] >>> [apiv2][query] POST https://www.googleapis.com/oauth2/v3/token [none]
[debug] [2026-05-17T01:31:56.737Z] >>> [apiv2][body] POST https://www.googleapis.com/oauth2/v3/token [omitted]
[debug] [2026-05-17T01:31:56.740Z] Checked if tokens are valid: false, expires at: 1776003429427
[debug] [2026-05-17T01:31:56.740Z] Checked if tokens are valid: false, expires at: 1776003429427
[debug] [2026-05-17T01:31:56.740Z] > refreshing access token with scopes: []
[debug] [2026-05-17T01:31:56.740Z] >>> [apiv2][query] POST https://www.googleapis.com/oauth2/v3/token [none]
[debug] [2026-05-17T01:31:56.740Z] >>> [apiv2][body] POST https://www.googleapis.com/oauth2/v3/token [omitted]
[debug] [2026-05-17T01:31:56.745Z] Checked if tokens are valid: false, expires at: 1776003429427
[debug] [2026-05-17T01:31:56.745Z] Checked if tokens are valid: false, expires at: 1776003429427
[debug] [2026-05-17T01:31:56.745Z] > refreshing access token with scopes: []
[debug] [2026-05-17T01:31:56.746Z] >>> [apiv2][query] POST https://www.googleapis.com/oauth2/v3/token [none]
[debug] [2026-05-17T01:31:56.746Z] >>> [apiv2][body] POST https://www.googleapis.com/oauth2/v3/token [omitted]
[debug] [2026-05-17T01:31:56.869Z] <<< [apiv2][status] POST https://www.googleapis.com/oauth2/v3/token 400
[debug] [2026-05-17T01:31:56.869Z] <<< [apiv2][body] POST https://www.googleapis.com/oauth2/v3/token [omitted]
[error] Authentication Error: Your credentials are no longer valid. Please run firebase login --reauth

For CI servers and headless environments, generate a new token with firebase login:ci
[error] Authentication Error: Your credentials are no longer valid. Please run firebase login --reauth

For CI servers and headless environments, generate a new token with firebase login:ci
[debug] [2026-05-17T01:31:56.870Z] <<< [apiv2][status] POST https://www.googleapis.com/oauth2/v3/token 400
[debug] [2026-05-17T01:31:56.870Z] <<< [apiv2][body] POST https://www.googleapis.com/oauth2/v3/token [omitted]
[error] Authentication Error: Your credentials are no longer valid. Please run firebase login --reauth

For CI servers and headless environments, generate a new token with firebase login:ci
[error] Authentication Error: Your credentials are no longer valid. Please run firebase login --reauth

For CI servers and headless environments, generate a new token with firebase login:ci
[debug] [2026-05-17T01:31:56.883Z] <<< [apiv2][status] POST https://www.googleapis.com/oauth2/v3/token 400
[debug] [2026-05-17T01:31:56.883Z] <<< [apiv2][body] POST https://www.googleapis.com/oauth2/v3/token [omitted]
[error] Authentication Error: Your credentials are no longer valid. Please run firebase login --reauth

For CI servers and headless environments, generate a new token with firebase login:ci
[error] Authentication Error: Your credentials are no longer valid. Please run firebase login --reauth

For CI servers and headless environments, generate a new token with firebase login:ci
[debug] [2026-05-17T01:31:56.911Z] > command requires scopes: ["email","openid","https://www.googleapis.com/auth/cloudplatformprojects.readonly","https://www.googleapis.com/auth/firebase","https://www.googleapis.com/auth/cloud-platform"]
[debug] [2026-05-17T01:31:56.911Z] > authorizing via signed-in user (kthompson@socfoundry.com)
[debug] [2026-05-17T01:31:56.912Z] > command requires scopes: ["email","openid","https://www.googleapis.com/auth/cloudplatformprojects.readonly","https://www.googleapis.com/auth/firebase","https://www.googleapis.com/auth/cloud-platform"]
[debug] [2026-05-17T01:31:56.912Z] > authorizing via signed-in user (kthompson@socfoundry.com)
[debug] [2026-05-17T01:31:56.927Z] > command requires scopes: ["email","openid","https://www.googleapis.com/auth/cloudplatformprojects.readonly","https://www.googleapis.com/auth/firebase","https://www.googleapis.com/auth/cloud-platform"]
[debug] [2026-05-17T01:31:56.927Z] > authorizing via signed-in user (kthompson@socfoundry.com)
[debug] [2026-05-17T01:31:56.928Z] >>> [apiv2][query] POST https://developerknowledge.googleapis.com/mcp [none]
[debug] [2026-05-17T01:31:56.928Z] >>> [apiv2][body] POST https://developerknowledge.googleapis.com/mcp {"method":"tools/list","jsonrpc":"2.0","id":1}
[debug] [2026-05-17T01:31:57.045Z] <<< [apiv2][status] POST https://developerknowledge.googleapis.com/mcp 200
[debug] [2026-05-17T01:31:57.045Z] <<< [apiv2][body] POST https://developerknowledge.googleapis.com/mcp {"id":1,"jsonrpc":"2.0","result":{"tools":[{"annotations":{"destructiveHint":false,"idempotentHint":true,"openWorldHint":false,"readOnlyHint":true},"description":"Use this tool to find documentation about Google developer products. The documents contain official APIs, code snippets, release notes, best practices, guides, debugging info, and more. It covers the following products and domains:\n\n\n* ADK: adk.dev\n\n* Android: developer.android.com\n\n* Apigee: docs.apigee.com\n\n* Chrome: developer.chrome.com\n\n* Firebase: firebase.google.com\n\n* Fuchsia: fuchsia.dev\n\n* Gemini CLI: geminicli.com\n\n* Go: go.dev\n\n* Google AI: ai.google.dev\n\n* Google Antigravity: antigravity.google\n\n* Google Cloud: docs.cloud.google.com\n\n* Google Developers, Ads, Search, Google Maps, Youtube: developers.google.com\n\n* Google Home: developers.home.google.com\n\n* TensorFlow: www.tensorflow.org\n\n* Web: web.dev\n\n\nThis tool returns chunks of text, names, and URLs for matching documents. If the returned chunks are not detailed enough to answer the user's question, use `get_documents` with the `parent` from this tool's output to retrieve the full document content.\n","inputSchema":{"description":"Request schema for search_documents. Use the query field to search for related Google developer documentation.","properties":{"query":{"description":"Required. The raw query string provided by the user, such as \"How to create a Cloud Storage bucket?\".","type":"string"}},"required":["query"],"type":"object"},"name":"search_documents","outputSchema":{"$defs":{"DocumentChunk":{"description":"A DocumentChunk represents a piece of content from a Document in the DeveloperKnowledge corpus. To fetch the entire document content, pass the `parent` to get_document or batch_get_documents.","properties":{"content":{"description":"Output only. The content of the document chunk.","readOnly":true,"type":"string"},"id":{"description":"Output only. The ID of this chunk within the document. The chunk ID is unique within a document, but not globally unique across documents. The chunk ID is not stable and may change over time.","readOnly":true,"type":"string"},"parent":{"description":"Output only. The resource name of the document this chunk is from. Format: `documents/{uri_without_scheme}` Example: `documents/docs.cloud.google.com/storage/docs/creating-buckets`","readOnly":true,"type":"string"}},"type":"object"}},"description":"Response schema for search_documents.","properties":{"results":{"description":"The search results for the given query. Each Document in this list contains a snippet of content relevant to the search query. Use the DocumentChunk.name field of each result with get_documents to retrieve the full document content.","items":{"$ref":"#/$defs/DocumentChunk"},"type":"array"}},"type":"object"}},{"annotations":{"destructiveHint":false,"idempotentHint":true,"openWorldHint":false,"readOnlyHint":true},"description":"Use answer_query to get a grounded answer to a query about Google developer products. This tool has limited quota. This tool will synthesize information from the corpus to generate an answer to the query. answer_query grounds answers using the same corpus as search_documents. If you get a 429 out of quota error, use search_documents instead.","inputSchema":{"description":"Request message for AnswerQuery.","properties":{"query":{"description":"Required. The query to answer.","type":"string"}},"required":["query"],"type":"object"},"name":"answer_query","outputSchema":{"description":"Response message for AnswerQuery.","properties":{"answerText":{"description":"The answer to the query.","type":"string"}},"type":"object"}},{"annotations":{"destructiveHint":false,"idempotentHint":true,"openWorldHint":false,"readOnlyHint":true},"description":"Use this tool to retrieve the full content of a single document or up to 20 documents in a single call. The document names should be obtained from the `parent` field of results from a call to the `search_documents` tool. Set the `names` parameter to a list of document names.","inputSchema":{"description":"Request schema for get_documents.","properties":{"names":{"description":"Required. The names of the documents to retrieve, as returned by search_documents. A maximum of 20 documents can be retrieved in one call. The documents are returned in the same order as the `names` in the request. Format: `documents/{uri_without_scheme}` Example: `documents/docs.cloud.google.com/storage/docs/creating-buckets`","items":{"type":"string"},"type":"array"}},"required":["names"],"type":"object"},"name":"get_documents","outputSchema":{"$defs":{"Document":{"description":"A Document represents a piece of content from the Developer Knowledge corpus.","properties":{"content":{"description":"Output only. The content of the document in Markdown format.","readOnly":true,"type":"string"},"description":{"description":"Output only. A description of the document.","readOnly":true,"type":"string"},"name":{"description":"Identifier. The resource name of the document. Format: `documents/{uri_without_scheme}` Example: `documents/docs.cloud.google.com/storage/docs/creating-buckets`","type":"string","x-google-identifier":true},"title":{"description":"Output only. The title of the document.","readOnly":true,"type":"string"},"uri":{"description":"Output only. The URI of the content, such as `https://cloud.google.com/storage/docs/creating-buckets`.","readOnly":true,"type":"string"}},"type":"object"}},"description":"Response schema for get_documents.","properties":{"documents":{"description":"Documents requested.","items":{"$ref":"#/$defs/Document"},"type":"array"}},"type":"object"}}]}}
[debug] [2026-05-17T01:31:57.046Z] > command requires scopes: ["email","openid","https://www.googleapis.com/auth/cloudplatformprojects.readonly","https://www.googleapis.com/auth/firebase","https://www.googleapis.com/auth/cloud-platform"]
[debug] [2026-05-17T01:31:57.046Z] > authorizing via signed-in user (kthompson@socfoundry.com)
